CREATE DATABASE  IF NOT EXISTS `airbnb` /*!40100 DEFAULT CHARACTER SET utf8mb4 COLLATE utf8mb4_0900_ai_ci */ /*!80016 DEFAULT ENCRYPTION='N' */;
USE `airbnb`;
-- MySQL dump 10.13  Distrib 8.0.19, for macos10.15 (x86_64)
--
-- Host: localhost    Database: airbnb
-- ------------------------------------------------------
-- Server version	8.0.19

/*!40101 SET @OLD_CHARACTER_SET_CLIENT=@@CHARACTER_SET_CLIENT */;
/*!40101 SET @OLD_CHARACTER_SET_RESULTS=@@CHARACTER_SET_RESULTS */;
/*!40101 SET @OLD_COLLATION_CONNECTION=@@COLLATION_CONNECTION */;
/*!50503 SET NAMES utf8 */;
/*!40103 SET @OLD_TIME_ZONE=@@TIME_ZONE */;
/*!40103 SET TIME_ZONE='+00:00' */;
/*!40014 SET @OLD_UNIQUE_CHECKS=@@UNIQUE_CHECKS, UNIQUE_CHECKS=0 */;
/*!40014 SET @OLD_FOREIGN_KEY_CHECKS=@@FOREIGN_KEY_CHECKS, FOREIGN_KEY_CHECKS=0 */;
/*!40101 SET @OLD_SQL_MODE=@@SQL_MODE, SQL_MODE='NO_AUTO_VALUE_ON_ZERO' */;
/*!40111 SET @OLD_SQL_NOTES=@@SQL_NOTES, SQL_NOTES=0 */;

--
-- Table structure for table `about_house`
--

DROP TABLE IF EXISTS `about_house`;
/*!40101 SET @saved_cs_client     = @@character_set_client */;
/*!50503 SET character_set_client = utf8mb4 */;
CREATE TABLE `about_house` (
  `ad_id` int unsigned NOT NULL,
  `max_guests` int unsigned NOT NULL,
  `beds` int unsigned NOT NULL,
  `bedrooms` int unsigned NOT NULL,
  `bathrooms` int unsigned NOT NULL,
  KEY `about_house_ad_id` (`ad_id`),
  CONSTRAINT `about_house_ad_id` FOREIGN KEY (`ad_id`) REFERENCES `ads` (`id`)
) ENGINE=InnoDB DEFAULT CHARSET=utf8 COLLATE=utf8_unicode_ci;
/*!40101 SET character_set_client = @saved_cs_client */;

--
-- Dumping data for table `about_house`
--

LOCK TABLES `about_house` WRITE;
/*!40000 ALTER TABLE `about_house` DISABLE KEYS */;
INSERT INTO `about_house` VALUES (1,2,6,4,4),(2,3,6,4,2),(3,6,6,3,3),(4,5,5,6,1),(5,4,4,4,1),(6,6,3,3,2),(7,6,3,6,3),(8,1,6,1,3),(9,6,6,3,3),(10,5,2,4,4),(11,6,5,3,1),(12,2,1,4,2),(13,4,3,1,2),(14,1,6,1,1),(15,2,2,6,4),(16,1,6,5,2),(17,1,1,2,2),(18,2,5,1,1),(19,2,1,3,3),(20,5,2,3,2),(21,3,4,5,2),(22,3,1,6,1),(23,2,2,6,2),(24,2,6,6,4),(25,2,4,5,1),(26,1,1,3,4),(27,3,3,4,3),(28,1,2,3,2),(29,6,2,1,4),(30,1,6,4,1),(31,3,4,6,4),(32,3,2,3,1),(33,6,6,4,4),(34,5,3,3,2),(35,2,4,3,2),(36,2,6,5,2),(37,5,2,3,3),(38,6,6,4,2),(39,1,2,6,1),(40,1,2,5,4),(41,5,3,1,1),(42,3,6,3,3),(43,2,6,3,4),(44,1,4,5,1),(45,1,6,5,1),(46,2,1,1,1),(47,5,1,6,4),(48,5,3,3,1),(49,4,5,2,1),(50,5,5,2,1),(51,5,5,3,1),(52,5,5,6,1),(53,1,4,6,4),(54,5,6,6,4),(55,4,3,3,3),(56,5,1,6,2),(57,4,2,4,2),(58,5,1,4,2),(59,3,1,5,3),(60,2,3,1,2),(61,6,4,5,2),(62,4,3,6,2),(63,1,3,6,2),(64,6,5,5,4),(65,5,2,1,3),(66,1,3,4,2),(67,1,2,2,3),(68,5,1,5,2),(69,6,6,3,3),(70,1,5,3,3),(71,6,6,2,3),(72,3,5,1,2),(73,2,5,4,4),(74,2,3,6,4),(75,2,6,1,1),(76,2,1,2,1),(77,4,5,2,4),(78,2,5,3,4),(79,6,6,6,4),(80,6,1,1,3),(81,6,5,3,1),(82,5,3,6,4),(83,1,6,1,4),(84,4,6,3,1),(85,1,2,3,1),(86,2,5,3,3),(87,4,5,5,4),(88,6,5,5,2),(89,5,3,1,1),(90,2,5,4,2),(91,5,6,5,3),(92,4,4,1,3),(93,5,1,5,1),(94,3,1,1,2),(95,4,1,4,3),(96,1,3,4,3),(97,6,2,2,3),(98,6,4,6,1),(99,3,6,2,3),(100,6,2,5,4);
/*!40000 ALTER TABLE `about_house` ENABLE KEYS */;
UNLOCK TABLES;

--
-- Table structure for table `ads`
--

DROP TABLE IF EXISTS `ads`;
/*!40101 SET @saved_cs_client     = @@character_set_client */;
/*!50503 SET character_set_client = utf8mb4 */;
CREATE TABLE `ads` (
  `id` int unsigned NOT NULL AUTO_INCREMENT,
  `user_id` int unsigned NOT NULL,
  `heading` text,
  `city_id` int unsigned NOT NULL,
  `country_id` int unsigned NOT NULL,
  `street` varchar(255) DEFAULT NULL,
  `house_number` int unsigned DEFAULT NULL,
  `apartment_number` int unsigned DEFAULT NULL,
  `house_type_id` int unsigned NOT NULL,
  `price` int unsigned NOT NULL,
  `check_in` time DEFAULT NULL,
  `checkout` time DEFAULT NULL,
  `is_active` tinyint(1) DEFAULT NULL,
  `created_at` datetime DEFAULT CURRENT_TIMESTAMP,
  `updated_at` datetime DEFAULT CURRENT_TIMESTAMP ON UPDATE CURRENT_TIMESTAMP,
  PRIMARY KEY (`id`),
  KEY `ads_city_id_fk` (`city_id`),
  KEY `ads_country_id_fk` (`country_id`),
  KEY `ads_user_id_city_id_country_id_idx` (`user_id`,`city_id`,`country_id`),
  KEY `ads_house_type_id_fk` (`house_type_id`),
  CONSTRAINT `ads_city_id_fk` FOREIGN KEY (`city_id`) REFERENCES `cities` (`id`),
  CONSTRAINT `ads_country_id_fk` FOREIGN KEY (`country_id`) REFERENCES `countries` (`id`),
  CONSTRAINT `ads_house_type_id_fk` FOREIGN KEY (`house_type_id`) REFERENCES `houses_types` (`id`),
  CONSTRAINT `ads_user_id_fk` FOREIGN KEY (`user_id`) REFERENCES `users` (`id`)
) ENGINE=InnoDB AUTO_INCREMENT=101 DEFAULT CHARSET=utf8mb4 COLLATE=utf8mb4_0900_ai_ci;
/*!40101 SET character_set_client = @saved_cs_client */;

--
-- Dumping data for table `ads`
--

LOCK TABLES `ads` WRITE;
/*!40000 ALTER TABLE `ads` DISABLE KEYS */;
INSERT INTO `ads` VALUES (1,1,'Temporibus quas eos temporibus.',1,1,'Tommie Isle',171,30,2,74,'06:58:55','10:02:01',1,'2017-10-05 04:33:29','2020-03-27 18:07:42'),(2,2,'Quo corporis aperiam veniam et numquam reiciendis.',2,2,'Mariela Unions',124,166,1,943,'20:53:47','23:22:55',0,'2015-06-07 18:36:22','2020-03-27 18:07:42'),(3,3,'Neque deleniti optio deserunt rem nihil modi quaerat.',3,3,'Mosciski Meadow',77,66,2,492,'09:01:28','18:07:03',1,'2018-06-03 23:43:10','2020-03-27 18:07:42'),(4,4,'Vero dignissimos quo magnam nobis deleniti porro.',4,4,'Casey Ford',3,112,2,631,'02:12:31','16:42:04',1,'2019-02-02 04:05:40','2020-03-27 18:07:42'),(5,5,'Modi optio accusantium aliquam nisi unde maxime.',5,5,'Adelbert Shoal',130,26,2,678,'11:16:43','20:58:10',1,'2018-12-14 01:48:39','2020-03-27 18:07:42'),(6,6,'Minima aliquam odit ratione eos autem.',6,6,'Grant Plains',105,199,2,496,'04:18:09','08:16:33',1,'2017-06-28 23:50:42','2020-03-27 18:07:42'),(7,7,'Quia et repellendus dolor architecto.',7,7,'Miracle Divide',137,53,2,445,'02:57:03','00:37:32',0,'2014-12-11 09:14:19','2020-03-27 18:07:42'),(8,8,'Eum iste cupiditate aut sunt.',8,8,'Linwood Views',15,192,1,737,'21:57:50','23:15:53',0,'2011-10-20 04:53:26','2020-03-27 18:07:42'),(9,9,'Molestias autem ut cupiditate vero cupiditate labore.',9,9,'Harris Trail',35,52,3,350,'08:16:19','18:44:04',1,'2019-05-19 12:00:18','2020-03-27 18:07:42'),(10,10,'Occaecati tenetur quo veniam occaecati rerum sunt dolor.',10,10,'McGlynn Heights',52,97,2,539,'21:39:36','06:41:34',0,'2011-11-26 22:35:11','2020-03-27 18:07:42'),(11,11,'Sed id ut quis aliquam ut dolor enim reprehenderit.',11,11,'Bernhard Centers',184,118,3,646,'11:49:27','12:08:39',1,'2018-10-13 04:29:28','2020-03-27 18:07:42'),(12,12,'Dolor provident sint veritatis nesciunt.',12,12,'Sylvester Flats',7,148,3,610,'23:34:59','18:17:29',0,'2019-07-01 13:24:22','2020-03-27 18:07:42'),(13,13,'Exercitationem ut officia dolor ea quidem sit quod laboriosam.',13,13,'Lemke Turnpike',166,165,3,111,'06:38:36','08:10:23',1,'2018-07-09 01:50:59','2020-03-27 18:07:42'),(14,14,'Harum totam sit at placeat.',14,14,'Wintheiser Ports',122,147,3,727,'23:29:15','09:05:01',1,'2017-12-27 15:48:07','2020-03-27 18:07:42'),(15,15,'Voluptas sed quibusdam odio eos voluptatem nam voluptatem.',15,15,'Cummings Shores',54,118,3,300,'22:47:52','10:55:07',1,'2013-10-23 20:21:05','2020-03-27 18:07:42'),(16,16,'Delectus ratione modi facere veritatis aperiam voluptatem quia.',16,16,'Abdiel Stravenue',120,136,2,318,'07:08:28','03:59:52',0,'2011-10-11 10:39:01','2020-03-27 18:07:42'),(17,17,'Cum animi excepturi corrupti sapiente deserunt.',17,17,'Ritchie Landing',101,117,1,688,'10:48:29','04:26:19',1,'2016-08-11 03:46:55','2020-03-27 18:07:42'),(18,18,'Aliquam veniam mollitia quisquam aut iure mollitia.',18,18,'Hermiston Flats',96,65,3,487,'00:10:16','12:34:28',1,'2015-07-12 04:33:13','2020-03-27 18:07:42'),(19,19,'Est in omnis non amet ut id laudantium.',19,19,'Senger Ville',198,76,1,369,'13:57:34','11:04:09',0,'2018-05-21 02:13:31','2020-03-27 18:07:42'),(20,20,'Debitis est et facilis adipisci.',20,20,'Candace Plains',22,36,2,384,'04:03:42','15:09:50',0,'2013-05-12 00:45:52','2020-03-27 18:07:42'),(21,21,'Quasi itaque eaque eius quia rerum labore unde quam.',21,21,'McCullough Shoals',39,70,1,813,'14:39:44','05:43:58',1,'2011-03-12 04:02:10','2020-03-27 18:07:42'),(22,22,'Velit et qui et aliquid qui.',22,22,'Ruben Mission',3,178,2,913,'04:23:01','07:18:44',1,'2015-11-29 07:53:43','2020-03-27 18:07:42'),(23,23,'Enim provident in est libero.',23,23,'Waelchi Flat',200,104,1,123,'01:50:23','10:12:22',0,'2014-05-02 12:59:28','2020-03-27 18:07:42'),(24,24,'In molestias autem et non qui qui sed nemo.',24,24,'Anahi Heights',137,71,3,877,'09:43:17','22:14:46',0,'2017-11-04 23:15:51','2020-03-27 18:07:42'),(25,25,'Saepe tempore quia voluptas officia beatae culpa dolor.',25,25,'Audrey Stravenue',178,150,3,14,'11:09:55','07:44:44',0,'2013-01-16 03:08:03','2020-03-27 18:07:42'),(26,26,'Quia necessitatibus voluptas reprehenderit repudiandae aut explicabo.',26,26,'Hoppe Fall',186,117,2,440,'10:16:23','08:54:13',0,'2013-11-01 19:54:23','2020-03-27 18:07:42'),(27,27,'Optio in dolores tenetur.',27,27,'Wilford Ridge',140,184,1,157,'05:41:06','02:15:06',1,'2013-12-30 20:26:52','2020-03-27 18:07:42'),(28,28,'Non facilis magnam repellendus quis impedit hic velit repellat.',28,28,'King Crossroad',189,79,1,463,'02:19:53','03:38:02',1,'2015-12-24 10:36:17','2020-03-27 18:07:42'),(29,29,'Non cum enim nemo.',29,29,'Frami Spurs',73,57,2,845,'19:48:43','05:35:52',1,'2013-02-07 02:02:45','2020-03-27 18:07:42'),(30,30,'Esse rerum et nulla ut et unde repudiandae doloremque.',30,30,'Claude Throughway',176,93,3,837,'16:03:45','22:50:13',0,'2017-06-03 06:45:04','2020-03-27 18:07:42'),(31,31,'Provident facere animi nemo est cum.',31,31,'Cecil Summit',12,136,1,647,'04:25:43','05:05:39',1,'2019-01-13 15:34:48','2020-03-27 18:07:42'),(32,32,'Mollitia a velit molestiae.',32,32,'Schimmel Road',29,100,1,725,'06:20:00','02:58:00',0,'2011-12-12 11:38:45','2020-03-27 18:07:42'),(33,33,'In corrupti quia sunt doloremque quasi aut sapiente.',33,33,'Hane Pike',54,61,2,682,'03:34:39','01:21:16',1,'2012-07-28 02:26:50','2020-03-27 18:07:42'),(34,34,'Sint aut eos sapiente repudiandae et.',34,34,'Cassin Lane',8,181,2,237,'03:57:14','17:51:28',0,'2016-10-15 18:38:54','2020-03-27 18:07:42'),(35,35,'Reprehenderit nobis et porro rem nihil quis tempora aut.',35,35,'Jevon Coves',34,69,2,138,'00:02:07','03:55:52',1,'2010-05-27 18:01:13','2020-03-27 18:07:42'),(36,36,'Temporibus aut libero aut rerum exercitationem quo dolor.',36,36,'Fahey Walk',75,186,3,980,'20:09:03','14:51:50',0,'2017-02-24 04:54:54','2020-03-27 18:07:42'),(37,37,'Soluta et dolorum sit voluptates.',37,37,'Rosina Forks',195,113,3,482,'13:47:40','22:22:29',0,'2015-06-26 20:42:21','2020-03-27 18:07:42'),(38,38,'Beatae sit non minus ea commodi.',38,38,'Marquardt Greens',192,36,3,472,'10:42:28','18:12:39',0,'2019-11-17 13:42:33','2020-03-27 18:07:42'),(39,39,'Eveniet sapiente illum non molestiae in minus.',39,39,'Alejandrin Center',33,117,2,913,'17:38:57','20:57:11',0,'2015-06-01 06:15:04','2020-03-27 18:07:42'),(40,40,'Voluptatum mollitia mollitia necessitatibus eveniet incidunt molestias perspiciatis.',40,40,'Jaquan Circles',78,93,1,150,'07:23:31','04:21:42',0,'2012-08-22 20:24:26','2020-03-27 18:07:42'),(41,41,'Et ipsum ad natus omnis.',41,41,'Selina Extensions',32,124,3,9,'21:40:42','02:24:26',0,'2015-09-18 18:20:50','2020-03-27 18:07:42'),(42,42,'Odio nihil aut explicabo ut reiciendis qui earum.',42,42,'Leannon Shores',32,4,2,594,'17:26:32','21:04:24',1,'2020-02-24 23:20:17','2020-03-27 18:07:42'),(43,43,'Mollitia quia et pariatur.',43,43,'Genoveva Row',176,170,2,943,'23:15:07','19:03:51',0,'2015-03-01 09:38:43','2020-03-27 18:07:42'),(44,44,'Ad voluptas nulla provident nobis occaecati.',44,44,'Larkin Ville',138,68,1,933,'08:42:00','11:49:43',1,'2011-01-28 02:31:03','2020-03-27 18:07:42'),(45,45,'Omnis autem qui veritatis qui.',45,45,'Dakota Creek',20,175,2,834,'11:51:55','11:48:44',0,'2019-02-19 12:43:51','2020-03-27 18:07:42'),(46,46,'Facilis eos qui ut consequatur iste.',46,46,'Caleb Motorway',92,114,3,369,'16:49:15','16:19:21',0,'2010-09-19 04:45:12','2020-03-27 18:07:42'),(47,47,'Quia dolore non placeat numquam laborum repellat.',47,47,'Fahey Parks',177,167,3,346,'03:16:29','02:11:43',1,'2013-05-09 16:18:17','2020-03-27 18:07:42'),(48,48,'Exercitationem ut porro corporis aperiam et aut.',48,48,'Nienow Estate',115,121,3,622,'13:16:53','00:57:19',1,'2012-12-10 06:00:28','2020-03-27 18:07:42'),(49,49,'Voluptates et eum eum ut eius dignissimos.',49,49,'Keyon Parks',125,12,3,69,'05:34:17','21:14:35',1,'2010-06-01 20:17:40','2020-03-27 18:07:42'),(50,50,'Quae veniam inventore velit ea ullam et.',50,50,'Kris Ferry',41,179,1,480,'16:14:37','22:49:55',0,'2016-10-12 00:40:42','2020-03-27 18:07:42'),(51,51,'Rerum est facilis blanditiis soluta.',51,51,'Zella Circles',168,80,3,193,'21:09:50','05:18:37',1,'2013-11-22 23:53:52','2020-03-27 18:07:42'),(52,52,'Et aliquid ea dolor distinctio modi.',52,52,'Hettinger Streets',18,170,2,525,'05:13:47','09:16:22',1,'2014-09-07 01:24:42','2020-03-27 18:07:42'),(53,53,'Non est esse exercitationem animi qui sit at veritatis.',53,53,'Franecki Crescent',155,126,2,47,'06:05:30','07:52:39',1,'2019-02-09 04:44:24','2020-03-27 18:07:42'),(54,54,'Tempora exercitationem earum aliquid sit.',54,54,'West Trail',83,85,2,656,'04:55:11','10:01:40',1,'2011-04-11 23:13:51','2020-03-27 18:07:42'),(55,55,'Nesciunt quis expedita ratione animi beatae.',55,55,'Faustino Fort',102,160,3,139,'17:41:35','04:24:52',1,'2017-05-21 20:17:04','2020-03-27 18:07:42'),(56,56,'Aliquam sunt vitae qui dignissimos eos et.',56,56,'Jocelyn Locks',158,90,2,729,'10:45:44','08:28:56',1,'2011-03-06 17:36:14','2020-03-27 18:07:42'),(57,57,'Accusantium repudiandae ea ratione laborum.',57,57,'Monroe Rapids',106,72,3,226,'16:44:37','07:13:14',0,'2015-02-27 09:32:02','2020-03-27 18:07:42'),(58,58,'Qui nobis repudiandae aut magnam.',58,58,'Natalie Harbors',150,49,1,942,'17:59:16','18:58:13',1,'2013-08-04 22:20:55','2020-03-27 18:07:42'),(59,59,'Quidem aut qui omnis aut nihil non vel unde.',59,59,'Elody Spur',146,106,1,31,'20:13:12','13:43:25',0,'2017-04-18 01:34:07','2020-03-27 18:07:42'),(60,60,'Placeat id numquam dolores ea ipsum vel provident.',60,60,'Heloise Branch',172,32,2,327,'05:42:58','08:57:29',0,'2019-08-02 03:36:42','2020-03-27 18:07:42'),(61,61,'Quae ut autem quis.',61,61,'Minnie Knoll',64,171,1,543,'04:05:26','07:34:45',1,'2019-01-30 02:05:41','2020-03-27 18:07:42'),(62,62,'Sapiente necessitatibus excepturi cumque qui quod et cupiditate.',62,62,'Keyshawn Forges',57,115,3,734,'20:39:52','12:25:00',1,'2011-12-19 03:32:44','2020-03-27 18:07:42'),(63,63,'Ducimus vero eum aliquam praesentium quasi.',63,63,'Zane Trail',195,24,3,41,'05:18:12','07:26:23',1,'2013-06-13 05:29:35','2020-03-27 18:07:42'),(64,64,'Et aut incidunt in laboriosam sequi autem qui.',64,64,'Myrtice Plains',105,23,3,1000,'17:23:52','18:48:57',1,'2015-05-17 23:23:25','2020-03-27 18:07:42'),(65,65,'Alias aliquid dolorem dolorem fuga explicabo cum debitis.',65,65,'Walsh Brook',57,93,1,877,'07:26:39','04:47:52',1,'2015-08-11 20:53:32','2020-03-27 18:07:42'),(66,66,'Excepturi et a atque dicta quia ducimus rerum molestiae.',66,66,'Jaren Fort',36,157,2,384,'04:19:53','03:41:45',0,'2015-12-29 05:17:28','2020-03-27 18:07:42'),(67,67,'Repellendus incidunt quis natus nulla.',67,67,'Rippin Islands',28,76,1,291,'14:12:30','08:17:33',1,'2016-03-01 02:36:33','2020-03-27 18:07:42'),(68,68,'Consequatur assumenda velit voluptates doloremque sapiente vero saepe.',68,68,'Yessenia Pike',65,179,3,302,'09:21:55','07:46:31',0,'2018-03-11 03:01:35','2020-03-27 18:07:42'),(69,69,'Iste quod veniam perspiciatis adipisci dolores.',69,69,'Koepp Cape',93,6,1,634,'09:56:25','03:21:14',0,'2016-01-11 10:51:22','2020-03-27 18:07:42'),(70,70,'Doloribus voluptas amet minus sed dolores.',70,70,'Hettinger Flats',38,10,1,266,'07:01:39','05:26:06',1,'2010-04-02 22:38:42','2020-03-27 18:07:42'),(71,71,'Ab iste corrupti sed quae dolore a corrupti sit.',71,71,'Quigley Drives',84,154,2,427,'05:32:31','01:01:51',1,'2012-05-05 06:09:13','2020-03-27 18:07:42'),(72,72,'Consequuntur voluptas culpa autem nam.',72,72,'Stoltenberg Forge',163,82,1,338,'09:43:11','01:51:28',1,'2010-06-06 07:28:05','2020-03-27 18:07:42'),(73,73,'Inventore et voluptate sit accusantium qui.',73,73,'Kiley Haven',59,178,1,408,'23:58:59','17:50:31',0,'2016-08-30 10:33:53','2020-03-27 18:07:42'),(74,74,'Magnam enim minus doloremque perferendis inventore deleniti maxime rem.',74,74,'Jaquan Cape',128,85,1,24,'19:32:56','03:46:46',1,'2017-01-29 23:16:18','2020-03-27 18:07:42'),(75,75,'Qui eum voluptatum veniam laborum eos eaque ut autem.',75,75,'Ellis Neck',183,134,3,897,'20:12:17','15:53:01',1,'2015-10-25 03:49:11','2020-03-27 18:07:42'),(76,76,'Qui minima expedita et.',76,76,'Hintz Ridge',165,134,3,410,'17:17:36','15:27:17',0,'2012-11-09 01:19:00','2020-03-27 18:07:42'),(77,77,'Omnis suscipit consequatur ex est voluptatem eaque.',77,77,'Wayne Stravenue',73,8,3,361,'02:46:34','10:48:58',1,'2015-12-26 17:19:08','2020-03-27 18:07:42'),(78,78,'Voluptates est quo dolore quo doloremque minima sunt.',78,78,'Alvah Cape',37,83,1,572,'20:29:49','01:47:19',0,'2019-10-15 02:59:34','2020-03-27 18:07:42'),(79,79,'Corrupti aut neque voluptatum vero hic id.',79,79,'Windler Spring',123,26,2,777,'12:09:25','15:15:32',1,'2014-02-04 13:04:44','2020-03-27 18:07:42'),(80,80,'Et hic at et officiis.',80,80,'Lenna Turnpike',186,155,1,171,'11:08:22','13:13:19',0,'2015-05-24 22:02:56','2020-03-27 18:07:42'),(81,81,'Sed rerum voluptatem dolores voluptatem expedita quos.',81,81,'Hintz Pike',50,123,3,522,'20:40:21','17:58:18',0,'2013-09-08 08:36:34','2020-03-27 18:07:42'),(82,82,'Blanditiis eaque neque rem animi doloribus.',82,82,'Alan River',17,95,2,97,'22:34:11','03:28:59',1,'2015-05-27 14:04:21','2020-03-27 18:07:42'),(83,83,'Rerum ipsum debitis minima autem illum mollitia at.',83,83,'Alivia Drives',4,171,2,920,'08:25:57','16:02:55',0,'2012-08-22 17:13:04','2020-03-27 18:07:42'),(84,84,'Et iure est non est voluptas sequi necessitatibus debitis.',84,84,'Bruen Knolls',35,15,2,307,'23:27:45','06:45:00',1,'2015-05-06 22:54:51','2020-03-27 18:07:42'),(85,85,'Beatae aut similique et rem nam dolorem exercitationem.',85,85,'Stanford Loop',118,77,3,777,'07:52:21','02:26:26',0,'2018-11-29 06:31:51','2020-03-27 18:07:42'),(86,86,'Consequatur fugiat magnam quis in.',86,86,'Block Walks',38,41,3,960,'12:15:38','08:26:12',0,'2014-10-25 03:20:40','2020-03-27 18:07:42'),(87,87,'Cupiditate nulla consequatur dolores.',87,87,'Javon Centers',46,77,3,469,'22:17:22','04:01:16',0,'2012-07-26 12:58:47','2020-03-27 18:07:42'),(88,88,'Eligendi recusandae repellat omnis ducimus quidem ut.',88,88,'Wuckert Pine',66,106,2,466,'02:04:06','17:16:45',1,'2016-02-02 04:56:15','2020-03-27 18:07:42'),(89,89,'Sit quam reiciendis dolorem velit explicabo sequi consequatur rerum.',89,89,'Abshire Rapid',11,199,1,921,'19:16:33','23:47:26',0,'2013-10-24 08:11:16','2020-03-27 18:07:42'),(90,90,'Cupiditate in dolorem non nemo nihil beatae.',90,90,'Sabrina Hill',138,128,2,209,'23:12:34','03:44:28',1,'2010-12-13 09:57:03','2020-03-27 18:07:42'),(91,91,'Quia velit rerum eum dolores omnis.',91,91,'Elise Curve',153,43,2,280,'06:57:38','03:13:37',1,'2012-03-14 02:31:57','2020-03-27 18:07:42'),(92,92,'Voluptas ducimus ex ea aut eos hic aliquam.',92,92,'Kihn Highway',57,18,3,774,'20:53:49','06:43:58',0,'2010-11-26 01:29:58','2020-03-27 18:07:42'),(93,93,'Iste et consequatur eligendi repellat qui et alias.',93,93,'Fay Corner',141,45,3,29,'22:07:15','04:22:38',1,'2013-02-01 15:24:51','2020-03-27 18:07:42'),(94,94,'Sunt ullam pariatur tempore a.',94,94,'Bertram Rest',67,7,1,823,'08:27:04','09:34:29',0,'2014-04-03 01:19:33','2020-03-27 18:07:42'),(95,95,'Temporibus ducimus omnis iusto atque.',95,95,'Matilda River',91,136,2,29,'12:49:14','01:23:02',0,'2019-06-12 22:29:23','2020-03-27 18:07:42'),(96,96,'Sint molestias soluta magnam quia.',96,96,'Ciara Square',111,45,1,672,'00:11:43','19:33:18',0,'2015-07-14 11:31:48','2020-03-27 18:07:42'),(97,97,'Et consequatur aspernatur omnis et sequi maiores.',97,97,'Gutkowski Court',176,171,1,276,'04:16:26','16:34:13',1,'2017-07-12 01:06:47','2020-03-27 18:07:42'),(98,98,'Aperiam ut illo ut aliquam.',98,98,'Willms Drives',40,70,2,361,'17:08:43','02:12:00',0,'2015-10-03 15:42:02','2020-03-27 18:07:42'),(99,99,'Quasi in molestiae nemo voluptas.',99,99,'Trace Shore',187,105,3,979,'07:27:19','07:22:31',0,'2014-06-27 20:19:31','2020-03-27 18:07:42'),(100,100,'Beatae deleniti ut dicta.',100,100,'Brianne Stream',99,150,1,809,'18:54:12','12:23:25',1,'2014-01-21 19:14:52','2020-03-27 18:07:42');
/*!40000 ALTER TABLE `ads` ENABLE KEYS */;
UNLOCK TABLES;
/*!50003 SET @saved_cs_client      = @@character_set_client */ ;
/*!50003 SET @saved_cs_results     = @@character_set_results */ ;
/*!50003 SET @saved_col_connection = @@collation_connection */ ;
/*!50003 SET character_set_client  = utf8mb4 */ ;
/*!50003 SET character_set_results = utf8mb4 */ ;
/*!50003 SET collation_connection  = utf8mb4_0900_ai_ci */ ;
/*!50003 SET @saved_sql_mode       = @@sql_mode */ ;
/*!50003 SET sql_mode              = 'STRICT_TRANS_TABLES,NO_ZERO_IN_DATE,NO_ZERO_DATE,ERROR_FOR_DIVISION_BY_ZERO,NO_ENGINE_SUBSTITUTION' */ ;
DELIMITER ;;
/*!50003 CREATE*/ /*!50017 DEFINER=`root`@`localhost`*/ /*!50003 TRIGGER `ads_log` AFTER INSERT ON `ads` FOR EACH ROW BEGIN
	INSERT INTO logs (table_name, table_id, creted_at)
	  VALUES
	  ('ads', NEW.id, NEW.created_at);
END */;;
DELIMITER ;
/*!50003 SET sql_mode              = @saved_sql_mode */ ;
/*!50003 SET character_set_client  = @saved_cs_client */ ;
/*!50003 SET character_set_results = @saved_cs_results */ ;
/*!50003 SET collation_connection  = @saved_col_connection */ ;

--
-- Temporary view structure for view `ads_for_users`
--

DROP TABLE IF EXISTS `ads_for_users`;
/*!50001 DROP VIEW IF EXISTS `ads_for_users`*/;
SET @saved_cs_client     = @@character_set_client;
/*!50503 SET character_set_client = utf8mb4 */;
/*!50001 CREATE VIEW `ads_for_users` AS SELECT 
 1 AS `id`,
 1 AS `host_id`,
 1 AS `host_fullname`,
 1 AS `heading`,
 1 AS `address`,
 1 AS `house_type`,
 1 AS `price`,
 1 AS `check_in`,
 1 AS `checkout`,
 1 AS `free_from`*/;
SET character_set_client = @saved_cs_client;

--
-- Table structure for table `ads_media`
--

DROP TABLE IF EXISTS `ads_media`;
/*!40101 SET @saved_cs_client     = @@character_set_client */;
/*!50503 SET character_set_client = utf8mb4 */;
CREATE TABLE `ads_media` (
  `ad_id` int unsigned NOT NULL,
  `media_type_id` int unsigned NOT NULL,
  `url` varchar(255) DEFAULT NULL,
  `size` int NOT NULL,
  `created_at` datetime DEFAULT CURRENT_TIMESTAMP,
  `updated_at` datetime DEFAULT CURRENT_TIMESTAMP ON UPDATE CURRENT_TIMESTAMP,
  KEY `ads_media_media_type_id` (`media_type_id`),
  KEY `ads_media_ad_id_media_type_id_idx` (`ad_id`,`media_type_id`),
  CONSTRAINT `ads_media_ad_id` FOREIGN KEY (`ad_id`) REFERENCES `ads` (`id`),
  CONSTRAINT `ads_media_media_type_id` FOREIGN KEY (`media_type_id`) REFERENCES `media_types` (`id`)
) ENGINE=InnoDB DEFAULT CHARSET=utf8mb4 COLLATE=utf8mb4_0900_ai_ci;
/*!40101 SET character_set_client = @saved_cs_client */;

--
-- Dumping data for table `ads_media`
--

LOCK TABLES `ads_media` WRITE;
/*!40000 ALTER TABLE `ads_media` DISABLE KEYS */;
INSERT INTO `ads_media` VALUES (1,1,'http://www.reynoldsmertz.com/',859437,'2017-01-04 20:19:25','2012-06-18 17:51:27'),(2,2,'http://www.considine.com/',195,'2013-11-28 03:13:10','2016-02-17 15:23:10'),(3,3,'http://haag.org/',28644,'2014-06-11 02:07:19','2020-01-22 10:26:38'),(4,1,'http://www.spinkapfannerstill.com/',0,'2015-03-04 12:05:27','2012-08-09 00:00:33'),(5,2,'http://www.terrycormier.com/',333312,'2015-06-13 04:37:15','2013-07-11 11:54:43'),(6,3,'http://www.hahn.net/',204,'2014-12-28 23:52:49','2012-07-29 21:19:33'),(7,1,'http://www.morissette.com/',355127,'2018-11-29 00:51:05','2017-10-06 20:26:04'),(8,2,'http://erdmanschumm.info/',1904106,'2013-06-06 19:59:33','2018-05-29 03:18:11'),(9,3,'http://www.vonruedensmitham.com/',578691945,'2012-06-21 03:21:14','2014-11-12 01:54:40'),(10,1,'http://www.jacobsmurray.biz/',0,'2018-09-27 01:30:27','2017-01-01 07:55:25'),(11,2,'http://www.jakubowski.com/',4792316,'2011-09-30 11:38:24','2017-05-01 02:16:17'),(12,3,'http://www.doyle.org/',87409,'2010-08-15 17:44:44','2012-08-09 05:08:25'),(13,1,'http://www.marquardt.com/',9697,'2017-11-25 02:31:24','2013-09-08 18:54:01'),(14,2,'http://www.price.biz/',220,'2012-11-25 09:51:05','2010-08-04 02:25:49'),(15,3,'http://mckenziepollich.com/',564,'2018-09-10 07:04:52','2018-10-10 19:02:22'),(16,1,'http://brakus.com/',0,'2016-06-16 16:04:47','2011-03-31 18:58:26'),(17,2,'http://www.schmitt.biz/',2321,'2019-09-08 00:19:14','2017-03-28 07:28:58'),(18,3,'http://brown.org/',127318373,'2012-08-26 19:05:19','2015-07-12 17:03:57'),(19,1,'http://www.hoeger.net/',784676,'2015-07-16 21:08:09','2014-02-19 17:32:33'),(20,2,'http://www.rippinharber.com/',482576945,'2018-02-07 08:09:20','2016-06-22 03:58:30'),(21,3,'http://www.schuppe.com/',3,'2011-03-21 21:02:00','2010-06-02 00:54:37'),(22,1,'http://www.dare.com/',5,'2019-07-26 03:29:28','2010-07-22 17:31:12'),(23,2,'http://www.bins.biz/',611856316,'2010-09-04 06:41:20','2010-09-05 01:14:08'),(24,3,'http://www.kemmer.com/',3,'2012-09-02 10:03:42','2011-05-26 08:21:00'),(25,1,'http://powlowski.com/',72,'2015-05-21 22:12:12','2010-05-14 19:41:06'),(26,2,'http://gleichner.com/',5473121,'2014-03-10 19:28:59','2017-04-30 21:52:06'),(27,3,'http://abbottlegros.biz/',43326,'2016-06-29 17:52:08','2019-02-03 23:48:43'),(28,1,'http://haagdeckow.com/',1317,'2012-10-16 07:53:52','2019-07-14 16:41:07'),(29,2,'http://www.marks.com/',3698,'2019-10-12 16:21:44','2012-10-30 16:04:46'),(30,3,'http://www.brakus.com/',13681,'2013-03-20 17:22:26','2018-08-22 16:04:54'),(31,1,'http://bradtkeschiller.biz/',415339,'2010-06-23 11:16:50','2019-10-15 02:44:19'),(32,2,'http://uptoncummings.info/',94932319,'2015-12-16 20:33:44','2011-10-29 16:54:09'),(33,3,'http://langworthtowne.info/',264,'2019-06-21 18:08:27','2012-10-03 12:10:21'),(34,1,'http://www.graham.org/',73645,'2016-07-25 07:35:32','2016-08-28 07:04:46'),(35,2,'http://www.considineondricka.com/',743016587,'2017-05-27 06:32:40','2014-02-26 02:18:20'),(36,3,'http://swiftnitzsche.info/',45730511,'2013-03-05 21:34:38','2017-04-04 09:39:47'),(37,1,'http://glover.org/',566555295,'2013-08-05 02:37:34','2010-05-22 14:12:21'),(38,2,'http://www.dietrichrunte.org/',709197,'2019-12-20 11:14:05','2014-09-03 11:14:03'),(39,3,'http://okeefegoldner.org/',471,'2016-03-09 19:32:20','2012-09-05 12:09:29'),(40,1,'http://gottlieb.net/',367,'2018-08-22 14:40:07','2015-07-07 03:59:48'),(41,2,'http://runolfsdottirrosenbaum.com/',8681,'2019-01-07 05:28:58','2014-04-13 17:25:20'),(42,3,'http://roob.com/',1904369,'2018-01-24 21:20:38','2018-03-29 23:36:20'),(43,1,'http://daughertyboyer.com/',0,'2019-01-02 01:42:42','2013-11-22 18:41:08'),(44,2,'http://www.homenick.com/',905493520,'2018-09-02 06:57:55','2015-02-16 08:14:12'),(45,3,'http://www.kunderempel.com/',34365,'2012-05-01 00:54:34','2016-06-24 18:42:50'),(46,1,'http://hansenbarton.org/',90,'2010-09-05 05:47:24','2010-07-05 15:57:42'),(47,2,'http://dachraynor.com/',62853,'2015-03-11 14:54:15','2018-01-27 20:17:02'),(48,3,'http://www.roobherzog.net/',21285,'2011-09-04 15:10:32','2020-03-10 08:55:20'),(49,1,'http://www.greenspinka.net/',3,'2013-11-06 13:40:29','2020-01-14 00:59:26'),(50,2,'http://www.koss.org/',69,'2018-05-24 04:16:04','2018-02-24 20:41:42'),(51,3,'http://www.hamill.com/',0,'2014-01-04 22:54:25','2010-08-28 22:12:21'),(52,1,'http://www.schamberger.com/',3952,'2011-03-04 20:26:45','2014-04-21 15:21:18'),(53,2,'http://www.schaefer.com/',1,'2019-05-24 01:01:04','2017-12-09 22:26:45'),(54,3,'http://www.jacobi.net/',0,'2011-09-07 19:59:15','2016-07-26 01:18:01'),(55,1,'http://www.cormierrodriguez.com/',9930142,'2019-10-19 22:07:45','2017-01-04 17:47:46'),(56,2,'http://www.pollich.com/',64665,'2012-07-06 07:48:26','2015-03-13 18:12:03'),(57,3,'http://weissnat.com/',26008,'2017-12-27 08:16:05','2013-06-08 19:27:54'),(58,1,'http://stark.info/',16,'2018-10-04 12:29:58','2019-10-29 18:54:52'),(59,2,'http://www.jakubowski.com/',22440964,'2016-04-30 18:42:04','2017-08-28 15:23:25'),(60,3,'http://www.hermiston.com/',7,'2012-04-19 05:51:13','2012-11-05 05:20:50'),(61,1,'http://torphykozey.info/',29395280,'2017-07-07 03:06:52','2017-03-15 06:18:44'),(62,2,'http://oconnell.org/',231366,'2012-01-09 19:44:51','2012-07-15 15:35:43'),(63,3,'http://wintheiser.com/',599,'2012-08-18 02:47:02','2012-08-11 09:44:04'),(64,1,'http://www.powlowskiledner.com/',233962574,'2015-01-29 19:56:15','2010-08-09 16:34:12'),(65,2,'http://www.reicheltoy.com/',22,'2019-08-11 03:25:25','2018-01-27 09:13:45'),(66,3,'http://abshire.com/',8900361,'2017-03-30 08:27:45','2011-02-06 11:38:18'),(67,1,'http://www.quigley.biz/',0,'2018-11-09 18:37:30','2019-10-20 18:32:07'),(68,2,'http://langoshrohan.com/',11226,'2016-01-27 04:48:53','2018-06-05 13:48:51'),(69,3,'http://turner.info/',1319157,'2016-04-19 05:56:12','2020-02-18 20:15:34'),(70,1,'http://blockmosciski.biz/',0,'2010-03-25 07:29:23','2013-07-25 08:05:05'),(71,2,'http://jenkins.com/',51854134,'2014-03-08 02:01:33','2011-12-25 18:56:19'),(72,3,'http://lesch.info/',0,'2010-10-13 11:27:39','2013-07-08 18:50:32'),(73,1,'http://www.marvin.com/',21380633,'2011-12-11 06:19:41','2015-07-06 17:47:25'),(74,2,'http://schroeder.biz/',4801,'2016-07-18 12:25:18','2011-06-01 21:26:27'),(75,3,'http://www.gusikowskikuphal.info/',288360770,'2018-01-22 02:10:32','2019-08-09 08:16:38'),(76,1,'http://www.mertzhalvorson.org/',1666306,'2019-07-19 05:27:46','2019-09-23 20:20:52'),(77,2,'http://www.nienow.com/',739074858,'2014-11-06 13:04:04','2019-05-13 22:03:55'),(78,3,'http://www.prohaska.biz/',33221,'2011-05-04 03:42:22','2011-09-05 05:24:03'),(79,1,'http://jacobson.net/',62,'2017-11-11 17:51:32','2017-09-22 11:08:46'),(80,2,'http://pagac.com/',82102278,'2016-03-22 07:28:56','2012-06-15 13:02:30'),(81,3,'http://www.windler.net/',0,'2016-12-01 04:01:11','2011-01-16 17:44:26'),(82,1,'http://gleichnernader.org/',5516674,'2019-05-09 20:10:22','2014-02-21 17:55:27'),(83,2,'http://www.cruickshank.com/',62605,'2012-06-08 16:17:16','2012-12-31 09:49:23'),(84,3,'http://www.sporerhessel.org/',78325504,'2012-08-21 17:02:02','2018-09-02 19:15:27'),(85,1,'http://www.nader.com/',6,'2011-12-08 19:58:51','2012-04-24 21:55:32'),(86,2,'http://ritchie.net/',410907174,'2015-05-03 07:32:16','2017-12-17 09:35:40'),(87,3,'http://mann.com/',91801297,'2012-02-19 12:51:31','2018-11-02 18:14:18'),(88,1,'http://hessel.com/',0,'2018-01-31 22:18:22','2018-04-01 11:01:02'),(89,2,'http://www.homenick.com/',211,'2015-07-21 00:32:27','2019-09-28 13:26:46'),(90,3,'http://dietrichwalker.org/',674,'2015-10-04 08:53:50','2020-03-16 06:49:49'),(91,1,'http://gutmannnienow.com/',52,'2015-09-16 07:42:28','2016-12-02 13:57:16'),(92,2,'http://tromp.com/',52241,'2010-10-12 06:24:35','2013-11-25 15:37:02'),(93,3,'http://www.boehm.net/',0,'2017-01-30 12:32:12','2015-05-30 03:59:33'),(94,1,'http://feeneyfranecki.com/',83761847,'2017-05-16 05:27:55','2013-02-24 23:52:48'),(95,2,'http://will.com/',8379,'2014-04-18 11:56:18','2010-06-27 00:44:25'),(96,3,'http://www.blickoconnell.info/',6729701,'2014-01-25 17:39:33','2013-08-21 11:04:23'),(97,1,'http://www.murphy.com/',5197792,'2012-08-20 12:57:47','2015-06-17 05:55:55'),(98,2,'http://www.goyette.com/',82746,'2011-10-25 05:34:17','2017-12-05 16:34:14'),(99,3,'http://www.kerluke.com/',0,'2014-05-11 12:15:50','2012-12-24 05:01:30'),(100,1,'http://www.schultzrogahn.info/',9366176,'2019-11-08 09:57:50','2014-02-26 20:20:22'),(1,2,'http://www.oharahand.info/',5223331,'2019-01-29 06:18:38','2014-05-13 05:41:37'),(2,3,'http://www.gleichner.org/',3562464,'2017-04-06 14:55:03','2016-12-16 04:00:25'),(3,1,'http://murray.com/',0,'2011-05-25 13:57:26','2016-12-27 02:41:14'),(4,2,'http://www.murphy.info/',5298,'2015-11-22 16:47:03','2012-08-03 16:34:33'),(5,3,'http://goyette.biz/',839292,'2013-11-18 02:38:52','2017-07-23 06:47:07'),(6,1,'http://schneider.com/',31,'2010-05-03 01:19:25','2016-11-20 06:19:47'),(7,2,'http://paucekcrist.net/',0,'2010-09-05 22:49:10','2015-02-21 14:31:19'),(8,3,'http://shields.com/',156,'2016-01-02 05:58:21','2018-05-02 12:01:51'),(9,1,'http://www.flatleydooley.info/',247,'2019-04-21 01:47:38','2018-09-29 05:06:03'),(10,2,'http://www.turcotte.org/',866,'2019-12-01 15:50:13','2010-05-12 05:40:42'),(11,3,'http://www.yundt.org/',0,'2014-05-28 10:44:40','2010-03-30 21:48:01'),(12,1,'http://www.klocko.org/',21515,'2016-09-08 20:28:13','2014-12-12 00:40:22'),(13,2,'http://www.schowalter.org/',115,'2018-02-08 09:20:56','2019-08-06 21:54:05'),(14,3,'http://rice.biz/',24,'2011-10-28 21:09:41','2013-06-26 00:23:28'),(15,1,'http://www.ryanberge.com/',5504,'2014-04-28 03:48:06','2017-05-07 12:49:15'),(16,2,'http://herzog.com/',30,'2015-03-25 19:15:26','2014-07-19 02:04:56'),(17,3,'http://www.gutkowskicrist.info/',273973383,'2019-05-21 13:16:26','2019-12-27 12:11:17'),(18,1,'http://gleason.com/',6301466,'2011-05-19 20:04:42','2013-01-25 16:26:23'),(19,2,'http://beer.com/',8602762,'2012-11-05 20:09:06','2018-02-26 17:02:02'),(20,3,'http://www.jaskolskikulas.com/',15890335,'2018-09-24 14:53:32','2017-09-10 05:06:13'),(21,1,'http://casper.com/',19,'2011-11-10 07:10:29','2019-04-10 00:06:33'),(22,2,'http://www.ortiz.com/',536,'2010-03-28 06:32:54','2012-08-01 13:37:49'),(23,3,'http://stehr.com/',49095070,'2016-10-01 05:05:29','2018-07-28 03:28:37'),(24,1,'http://www.fritschpagac.com/',3,'2017-12-31 08:27:14','2019-08-10 12:33:47'),(25,2,'http://hermistonfeeney.com/',2376699,'2015-07-05 21:01:48','2015-04-02 21:56:26'),(26,3,'http://www.walkerlemke.com/',438755,'2018-02-25 07:47:22','2013-10-22 13:17:26'),(27,1,'http://beahan.com/',44645,'2013-10-16 01:48:25','2012-10-29 08:54:23'),(28,2,'http://mann.com/',7294,'2014-07-26 09:54:08','2015-11-25 06:52:20'),(29,3,'http://skiles.com/',74613,'2018-08-21 23:25:26','2012-11-29 17:27:43'),(30,1,'http://botsfordhaag.com/',7680,'2017-01-17 08:50:24','2011-08-14 04:19:20'),(31,2,'http://www.willms.com/',676481,'2018-04-24 00:13:55','2019-12-01 11:13:43'),(32,3,'http://www.sauer.com/',2138139,'2018-04-06 10:02:48','2018-12-26 23:57:51'),(33,1,'http://conn.com/',3,'2010-04-19 10:25:27','2019-02-18 07:03:09'),(34,2,'http://hagenes.net/',897,'2019-07-20 14:47:05','2011-11-18 08:35:07'),(35,3,'http://connelly.com/',6,'2011-09-22 19:36:43','2016-01-31 23:56:10'),(36,1,'http://beer.com/',12,'2013-05-14 01:10:22','2012-02-13 19:31:48'),(37,2,'http://www.gleason.com/',352,'2010-08-31 06:55:59','2015-03-30 22:50:07'),(38,3,'http://morar.net/',9,'2012-06-14 05:11:46','2019-02-11 02:29:47'),(39,1,'http://king.com/',77843060,'2017-08-21 03:17:55','2016-03-05 15:33:39'),(40,2,'http://www.ruecker.com/',30793101,'2012-07-12 16:51:05','2011-04-07 06:24:33'),(41,3,'http://eichmann.com/',82610,'2012-06-16 07:52:56','2010-11-01 23:40:14'),(42,1,'http://donnelly.com/',78208,'2014-02-26 20:06:36','2019-05-20 17:46:36'),(43,2,'http://www.spinkahettinger.org/',9,'2016-03-27 08:51:53','2017-04-29 19:11:51'),(44,3,'http://www.conn.info/',30,'2016-07-17 02:24:14','2010-05-15 13:58:10'),(45,1,'http://www.ornhomenick.com/',0,'2014-03-01 06:13:44','2018-12-10 22:14:30'),(46,2,'http://kohler.net/',85280,'2014-09-23 15:32:04','2015-02-02 20:39:13'),(47,3,'http://www.daniel.com/',9227,'2018-10-08 07:08:40','2013-01-07 12:02:49'),(48,1,'http://dietricheffertz.com/',64,'2013-02-13 20:54:50','2018-12-24 13:47:16'),(49,2,'http://hirthe.info/',84,'2012-01-22 03:32:57','2011-01-10 00:04:37'),(50,3,'http://www.hirthe.biz/',324,'2012-04-23 08:51:14','2013-03-19 08:05:21'),(51,1,'http://hettinger.com/',1,'2019-03-27 01:46:55','2014-09-10 19:53:24'),(52,2,'http://conroy.net/',580903374,'2019-07-03 23:50:40','2018-01-07 00:06:53'),(53,3,'http://www.hamillmarvin.com/',4995,'2018-06-11 07:13:21','2011-06-18 10:53:36'),(54,1,'http://www.pagac.net/',98906,'2011-11-06 12:44:47','2020-02-01 19:22:35'),(55,2,'http://www.halvorsonoberbrunner.biz/',207264875,'2015-05-13 01:28:21','2014-03-06 21:56:12'),(56,3,'http://russel.com/',627,'2012-11-12 05:40:40','2015-11-30 03:46:52'),(57,1,'http://strackedavis.biz/',929516006,'2010-06-18 01:09:55','2018-09-14 17:22:45'),(58,2,'http://crooks.biz/',0,'2016-09-20 09:12:02','2013-12-27 20:10:38'),(59,3,'http://www.kessler.com/',351941809,'2015-12-06 06:01:08','2016-01-14 14:31:23'),(60,1,'http://denesik.info/',61,'2020-02-16 15:31:00','2015-07-11 01:36:04'),(61,2,'http://www.watsicawunsch.com/',66977219,'2017-04-07 01:13:50','2013-04-01 07:27:41'),(62,3,'http://konopelski.com/',56155661,'2019-02-23 08:37:59','2016-12-11 23:44:26'),(63,1,'http://reinger.biz/',4063,'2015-07-19 12:24:50','2015-07-22 01:19:45'),(64,2,'http://heidenreich.com/',0,'2019-07-06 16:38:56','2017-11-12 18:45:27'),(65,3,'http://funk.com/',599198,'2012-01-11 23:30:36','2015-11-11 02:21:33'),(66,1,'http://hirthehomenick.com/',0,'2019-12-31 19:37:36','2011-08-04 13:56:47'),(67,2,'http://www.olson.com/',3,'2012-12-25 00:57:51','2014-04-06 01:39:35'),(68,3,'http://marquardt.com/',64,'2013-09-19 02:15:00','2011-10-09 13:04:25'),(69,1,'http://www.lynchlindgren.com/',677900,'2013-05-22 23:07:31','2016-04-22 00:23:38'),(70,2,'http://www.pagac.info/',1848,'2018-07-03 04:19:51','2011-10-27 20:10:51'),(71,3,'http://huels.com/',166073398,'2018-07-01 18:49:34','2013-12-15 07:30:24'),(72,1,'http://www.schimmelnitzsche.com/',793976,'2010-10-27 03:39:20','2012-12-21 21:19:47'),(73,2,'http://conntreutel.info/',219,'2017-12-02 23:23:48','2018-10-12 17:19:53'),(74,3,'http://www.hoegerhammes.com/',3740,'2018-03-29 18:24:57','2016-10-08 04:29:59'),(75,1,'http://www.roberts.org/',40165693,'2010-06-20 14:50:05','2019-09-22 17:11:24'),(76,2,'http://www.ebertmuller.org/',160333327,'2013-07-21 14:14:00','2019-06-14 23:10:03'),(77,3,'http://cartwright.com/',8755,'2016-04-16 14:55:27','2016-03-31 06:03:33'),(78,1,'http://swaniawski.com/',1523652,'2017-03-27 03:42:14','2010-07-23 23:47:42'),(79,2,'http://hyattleffler.net/',817286929,'2011-09-01 02:32:05','2018-04-08 21:18:40'),(80,3,'http://www.kihn.com/',0,'2019-06-13 12:43:12','2012-12-27 05:00:41'),(81,1,'http://dachschaefer.com/',921021,'2016-08-05 02:30:34','2020-02-20 02:55:59'),(82,2,'http://www.connelly.biz/',93,'2014-04-10 16:51:25','2019-12-06 08:44:19'),(83,3,'http://funk.com/',6231,'2011-09-18 17:37:20','2017-07-12 05:26:35'),(84,1,'http://www.beatty.com/',908,'2018-10-13 07:40:18','2017-05-29 19:34:58'),(85,2,'http://www.herman.org/',6221,'2010-09-14 17:56:58','2019-03-29 00:10:45'),(86,3,'http://heidenreich.com/',48725911,'2013-12-16 10:39:54','2020-01-12 22:41:26'),(87,1,'http://kesslerwaters.com/',7,'2018-04-11 12:10:40','2012-02-23 16:18:45'),(88,2,'http://ratke.com/',4259,'2014-03-12 10:14:08','2010-09-29 12:51:24'),(89,3,'http://champlindavis.com/',819974,'2010-08-11 04:59:20','2015-06-03 05:30:09'),(90,1,'http://larson.com/',56501,'2019-10-01 11:14:14','2014-08-02 17:25:49'),(91,2,'http://www.wyman.com/',9164,'2012-06-01 12:01:03','2016-01-22 03:28:35'),(92,3,'http://marvin.org/',529,'2017-06-25 18:58:01','2010-12-07 18:26:00'),(93,1,'http://www.cruickshankmorar.com/',31,'2018-08-30 09:34:00','2019-11-17 03:48:04'),(94,2,'http://runolfssondurgan.org/',27,'2014-07-26 19:56:13','2013-03-29 07:23:30'),(95,3,'http://champlin.com/',555,'2018-09-02 16:00:41','2015-01-04 18:45:29'),(96,1,'http://www.tillmanskiles.net/',4663544,'2019-08-10 14:25:05','2013-01-16 19:55:10'),(97,2,'http://von.com/',978,'2010-05-02 12:45:30','2013-04-05 15:46:36'),(98,3,'http://www.johns.com/',4683,'2011-05-30 19:52:53','2015-12-31 06:34:36'),(99,1,'http://www.reilly.com/',84631,'2011-09-28 12:08:29','2012-10-18 10:11:13'),(100,2,'http://ankundinganderson.com/',954340556,'2014-01-25 03:14:51','2019-11-15 01:31:41'),(1,3,'http://www.hoppe.com/',87,'2010-10-20 01:07:55','2011-10-10 10:01:44'),(2,1,'http://schroederhettinger.com/',328117092,'2017-12-30 00:27:11','2019-04-13 06:01:47'),(3,2,'http://emmerich.com/',471869664,'2018-09-12 14:56:48','2015-06-20 09:05:33'),(4,3,'http://goyette.com/',6143,'2019-04-06 13:31:48','2015-09-19 22:24:09'),(5,1,'http://bernhard.com/',74338,'2016-03-13 00:56:04','2012-10-20 19:00:47'),(6,2,'http://www.marquardt.com/',0,'2019-03-30 19:32:31','2015-10-23 09:50:29'),(7,3,'http://www.hamillohara.org/',1,'2013-12-03 23:30:49','2019-07-18 19:55:10'),(8,1,'http://www.douglasconsidine.com/',476175,'2019-05-27 01:42:14','2012-10-19 02:49:46'),(9,2,'http://mosciski.biz/',4447339,'2012-09-21 23:40:28','2019-08-29 03:21:21'),(10,3,'http://www.kutch.com/',67,'2012-01-19 23:48:14','2016-04-01 22:47:05'),(11,1,'http://www.stark.net/',66542,'2010-05-03 05:38:36','2014-03-07 16:19:41'),(12,2,'http://leuschke.org/',6276,'2017-02-06 01:50:28','2010-07-06 05:50:41'),(13,3,'http://www.greenholtmcclure.com/',0,'2010-09-04 23:01:29','2011-06-19 12:10:32'),(14,1,'http://www.tremblay.com/',805541883,'2017-01-02 02:44:33','2011-05-02 15:02:04'),(15,2,'http://www.brakus.com/',5,'2016-07-11 23:15:15','2012-12-19 05:15:28'),(16,3,'http://swaniawskibeier.net/',2232,'2011-06-23 14:16:12','2012-07-15 10:41:52'),(17,1,'http://creminwunsch.info/',8210,'2010-05-01 17:36:12','2012-03-07 02:32:00'),(18,2,'http://orn.com/',79675,'2012-10-28 22:52:12','2016-02-04 09:38:22'),(19,3,'http://heaneydooley.com/',1542252,'2019-06-27 08:26:43','2010-12-11 00:27:32'),(20,1,'http://www.hansen.info/',617009,'2017-06-09 02:16:30','2018-05-18 15:04:37'),(21,2,'http://mraz.com/',84,'2015-02-23 01:03:52','2015-10-05 19:41:31'),(22,3,'http://borer.org/',5,'2012-01-12 21:16:10','2010-11-13 01:10:22'),(23,1,'http://pfefferbreitenberg.com/',38,'2019-12-16 07:50:29','2010-11-24 05:51:31'),(24,2,'http://www.bechtelarpfeffer.net/',43216,'2017-05-20 12:30:10','2013-07-12 02:55:11'),(25,3,'http://lebsack.com/',4,'2016-10-15 20:39:03','2016-09-08 16:14:13'),(26,1,'http://windler.com/',175003916,'2017-10-18 14:09:46','2018-06-23 01:15:01'),(27,2,'http://schmitthettinger.info/',0,'2013-07-16 17:03:26','2011-11-08 07:56:52'),(28,3,'http://www.graham.com/',67335,'2020-03-10 18:08:36','2015-10-22 16:17:39'),(29,1,'http://www.leuschke.com/',130650626,'2015-12-20 17:28:17','2018-07-06 19:54:05'),(30,2,'http://www.littel.com/',6855407,'2013-08-14 07:31:33','2017-08-19 03:29:21'),(31,3,'http://www.nicolas.biz/',98241954,'2014-10-03 07:27:39','2014-06-15 03:18:23'),(32,1,'http://www.murazikfadel.com/',4760440,'2012-08-19 23:51:20','2012-05-03 00:42:15'),(33,2,'http://www.reynolds.com/',541274,'2017-02-19 01:38:28','2015-09-27 09:56:47'),(34,3,'http://www.feest.com/',702,'2012-07-22 19:06:13','2011-07-06 03:04:35'),(35,1,'http://www.champlin.com/',47544157,'2019-12-28 07:20:24','2018-06-30 03:30:08'),(36,2,'http://www.klockohuels.com/',22267,'2018-07-07 12:38:20','2012-05-16 16:34:02'),(37,3,'http://gutkowski.com/',38,'2016-04-16 13:35:34','2020-01-21 14:58:32'),(38,1,'http://www.turcotte.info/',6247865,'2016-04-28 03:29:51','2019-03-04 11:00:52'),(39,2,'http://feeney.net/',657409,'2017-05-26 04:21:31','2016-02-23 10:55:37'),(40,3,'http://www.leffler.com/',850,'2014-09-07 02:23:42','2017-08-30 05:23:13'),(41,1,'http://www.bergnaum.com/',0,'2016-12-16 23:10:15','2013-12-29 12:10:04'),(42,2,'http://www.yundt.com/',62,'2013-07-31 21:24:18','2014-02-22 13:22:54'),(43,3,'http://www.williamsonsteuber.com/',17513,'2010-07-28 20:10:34','2017-04-26 09:40:38'),(44,1,'http://rutherford.org/',49421171,'2015-08-16 11:00:59','2013-12-03 23:28:15'),(45,2,'http://friesen.com/',98,'2011-01-07 17:57:41','2012-01-24 23:22:56'),(46,3,'http://schuster.biz/',506658,'2018-11-28 00:58:32','2013-11-21 17:03:36'),(47,1,'http://brekke.com/',341624,'2019-08-22 01:24:56','2020-03-09 18:19:25'),(48,2,'http://witting.com/',69917096,'2019-12-24 18:45:34','2017-02-18 16:47:59'),(49,3,'http://corkery.com/',2,'2010-06-30 06:23:16','2016-05-21 22:44:14'),(50,1,'http://abbott.net/',9907662,'2019-10-30 21:08:12','2017-11-12 21:45:49'),(51,2,'http://www.langschiller.com/',7,'2011-05-15 19:00:51','2015-04-18 14:17:27'),(52,3,'http://grimes.org/',50,'2012-02-14 23:34:17','2012-09-24 10:00:52'),(53,1,'http://bahringerherman.com/',3779,'2012-06-07 21:09:14','2017-04-24 17:21:53'),(54,2,'http://legros.com/',6274589,'2011-12-28 15:43:20','2018-02-10 23:13:48'),(55,3,'http://www.glover.info/',665,'2018-02-15 19:43:42','2015-05-01 21:07:44'),(56,1,'http://wolffboehm.com/',5281639,'2019-07-09 06:21:25','2018-02-25 00:46:33'),(57,2,'http://www.marquardt.biz/',521573663,'2011-09-08 00:53:15','2011-05-09 22:04:15'),(58,3,'http://hesselnolan.com/',9425950,'2013-12-07 10:48:31','2016-12-18 11:23:15'),(59,1,'http://gleichner.biz/',4074,'2011-09-26 21:51:06','2019-03-29 08:59:32'),(60,2,'http://www.nienow.org/',93,'2012-06-18 06:13:30','2012-08-28 04:20:57'),(61,3,'http://ankunding.com/',422364364,'2017-09-20 22:56:46','2017-10-05 21:58:35'),(62,1,'http://www.mckenzie.com/',79802399,'2014-09-27 06:47:08','2016-08-26 12:44:20'),(63,2,'http://carterschroeder.com/',8012,'2019-04-15 02:41:14','2019-09-02 14:19:43'),(64,3,'http://www.torp.org/',19613948,'2010-06-10 14:58:58','2016-09-16 02:11:07'),(65,1,'http://beahanjacobson.com/',0,'2011-12-09 10:02:53','2010-11-18 01:24:30'),(66,2,'http://leschfranecki.com/',8,'2015-05-09 01:11:41','2012-07-30 04:21:22'),(67,3,'http://www.schmitt.com/',858837,'2015-02-15 16:12:17','2018-02-08 06:36:33'),(68,1,'http://www.thielschowalter.org/',27468,'2011-11-11 17:27:55','2020-01-21 22:06:04'),(69,2,'http://www.walkernienow.com/',78371,'2018-02-25 09:17:47','2013-03-14 14:58:27'),(70,3,'http://bradtkeratke.biz/',4,'2017-12-02 11:02:40','2019-02-24 15:43:43'),(71,1,'http://aufderharbayer.com/',1580469,'2016-08-19 22:38:42','2014-11-23 04:31:41'),(72,2,'http://crookskertzmann.biz/',625146439,'2010-08-23 21:04:48','2013-11-06 16:40:58'),(73,3,'http://www.rau.biz/',0,'2014-01-27 22:01:30','2013-10-12 07:07:48'),(74,1,'http://emardmante.net/',817,'2017-11-18 22:25:34','2011-04-21 11:35:32'),(75,2,'http://www.graham.com/',8329028,'2010-11-24 16:40:54','2016-11-12 07:44:17'),(76,3,'http://schuppe.com/',80951780,'2010-07-07 22:48:13','2012-05-03 12:00:23'),(77,1,'http://nikolaus.info/',75358,'2015-03-21 04:54:50','2016-10-05 02:17:37'),(78,2,'http://www.kassulke.org/',50673108,'2014-05-04 02:47:54','2017-09-16 22:45:05'),(79,3,'http://upton.com/',79911105,'2012-04-19 09:59:41','2012-05-29 12:43:15'),(80,1,'http://www.sawayn.com/',29163236,'2019-06-30 05:33:50','2014-12-29 13:24:19'),(81,2,'http://www.schinner.com/',93,'2017-03-12 20:43:23','2014-12-15 04:59:39'),(82,3,'http://www.gradyleuschke.com/',14015401,'2017-05-30 15:43:54','2016-05-14 05:58:37'),(83,1,'http://www.cartwright.com/',43767310,'2014-02-11 01:22:06','2013-11-08 15:10:47'),(84,2,'http://www.strosin.com/',63,'2014-08-17 10:37:16','2011-11-01 06:20:08'),(85,3,'http://reynolds.com/',5908,'2017-04-07 14:03:09','2012-12-30 01:16:20'),(86,1,'http://greenanderson.com/',0,'2013-12-06 02:36:26','2014-07-09 03:06:44'),(87,2,'http://www.buckridgeromaguera.com/',8132631,'2013-12-08 23:07:48','2015-07-16 17:29:24'),(88,3,'http://www.cole.org/',985,'2014-09-25 10:44:41','2013-01-05 11:50:01'),(89,1,'http://www.konopelski.com/',0,'2015-05-28 09:16:46','2014-12-06 14:19:10'),(90,2,'http://www.morar.com/',61003,'2019-11-14 13:13:42','2016-10-21 04:43:44'),(91,3,'http://www.stiedemannreichert.org/',507,'2017-06-27 23:07:28','2019-05-05 10:52:23'),(92,1,'http://bergstromgoldner.com/',59379,'2010-05-18 22:54:43','2019-11-14 03:44:23'),(93,2,'http://harris.com/',393,'2014-06-19 20:21:46','2017-05-21 10:32:32'),(94,3,'http://fahey.info/',954,'2019-12-07 04:49:35','2019-09-29 11:17:20'),(95,1,'http://www.ullrichdicki.com/',95781247,'2012-02-18 11:11:49','2017-02-01 01:52:47'),(96,2,'http://treutel.net/',8,'2012-12-27 21:32:26','2011-11-06 01:36:00'),(97,3,'http://schillerrutherford.biz/',716990,'2016-10-19 17:57:25','2010-12-29 13:29:33'),(98,1,'http://www.mertz.org/',672823,'2018-08-27 19:26:54','2014-08-29 01:30:36'),(99,2,'http://www.zulauf.com/',5169003,'2019-08-20 20:07:12','2016-10-10 04:36:49'),(100,3,'http://bartongraham.com/',16,'2011-03-17 18:15:34','2015-07-22 07:40:25'),(1,1,'http://www.shanahan.biz/',2268,'2010-12-04 06:12:07','2017-02-28 09:17:49'),(2,2,'http://www.kiehn.com/',64311,'2017-01-01 15:28:44','2010-09-05 19:47:34'),(3,3,'http://upton.net/',3,'2012-10-23 10:34:25','2013-07-21 05:09:35'),(4,1,'http://www.hahn.org/',59,'2018-09-18 04:55:54','2018-10-29 20:51:38'),(5,2,'http://murphyveum.com/',9500,'2014-05-20 04:54:37','2012-08-19 20:10:21'),(6,3,'http://www.gradydibbert.com/',558255,'2010-04-05 12:23:38','2017-05-09 14:36:26'),(7,1,'http://ankunding.com/',7281,'2015-06-21 23:08:55','2016-04-22 22:11:22'),(8,2,'http://www.haleyokon.info/',5372921,'2016-06-08 16:58:17','2020-01-31 03:03:09'),(9,3,'http://www.walker.com/',767,'2015-02-17 08:57:50','2010-06-12 08:00:32'),(10,1,'http://www.schaeferkutch.com/',4508313,'2015-09-08 22:06:04','2019-07-23 03:04:59'),(11,2,'http://www.reilly.org/',5562,'2014-05-03 06:56:06','2010-06-22 23:32:03'),(12,3,'http://www.rau.com/',198248933,'2013-07-23 00:53:20','2012-12-24 15:48:31'),(13,1,'http://kuhic.com/',86292717,'2011-04-04 03:09:45','2012-05-21 10:47:59'),(14,2,'http://witting.com/',77,'2019-11-07 13:44:46','2014-04-06 08:21:15'),(15,3,'http://www.legrosrau.com/',863,'2013-06-29 10:10:33','2014-09-18 12:57:44'),(16,1,'http://padberg.info/',99280360,'2016-09-28 11:33:31','2013-09-30 00:02:45'),(17,2,'http://www.berge.com/',610,'2013-12-15 12:24:34','2015-06-14 21:07:10'),(18,3,'http://www.fisher.org/',0,'2015-03-12 03:25:20','2016-02-23 09:21:14'),(19,1,'http://stehr.info/',2,'2018-10-30 05:11:59','2018-01-21 23:52:15'),(20,2,'http://lind.org/',449349,'2017-01-09 06:29:43','2018-07-31 12:34:59'),(21,3,'http://www.nikolaus.com/',758032463,'2010-04-03 07:44:49','2012-02-15 05:41:10'),(22,1,'http://www.mrazlakin.com/',1978194,'2015-02-13 04:39:18','2016-03-21 23:31:27'),(23,2,'http://blickvon.com/',76,'2013-12-19 18:22:47','2018-04-20 04:57:06'),(24,3,'http://www.crist.com/',534308,'2010-12-12 03:38:02','2015-06-15 18:27:19'),(25,1,'http://altenwerth.com/',305,'2013-01-28 10:26:54','2011-08-16 00:07:31'),(26,2,'http://www.hintzhoeger.com/',2122085,'2016-05-03 03:10:31','2018-04-26 17:52:27'),(27,3,'http://www.rempelhirthe.com/',83456,'2012-07-03 23:04:57','2012-12-27 15:45:17'),(28,1,'http://lubowitz.com/',382441,'2012-08-04 15:22:20','2016-07-17 07:27:07'),(29,2,'http://streich.com/',7204,'2018-04-21 14:45:28','2017-07-13 15:47:29'),(30,3,'http://www.zemlak.biz/',7327,'2016-09-02 17:39:01','2012-10-09 10:22:30'),(31,1,'http://www.cummerata.net/',992,'2013-02-07 05:47:14','2015-11-23 14:47:59'),(32,2,'http://www.westmoen.com/',8650,'2014-02-25 20:58:48','2010-10-16 16:17:15'),(33,3,'http://www.murphymorar.net/',0,'2018-12-15 08:12:18','2019-07-30 16:19:04'),(34,1,'http://www.leuschkewhite.com/',19070298,'2012-07-04 14:46:16','2014-04-21 22:13:27'),(35,2,'http://buckridgeharvey.com/',64588691,'2013-08-25 01:22:02','2013-08-22 03:25:58'),(36,3,'http://www.schmitt.biz/',0,'2019-03-04 14:07:50','2011-03-25 03:00:56'),(37,1,'http://sipes.com/',613310,'2011-06-27 04:41:43','2015-01-31 07:30:54'),(38,2,'http://daniel.com/',0,'2012-08-04 12:42:36','2016-03-19 19:16:48'),(39,3,'http://www.leannon.com/',9,'2014-02-07 20:20:53','2015-06-20 23:17:28'),(40,1,'http://www.zulauf.org/',85773,'2017-12-03 09:51:40','2014-12-18 10:43:25'),(41,2,'http://www.emmerich.net/',81759,'2017-01-19 07:59:32','2013-08-17 12:07:00'),(42,3,'http://reinger.info/',1256743,'2016-03-08 07:33:18','2015-08-27 17:58:04'),(43,1,'http://www.rueckerbrekke.com/',10,'2016-11-17 10:06:23','2014-09-24 01:34:38'),(44,2,'http://www.rueckerpowlowski.com/',12,'2010-11-12 18:29:38','2016-09-14 03:43:15'),(45,3,'http://www.fahey.net/',0,'2011-05-06 09:35:00','2016-07-20 02:30:53'),(46,1,'http://www.schaden.com/',92567108,'2014-01-16 18:06:08','2016-11-14 19:50:28'),(47,2,'http://block.com/',271597,'2016-11-27 13:16:24','2012-05-26 16:12:22'),(48,3,'http://www.greenparisian.com/',68,'2016-09-28 11:23:02','2011-03-08 02:15:16'),(49,1,'http://www.kautzer.org/',0,'2012-11-21 01:06:29','2019-05-26 07:48:22'),(50,2,'http://www.roberts.com/',7507550,'2014-02-28 13:19:29','2017-05-26 22:42:41'),(51,3,'http://www.kertzmann.info/',76,'2013-02-24 10:23:03','2010-07-02 09:11:12'),(52,1,'http://boehm.net/',56925,'2012-02-26 07:46:56','2015-10-21 21:11:38'),(53,2,'http://www.olson.com/',0,'2016-01-14 21:25:56','2013-07-13 10:25:41'),(54,3,'http://raynor.info/',0,'2016-02-24 04:51:20','2019-05-02 15:52:00'),(55,1,'http://www.oberbrunnerbeier.com/',119354828,'2012-05-06 07:20:41','2010-03-23 10:55:41'),(56,2,'http://abshire.biz/',5,'2014-05-01 09:21:18','2020-01-12 08:11:27'),(57,3,'http://bednar.com/',2399503,'2015-11-18 06:03:43','2013-01-31 04:49:11'),(58,1,'http://abshire.net/',130614590,'2016-07-18 07:03:41','2012-11-07 13:45:57'),(59,2,'http://lesch.com/',342571539,'2011-04-21 09:25:37','2010-11-02 14:13:28'),(60,3,'http://www.durgan.net/',99,'2012-10-08 09:06:27','2018-04-28 19:07:05'),(61,1,'http://abshirekiehn.com/',710,'2011-08-01 15:34:13','2020-02-14 22:23:31'),(62,2,'http://www.waelchi.com/',52039,'2012-03-19 13:56:33','2019-10-15 06:22:12'),(63,3,'http://www.pagac.com/',119710,'2014-04-07 04:41:55','2019-09-16 01:38:38'),(64,1,'http://www.wardmclaughlin.com/',79,'2019-05-01 17:30:28','2015-11-15 08:34:06'),(65,2,'http://www.zemlakbergnaum.net/',7325,'2017-11-30 11:27:22','2018-09-29 11:17:35'),(66,3,'http://www.hettingerschroeder.org/',0,'2015-02-06 09:01:42','2017-03-25 22:38:33'),(67,1,'http://kertzmannleffler.com/',4,'2018-12-24 14:55:52','2015-07-14 20:58:13'),(68,2,'http://leannon.info/',7898,'2013-06-02 04:44:53','2010-10-14 12:21:47'),(69,3,'http://nolanemmerich.com/',782237052,'2010-11-01 07:45:01','2011-04-07 00:27:17'),(70,1,'http://www.ebertstoltenberg.com/',5,'2017-10-10 23:39:42','2013-11-01 07:33:07'),(71,2,'http://www.boehm.biz/',44683,'2019-11-12 13:56:30','2019-10-12 20:11:29'),(72,3,'http://www.raynor.com/',803540,'2012-02-27 03:52:21','2015-10-13 20:11:56'),(73,1,'http://reillybailey.com/',491215,'2014-09-11 02:45:01','2010-11-28 13:55:48'),(74,2,'http://www.luettgenhackett.com/',8,'2014-02-24 03:48:44','2015-03-13 15:29:56'),(75,3,'http://www.mills.com/',75001,'2015-02-12 19:17:34','2016-05-06 19:43:50'),(76,1,'http://www.gislason.org/',0,'2011-04-07 13:08:42','2011-12-23 22:26:10'),(77,2,'http://robel.net/',8,'2011-08-02 09:32:48','2011-08-15 12:23:30'),(78,3,'http://daugherty.com/',899361,'2013-11-20 05:28:21','2012-10-09 11:47:51'),(79,1,'http://www.considinestracke.com/',25185211,'2017-12-18 13:51:51','2019-07-15 02:54:40'),(80,2,'http://www.bednar.net/',917,'2014-03-23 20:06:46','2012-04-03 01:49:38'),(81,3,'http://mraz.info/',8367740,'2011-03-02 20:51:25','2015-05-21 22:40:23'),(82,1,'http://www.willms.com/',374,'2015-12-02 17:51:53','2019-06-09 22:53:51'),(83,2,'http://www.kessler.com/',36,'2017-08-16 07:21:38','2018-05-04 05:48:03'),(84,3,'http://hand.com/',961778,'2016-07-20 11:17:33','2019-08-13 17:51:12'),(85,1,'http://walsh.com/',843202813,'2019-04-02 18:41:10','2015-06-14 18:25:09'),(86,2,'http://www.satterfield.net/',7,'2018-12-22 12:29:32','2015-11-10 21:02:46'),(87,3,'http://www.prohaska.org/',402120916,'2015-05-26 21:46:25','2015-06-13 03:17:50'),(88,1,'http://kessler.com/',572,'2018-10-26 11:30:57','2017-02-16 15:31:40'),(89,2,'http://stiedemannbernier.com/',0,'2019-09-11 05:43:59','2016-12-05 00:08:36'),(90,3,'http://hills.com/',46,'2015-09-17 19:11:24','2020-02-17 12:20:44'),(91,1,'http://www.denesiklarkin.biz/',157,'2011-03-01 23:27:24','2013-12-23 02:22:57'),(92,2,'http://www.jenkinslemke.com/',92495,'2018-05-29 15:47:04','2017-11-05 16:29:37'),(93,3,'http://www.friesen.net/',470,'2016-04-28 14:07:56','2010-05-04 08:29:36'),(94,1,'http://cummings.com/',129642460,'2018-07-21 00:39:32','2018-09-01 17:35:02'),(95,2,'http://leffler.com/',3,'2012-11-10 02:14:51','2013-10-24 08:06:49'),(96,3,'http://www.walsh.com/',7,'2014-05-31 09:56:38','2012-11-22 03:31:21'),(97,1,'http://www.bailey.com/',0,'2010-09-29 05:47:17','2017-09-04 11:54:52'),(98,2,'http://www.nader.com/',1386,'2018-08-21 17:46:31','2014-10-04 21:29:56'),(99,3,'http://www.bergnaumjones.com/',0,'2016-07-28 21:43:40','2013-12-20 03:51:25'),(100,1,'http://romaguerakling.com/',188136943,'2019-09-09 05:23:46','2012-07-03 13:38:27'),(1,2,'http://www.maggiolangworth.com/',335429,'2014-07-17 05:08:54','2018-03-07 16:58:31'),(2,3,'http://www.mayer.com/',51388023,'2016-06-20 05:54:51','2015-06-03 05:17:24'),(3,1,'http://sengeranderson.com/',199186350,'2012-08-05 10:40:19','2015-02-07 00:04:55'),(4,2,'http://block.com/',0,'2012-05-25 19:13:59','2013-03-14 13:30:19'),(5,3,'http://www.stanton.net/',764192,'2015-10-09 05:56:38','2017-07-15 22:06:13'),(6,1,'http://www.homenick.com/',6587540,'2012-07-14 14:21:57','2017-12-26 00:47:19'),(7,2,'http://www.steuber.net/',353218390,'2013-06-10 22:29:54','2011-12-03 18:06:27'),(8,3,'http://mcdermott.biz/',9755601,'2016-04-13 00:53:24','2013-08-02 04:52:24'),(9,1,'http://flatley.biz/',30241,'2014-05-12 23:21:22','2015-05-22 01:26:12'),(10,2,'http://ortiz.com/',20486,'2014-10-31 10:00:05','2014-09-23 04:13:27'),(11,3,'http://berge.com/',740490,'2014-01-16 21:52:24','2012-10-01 16:41:58'),(12,1,'http://mraz.com/',69905709,'2011-11-16 22:14:29','2013-06-18 02:10:17'),(13,2,'http://emard.info/',32713928,'2019-03-17 09:11:22','2014-06-17 09:34:48'),(14,3,'http://weissnatgrant.net/',561,'2017-02-12 05:51:53','2011-05-19 21:38:42'),(15,1,'http://www.lehnercrist.org/',42100008,'2011-02-16 22:24:08','2019-07-03 09:12:38'),(16,2,'http://www.prohaska.com/',23,'2011-10-23 05:58:43','2013-09-14 08:57:00'),(17,3,'http://www.marquardt.com/',62,'2017-03-07 21:42:59','2019-04-28 00:54:47'),(18,1,'http://www.marquardt.com/',392,'2011-03-24 04:52:02','2012-02-16 12:57:21'),(19,2,'http://naderhermann.com/',84,'2011-12-28 15:51:42','2014-12-18 15:29:19'),(20,3,'http://russel.info/',171248,'2018-06-06 04:27:49','2017-03-26 20:20:23'),(21,1,'http://www.ratke.com/',0,'2020-03-15 23:52:41','2017-10-25 20:26:10'),(22,2,'http://bartonhaag.com/',2,'2010-03-28 15:59:59','2014-07-09 12:40:20'),(23,3,'http://rau.com/',70742214,'2014-03-23 10:30:15','2010-05-06 15:32:47'),(24,1,'http://cummerata.com/',316,'2010-04-13 23:34:02','2013-12-05 22:26:45'),(25,2,'http://legrosreichert.com/',830,'2019-10-23 02:14:19','2011-12-03 01:25:43'),(26,3,'http://www.hegmann.com/',9099900,'2010-07-30 02:19:49','2012-04-23 08:26:22'),(27,1,'http://www.keeling.com/',56841,'2011-08-14 10:00:00','2013-05-29 15:18:03'),(28,2,'http://will.com/',39683,'2016-02-05 12:25:26','2018-10-09 17:31:23'),(29,3,'http://grant.info/',83,'2013-11-30 18:32:12','2018-12-04 16:37:51'),(30,1,'http://price.com/',886565,'2018-10-10 04:24:15','2015-12-10 09:33:38'),(31,2,'http://pacocha.info/',4398,'2016-10-18 04:54:54','2016-08-17 07:31:03'),(32,3,'http://www.keebler.com/',64334454,'2017-12-29 06:30:54','2014-01-20 03:44:08'),(33,1,'http://swaniawski.com/',1833693,'2014-11-25 08:51:39','2019-03-01 20:31:24'),(34,2,'http://bergstrom.com/',0,'2016-08-30 07:53:38','2016-04-28 16:05:12'),(35,3,'http://www.botsforddoyle.net/',9494298,'2020-02-19 22:35:30','2012-07-07 12:10:44'),(36,1,'http://www.lowegusikowski.biz/',16744,'2010-08-01 04:02:14','2011-11-09 12:43:00'),(37,2,'http://beier.com/',4952543,'2017-09-06 04:07:14','2010-11-15 16:16:14'),(38,3,'http://www.dare.info/',9,'2016-01-06 22:35:38','2017-07-22 11:29:06'),(39,1,'http://www.batzschaefer.com/',16611,'2011-11-28 16:02:33','2017-03-18 14:24:07'),(40,2,'http://www.kilback.com/',306,'2011-01-08 15:57:41','2016-01-26 14:33:40'),(41,3,'http://wardbeier.com/',36139387,'2014-04-26 09:16:38','2012-07-12 10:56:15'),(42,1,'http://murazikreynolds.info/',371234802,'2019-11-06 11:42:08','2014-11-05 12:04:31'),(43,2,'http://www.ritchie.info/',19,'2011-08-26 06:31:14','2017-05-04 08:48:03'),(44,3,'http://kuhn.com/',327,'2012-10-29 18:03:05','2019-03-23 23:39:37'),(45,1,'http://gaylord.info/',0,'2018-08-20 20:26:35','2016-06-30 18:16:12'),(46,2,'http://www.fritsch.com/',889745,'2013-11-18 07:21:52','2015-04-23 18:55:42'),(47,3,'http://www.wilderman.biz/',63764240,'2020-03-21 08:21:39','2013-10-13 12:02:53'),(48,1,'http://www.jacobsturcotte.info/',197,'2012-07-05 19:38:11','2014-06-09 21:09:46'),(49,2,'http://gottlieb.org/',188379173,'2016-02-22 12:58:45','2013-11-06 22:02:57'),(50,3,'http://www.wilderman.net/',21689563,'2013-11-23 16:24:40','2017-05-22 18:06:51'),(51,1,'http://www.ferryokon.com/',0,'2018-04-16 10:15:25','2012-01-04 10:23:21'),(52,2,'http://www.glover.com/',3213,'2017-09-11 19:23:05','2018-06-14 23:23:53'),(53,3,'http://www.howeeffertz.com/',0,'2013-08-05 09:20:22','2016-04-16 22:08:00'),(54,1,'http://www.mohr.net/',6666516,'2011-05-31 01:31:24','2020-03-01 02:40:38'),(55,2,'http://www.turnermitchell.info/',472,'2011-05-30 07:44:01','2015-05-07 16:55:27'),(56,3,'http://larkinschumm.com/',26484312,'2013-09-02 23:58:26','2013-12-03 22:54:37'),(57,1,'http://bins.org/',99604,'2012-09-28 08:59:20','2015-04-07 08:08:07'),(58,2,'http://www.boyle.biz/',5666,'2010-06-10 03:35:53','2016-07-10 12:53:17'),(59,3,'http://www.walter.info/',970811858,'2013-10-01 20:04:11','2012-08-09 21:46:25'),(60,1,'http://www.jerdeschaden.info/',3342778,'2015-04-16 12:16:23','2010-09-06 01:20:38'),(61,2,'http://www.gulgowskibeahan.com/',20,'2016-04-02 20:19:10','2014-06-08 00:31:43'),(62,3,'http://www.schumm.com/',32730,'2014-03-25 15:56:54','2012-01-16 11:43:24'),(63,1,'http://www.wilkinsonzieme.com/',4363,'2015-05-24 06:14:34','2011-04-28 16:59:22'),(64,2,'http://www.parker.biz/',125,'2015-12-17 08:58:25','2016-08-04 19:42:26'),(65,3,'http://www.swaniawski.com/',1,'2013-11-22 14:22:50','2018-08-13 05:51:45'),(66,1,'http://fishergleichner.net/',34,'2016-10-18 01:33:58','2011-06-13 10:40:20'),(67,2,'http://beierbarrows.com/',6,'2011-05-13 08:03:21','2016-08-13 14:59:19'),(68,3,'http://www.sawayn.info/',16,'2016-05-11 06:36:36','2013-09-06 10:37:40'),(69,1,'http://sengermcdermott.com/',77,'2019-04-19 11:56:38','2020-03-13 16:32:16'),(70,2,'http://www.monahanfeeney.com/',7702643,'2019-06-03 00:40:05','2015-07-04 05:59:52'),(71,3,'http://www.roberts.com/',8,'2015-10-23 06:30:30','2018-04-28 13:52:50'),(72,1,'http://wintheiserbreitenberg.org/',6750,'2017-02-13 20:26:35','2018-04-18 09:07:09'),(73,2,'http://hintz.net/',8,'2011-01-12 18:54:09','2015-08-15 03:17:16'),(74,3,'http://jaskolskicarroll.com/',956,'2019-12-22 01:27:06','2014-05-25 15:17:21'),(75,1,'http://rempelkassulke.net/',8149,'2011-03-19 17:48:42','2013-12-04 08:50:21'),(76,2,'http://keeling.com/',0,'2011-05-06 16:19:45','2014-08-07 03:28:44'),(77,3,'http://www.willlittle.com/',3,'2019-05-26 08:18:18','2012-01-13 14:30:54'),(78,1,'http://www.schroeder.com/',2,'2014-07-19 16:50:54','2019-04-01 11:10:22'),(79,2,'http://www.hettinger.net/',6,'2011-01-28 13:49:11','2018-11-15 15:58:50'),(80,3,'http://www.wyman.com/',487403,'2015-08-19 15:08:34','2019-03-29 09:06:18'),(81,1,'http://gleichner.com/',562,'2018-08-11 20:07:10','2014-10-11 00:39:04'),(82,2,'http://www.schulist.info/',602080772,'2014-08-02 16:21:15','2019-03-17 09:35:34'),(83,3,'http://schumm.info/',40642954,'2017-07-24 17:56:19','2019-12-16 19:01:20'),(84,1,'http://www.emmerichbatz.com/',0,'2010-11-08 03:37:58','2019-09-06 00:25:17'),(85,2,'http://www.kozey.com/',51065,'2019-12-08 12:04:54','2019-09-02 23:04:30'),(86,3,'http://smithamcorwin.biz/',334060346,'2010-05-02 23:12:38','2015-04-20 18:44:44'),(87,1,'http://www.walter.com/',88075149,'2012-06-29 21:59:45','2011-07-31 09:27:22'),(88,2,'http://www.prohaska.org/',8511,'2019-03-04 21:28:42','2011-12-11 19:57:37'),(89,3,'http://wolff.info/',939641,'2020-01-16 06:35:09','2012-04-17 08:16:46'),(90,1,'http://www.collierlebsack.com/',40314,'2015-01-03 18:44:50','2019-10-28 11:36:50'),(91,2,'http://reichert.com/',6529049,'2015-09-06 23:10:26','2013-08-05 20:38:05'),(92,3,'http://haley.com/',715133416,'2018-12-14 01:48:51','2015-02-13 16:15:21'),(93,1,'http://www.hackettstroman.org/',518539433,'2019-06-24 10:35:45','2014-02-19 00:52:20'),(94,2,'http://wolff.com/',378,'2015-10-04 16:06:12','2012-03-12 22:31:45'),(95,3,'http://www.pollich.info/',0,'2018-02-01 05:49:40','2015-09-22 05:27:13'),(96,1,'http://www.mann.com/',541,'2013-01-09 05:42:26','2013-01-17 19:26:08'),(97,2,'http://www.treutelwisoky.com/',6,'2016-09-09 20:46:51','2016-07-01 09:58:50'),(98,3,'http://maggio.info/',33,'2019-04-29 17:12:44','2019-08-26 07:48:52'),(99,1,'http://jacobi.org/',69,'2017-10-12 03:13:25','2014-06-10 03:32:59'),(100,2,'http://gaylord.com/',0,'2011-12-29 16:47:51','2011-02-20 04:26:19');
/*!40000 ALTER TABLE `ads_media` ENABLE KEYS */;
UNLOCK TABLES;

--
-- Table structure for table `amenities`
--

DROP TABLE IF EXISTS `amenities`;
/*!40101 SET @saved_cs_client     = @@character_set_client */;
/*!50503 SET character_set_client = utf8mb4 */;
CREATE TABLE `amenities` (
  `ad_id` int unsigned NOT NULL,
  `kitchen` tinyint(1) DEFAULT NULL,
  `free_parking_on_premises` tinyint(1) DEFAULT NULL,
  `wifi` tinyint(1) DEFAULT NULL,
  `cable_tv` tinyint(1) DEFAULT NULL,
  `smoke_alarm` tinyint(1) DEFAULT NULL,
  `carbon_monoxide_alarm` tinyint(1) DEFAULT NULL,
  `air_conditioning` tinyint(1) DEFAULT NULL,
  `hot_water` tinyint(1) DEFAULT NULL,
  `pool` tinyint(1) DEFAULT NULL,
  `cooking_basics` tinyint(1) DEFAULT NULL,
  `cleaning_before_checkout` tinyint(1) DEFAULT NULL,
  KEY `amenities_ad_id` (`ad_id`),
  CONSTRAINT `amenities_ad_id` FOREIGN KEY (`ad_id`) REFERENCES `ads` (`id`)
) ENGINE=InnoDB DEFAULT CHARSET=utf8mb4 COLLATE=utf8mb4_0900_ai_ci;
/*!40101 SET character_set_client = @saved_cs_client */;

--
-- Dumping data for table `amenities`
--

LOCK TABLES `amenities` WRITE;
/*!40000 ALTER TABLE `amenities` DISABLE KEYS */;
INSERT INTO `amenities` VALUES (1,0,1,0,0,1,0,0,0,1,0,1),(2,0,0,0,0,0,0,0,0,0,0,1),(3,1,1,1,0,0,1,1,1,1,0,0),(4,0,0,0,1,1,0,1,1,0,1,0),(5,1,0,0,1,0,0,0,1,1,1,1),(6,0,1,0,1,1,1,1,0,1,0,0),(7,1,0,1,0,0,0,0,1,1,1,0),(8,0,0,0,1,1,0,1,0,0,0,0),(9,0,0,1,1,1,0,1,0,0,0,0),(10,0,0,0,0,1,1,1,1,1,0,1),(11,0,0,1,0,1,0,1,0,1,0,0),(12,1,1,1,0,0,0,1,0,1,0,1),(13,1,0,1,1,1,1,0,0,0,0,0),(14,1,1,1,1,1,0,1,1,0,1,0),(15,1,0,0,1,0,1,1,0,1,1,1),(16,1,0,1,0,1,0,0,1,0,1,1),(17,0,1,0,1,0,0,0,0,0,1,1),(18,0,1,1,0,1,0,1,1,0,0,0),(19,0,0,0,1,1,1,0,0,1,0,1),(20,0,1,0,1,0,1,0,1,1,1,1),(21,1,0,0,1,0,0,0,0,0,0,1),(22,0,1,0,1,0,0,1,1,1,0,0),(23,0,1,0,1,1,0,1,0,0,1,1),(24,1,0,1,1,0,1,1,1,0,1,1),(25,0,1,1,0,1,0,1,0,1,1,0),(26,0,0,1,1,0,1,0,1,1,1,0),(27,1,0,0,0,1,0,0,1,1,0,0),(28,1,0,0,0,0,0,1,0,1,0,1),(29,0,0,1,0,0,1,0,1,1,0,0),(30,1,0,1,1,0,0,1,0,1,0,1),(31,1,0,1,0,0,0,0,0,0,0,1),(32,1,0,1,0,0,0,1,0,0,1,1),(33,1,1,0,1,1,0,0,0,1,1,1),(34,1,1,0,0,0,0,1,0,1,0,0),(35,1,0,0,1,0,1,0,0,1,1,1),(36,0,0,1,0,1,1,1,1,1,1,0),(37,0,1,1,0,0,1,0,0,0,1,1),(38,0,0,0,0,1,0,1,1,1,1,0),(39,1,1,0,1,1,1,0,0,0,1,0),(40,1,0,0,1,0,1,0,0,0,1,1),(41,0,1,1,1,0,0,1,1,0,1,0),(42,1,1,1,0,1,0,1,0,1,0,0),(43,1,1,0,1,1,1,1,0,0,0,1),(44,0,0,1,1,1,1,0,0,0,1,0),(45,0,1,1,1,1,1,0,0,1,0,1),(46,0,1,0,0,0,1,0,0,0,0,1),(47,1,1,1,0,1,1,0,1,1,1,0),(48,0,1,0,0,1,0,0,1,1,1,0),(49,1,0,1,1,0,1,0,0,1,1,1),(50,1,1,1,0,1,0,0,0,0,0,0),(51,0,0,1,0,0,1,1,0,1,1,0),(52,1,0,0,0,0,1,1,0,1,0,0),(53,1,1,1,0,0,0,1,0,0,0,1),(54,1,1,1,0,1,1,0,0,0,1,1),(55,0,0,0,0,0,0,1,0,0,0,0),(56,1,1,0,1,0,0,0,1,1,1,1),(57,0,1,1,1,0,1,0,1,1,1,0),(58,0,0,1,0,0,0,1,1,1,1,1),(59,1,1,1,1,0,1,0,0,0,0,1),(60,0,1,0,1,1,1,0,1,1,1,0),(61,1,1,0,0,1,0,0,1,0,0,1),(62,1,0,1,0,1,0,1,1,1,1,1),(63,0,0,0,0,0,1,1,1,0,1,1),(64,1,1,0,1,0,1,1,1,1,1,0),(65,1,1,0,1,1,0,0,0,1,1,1),(66,0,1,1,1,1,1,1,0,1,1,1),(67,0,0,0,1,1,0,0,0,0,0,0),(68,0,0,0,0,1,1,0,1,1,0,1),(69,0,0,1,0,0,0,1,1,1,1,0),(70,1,1,1,0,0,0,1,1,1,0,0),(71,1,0,0,1,0,0,0,0,0,0,1),(72,1,1,0,0,1,0,1,1,0,1,1),(73,1,0,0,0,1,1,0,1,1,1,1),(74,0,1,0,0,0,1,0,0,1,1,0),(75,0,1,0,1,0,1,1,0,0,1,0),(76,0,1,1,1,0,1,0,1,1,0,0),(77,0,1,0,0,1,1,1,1,0,0,0),(78,1,0,0,0,1,0,0,0,0,0,1),(79,0,1,1,1,1,0,0,0,0,0,0),(80,0,0,1,1,0,1,1,1,1,1,1),(81,1,0,0,1,1,1,1,0,0,1,0),(82,0,0,1,0,0,0,1,1,0,1,1),(83,1,0,1,0,1,0,1,0,0,0,1),(84,0,1,1,1,1,0,0,1,1,0,0),(85,1,1,1,1,0,1,0,1,1,1,0),(86,1,1,0,0,1,0,1,1,1,1,1),(87,0,1,1,1,1,0,1,1,0,1,0),(88,0,1,0,0,0,1,1,0,0,1,1),(89,0,1,0,1,0,0,0,1,1,0,1),(90,0,1,0,0,1,0,1,0,1,0,1),(91,0,1,1,1,0,1,0,0,0,1,1),(92,0,1,1,0,1,1,1,0,1,0,1),(93,1,1,1,1,0,1,1,1,1,1,0),(94,0,0,0,1,0,0,1,1,0,1,0),(95,0,1,1,1,0,0,0,1,0,0,1),(96,1,1,1,0,1,0,0,0,0,1,1),(97,0,1,1,0,1,0,1,0,1,0,0),(98,0,1,1,1,1,1,1,0,1,1,0),(99,0,1,1,1,0,0,1,0,1,0,1),(100,1,1,1,0,1,0,0,0,0,1,1);
/*!40000 ALTER TABLE `amenities` ENABLE KEYS */;
UNLOCK TABLES;

--
-- Table structure for table `cities`
--

DROP TABLE IF EXISTS `cities`;
/*!40101 SET @saved_cs_client     = @@character_set_client */;
/*!50503 SET character_set_client = utf8mb4 */;
CREATE TABLE `cities` (
  `id` int unsigned NOT NULL AUTO_INCREMENT,
  `name` varchar(100) DEFAULT NULL,
  `country_id` int unsigned NOT NULL,
  `created_at` datetime DEFAULT CURRENT_TIMESTAMP,
  PRIMARY KEY (`id`),
  UNIQUE KEY `name` (`name`,`country_id`),
  KEY `cities_country_id_fk` (`country_id`),
  CONSTRAINT `cities_country_id_fk` FOREIGN KEY (`country_id`) REFERENCES `countries` (`id`)
) ENGINE=InnoDB AUTO_INCREMENT=401 DEFAULT CHARSET=utf8mb4 COLLATE=utf8mb4_0900_ai_ci;
/*!40101 SET character_set_client = @saved_cs_client */;

--
-- Dumping data for table `cities`
--

LOCK TABLES `cities` WRITE;
/*!40000 ALTER TABLE `cities` DISABLE KEYS */;
INSERT INTO `cities` VALUES (1,'Jaskolskihaven',1,'1979-11-19 19:39:59'),(2,'North Hebermouth',2,'1996-10-30 04:34:51'),(3,'South Alaina',3,'1973-02-09 11:04:02'),(4,'Lake Raleigh',4,'2009-07-02 02:27:00'),(5,'Katelinstad',5,'2008-12-01 02:26:36'),(6,'Lake Brainport',6,'1977-06-05 07:53:32'),(7,'Nicklausview',7,'2013-10-23 19:53:33'),(8,'Davishaven',8,'2000-03-09 13:31:58'),(9,'Cronaview',9,'1993-02-17 14:23:42'),(10,'East Makayla',10,'1971-12-27 18:07:49'),(11,'Lake Kenton',11,'1985-09-30 13:52:01'),(12,'Micahmouth',12,'1984-01-14 12:42:49'),(13,'Roselynton',13,'2007-10-09 14:56:31'),(14,'Heathcotemouth',14,'1975-09-15 13:01:48'),(15,'West Ahmedfurt',15,'1984-12-16 16:01:26'),(16,'Eichmannview',16,'1974-11-14 19:40:48'),(17,'Melodyshire',17,'1994-08-22 22:15:46'),(18,'New Evertville',18,'1971-07-27 06:19:43'),(19,'Port Oliver',19,'2007-05-30 17:03:15'),(20,'Eugeneland',20,'1986-04-29 17:19:14'),(21,'Padbergmouth',21,'2001-12-28 10:51:47'),(22,'Kameronchester',22,'2002-06-05 17:03:43'),(23,'Odellshire',23,'1970-04-17 06:59:01'),(24,'West Delphiabury',24,'1980-06-04 19:45:02'),(25,'North Luluport',25,'1972-10-03 07:29:25'),(26,'Jacobichester',26,'2002-04-12 23:53:31'),(27,'Todfurt',27,'1993-06-14 01:54:38'),(28,'West Major',28,'1977-10-26 08:32:36'),(29,'Weldonport',29,'1991-07-09 11:52:40'),(30,'Hintzburgh',30,'1972-01-05 09:14:57'),(31,'South Myrnaton',31,'1970-05-18 11:12:18'),(32,'Grantview',32,'1976-06-25 10:20:46'),(33,'New Hardy',33,'2012-11-12 13:24:27'),(34,'Lillianfort',34,'2018-05-06 10:00:28'),(35,'New Korymouth',35,'2005-04-06 04:52:05'),(36,'Jovanistad',36,'1997-03-05 22:39:02'),(37,'Stammburgh',37,'2010-03-27 07:14:52'),(38,'Port Aliyahstad',38,'2011-04-16 03:35:43'),(39,'New Elinoreland',39,'1974-08-11 05:34:33'),(40,'South Ally',40,'1988-03-02 22:55:57'),(41,'Kleinside',41,'1984-01-24 00:48:10'),(42,'East Jackelineton',42,'1977-01-29 18:38:42'),(43,'Cristianshire',43,'2000-12-29 11:43:11'),(44,'Artmouth',44,'1972-06-22 12:22:27'),(45,'Ritchiestad',45,'1981-05-22 05:41:14'),(46,'Sipeshaven',46,'1979-06-30 04:40:28'),(47,'Lake Elroy',47,'2006-09-01 06:48:17'),(48,'Pagacport',48,'1979-11-10 14:14:43'),(49,'North Delphatown',49,'1992-12-29 04:10:10'),(50,'Cummeratamouth',50,'1987-09-24 01:35:08'),(51,'Herbertside',51,'2007-02-23 21:06:54'),(52,'Sabinaland',52,'2007-04-21 10:53:20'),(53,'North Nestor',53,'2000-09-21 20:00:34'),(54,'New Nelda',54,'1989-03-23 18:26:17'),(55,'Imastad',55,'1987-01-26 00:21:42'),(56,'North Keshawnberg',56,'2000-10-01 11:53:28'),(57,'Rutherfordview',57,'1997-08-06 15:47:24'),(58,'Raulside',58,'2012-12-11 21:54:08'),(59,'Rathborough',59,'1992-03-03 18:13:36'),(60,'North Hailie',60,'2002-07-06 08:35:49'),(61,'North Adolphusfurt',61,'1999-11-02 07:39:56'),(62,'Beauside',62,'1997-12-27 13:10:06'),(63,'New Leeland',63,'1987-09-23 14:31:50'),(64,'Keeblerchester',64,'1993-11-11 15:31:22'),(65,'Gerholdberg',65,'1972-07-19 04:24:00'),(66,'East Fredrick',66,'1970-09-09 03:39:50'),(67,'Lake Blair',67,'1978-09-06 08:41:31'),(68,'Port Janisview',68,'1988-11-02 04:12:37'),(69,'Ardithview',69,'1993-09-23 03:07:14'),(70,'Lake Amyaview',70,'1993-09-09 03:37:15'),(71,'New Laurianestad',71,'1999-10-02 18:13:19'),(72,'New Mellie',72,'2017-05-09 21:35:37'),(73,'East Princessberg',73,'1973-08-01 17:55:11'),(74,'West Kody',74,'2018-03-16 14:42:53'),(75,'Cronaborough',75,'2004-05-15 22:05:44'),(76,'East Jules',76,'1979-10-26 20:50:47'),(77,'Cronaton',77,'2003-01-16 03:59:46'),(78,'Lake Opheliaside',78,'1996-11-09 14:22:22'),(79,'Lake Levi',79,'1973-01-26 07:00:39'),(80,'North Bridgetland',80,'1983-09-27 03:58:36'),(81,'North Sheldonburgh',81,'2008-05-08 12:15:35'),(82,'Port Estebanbury',82,'2006-12-07 14:09:16'),(83,'South Terrence',83,'1977-02-07 23:58:05'),(84,'South Petraland',84,'1975-07-21 20:15:39'),(85,'South Samson',85,'2001-02-19 19:09:02'),(86,'Ferrymouth',86,'1979-10-05 13:35:56'),(87,'Hayesville',87,'1994-10-28 09:45:30'),(88,'Cletusside',88,'1982-08-24 07:36:17'),(89,'West Emelie',89,'1975-11-25 13:02:25'),(90,'Ullrichstad',90,'2001-04-07 12:47:19'),(91,'Port Rubyeville',91,'1992-09-24 18:46:43'),(92,'Port Braxton',92,'2018-11-08 05:32:20'),(93,'Weimannside',93,'1971-05-12 07:47:54'),(94,'Lizziefort',94,'1983-12-30 10:41:16'),(95,'Stantonborough',95,'2019-12-15 15:39:51'),(96,'Runolfssonmouth',96,'2007-02-20 06:37:42'),(97,'Quigleyhaven',97,'1975-02-01 13:52:00'),(98,'East Lillyshire',98,'2018-03-06 22:00:28'),(99,'Graysonbury',99,'1987-05-07 03:30:21'),(100,'Lawsonborough',100,'1989-11-24 04:19:53'),(101,'Schmelershire',101,'1988-09-01 14:24:55'),(102,'North Fabianmouth',102,'1975-08-17 18:33:05'),(103,'Hilpertfort',103,'1979-06-29 04:37:53'),(104,'Mosciskiland',104,'1985-11-12 06:09:45'),(105,'Jammieshire',105,'2002-08-07 00:19:17'),(106,'East Ikebury',106,'1979-01-19 11:48:52'),(107,'North Granville',107,'1991-06-22 12:15:06'),(108,'Elmirafort',108,'2014-03-01 07:11:45'),(109,'West Linneaville',109,'2018-11-18 18:58:59'),(110,'Lazarochester',110,'1999-09-13 03:24:55'),(111,'West Ona',111,'1987-03-03 21:22:58'),(112,'South Isabellmouth',112,'2012-11-17 03:47:08'),(113,'Harveyfort',113,'2001-12-19 13:40:33'),(114,'Croninstad',114,'1994-06-12 21:17:22'),(115,'Grimesmouth',115,'1994-03-04 15:14:39'),(116,'Peytonside',116,'2011-08-24 18:06:55'),(117,'New Willis',117,'1984-10-10 23:42:42'),(118,'Bahringerborough',118,'1972-02-25 05:00:35'),(119,'New Winifredside',119,'1972-05-15 13:27:03'),(120,'New Patience',120,'1974-04-10 20:30:57'),(121,'New Dedric',121,'1980-07-15 03:43:09'),(122,'Dickenschester',122,'1971-09-26 06:10:28'),(123,'East Lessie',123,'2004-09-18 00:25:10'),(124,'Port Goldenport',124,'1995-10-21 13:05:39'),(125,'Connfurt',125,'1986-05-21 03:01:55'),(126,'North Brooks',126,'1978-04-02 00:49:58'),(127,'Rodrigoberg',127,'1981-03-07 18:50:07'),(128,'Port Reagan',128,'2003-03-09 04:11:49'),(129,'Port Abigayle',129,'2000-05-21 12:08:19'),(130,'East Jamir',130,'1982-08-10 03:27:29'),(131,'Maiatown',131,'1977-01-29 16:57:57'),(132,'North Waldo',132,'1975-02-16 22:53:02'),(133,'Port Madaline',133,'1989-11-28 05:36:54'),(134,'East Calista',134,'2003-05-23 07:06:47'),(135,'Kilbackchester',135,'2007-03-05 12:30:10'),(136,'Mitchelltown',136,'1990-04-14 22:49:21'),(137,'Port Maudiemouth',137,'1979-08-27 12:18:19'),(138,'Osinskimouth',138,'1993-06-03 13:22:12'),(139,'Rodolfomouth',139,'1974-01-19 10:10:51'),(140,'Port Emiliaview',140,'2000-05-30 04:58:08'),(141,'West Dannie',141,'2013-12-18 11:06:00'),(142,'Lake Oranview',142,'2017-12-01 17:15:08'),(143,'Langoshshire',143,'1979-12-30 23:35:08'),(144,'Zacharychester',144,'1994-06-10 15:57:28'),(145,'Treutelborough',145,'1982-12-24 05:37:11'),(146,'Raquelton',146,'1974-09-06 07:51:17'),(147,'Christiansenstad',147,'2006-03-06 12:24:35'),(148,'Marquardtberg',148,'1980-11-16 23:26:37'),(149,'Krischester',149,'1999-09-17 03:04:46'),(150,'Hilpertfort',150,'2019-11-28 04:48:20'),(151,'New Zechariah',151,'2000-12-19 11:54:21'),(152,'East Alexandrineburgh',152,'1985-03-25 00:28:07'),(153,'Kayleeburgh',153,'1970-02-14 12:47:48'),(154,'Lake Alicia',154,'1989-04-16 00:21:50'),(155,'West Einarport',155,'1980-07-05 23:01:00'),(156,'Alanport',156,'1998-03-23 21:51:08'),(157,'Hesselfort',157,'1976-07-28 00:00:21'),(158,'Alysonview',158,'2019-03-26 09:47:26'),(159,'Rathfurt',159,'1981-05-20 00:01:16'),(160,'Lake Garretton',160,'1972-05-01 02:16:53'),(161,'New Kara',161,'1975-08-26 03:30:24'),(162,'North Brookestad',162,'2009-08-02 19:08:11'),(163,'New Roxaneburgh',163,'2005-07-25 06:30:52'),(164,'Wisozkland',164,'1990-03-04 13:00:29'),(165,'Lake Dalton',165,'1991-05-06 04:11:26'),(166,'Hilariohaven',166,'1989-09-13 17:36:56'),(167,'South Brandynborough',167,'2009-08-18 12:52:57'),(168,'Emmerichview',168,'1970-05-21 08:48:03'),(169,'Port Merl',169,'1994-12-02 17:04:18'),(170,'Hauckchester',170,'1984-04-20 15:12:48'),(171,'Muellerside',171,'1977-10-15 03:36:20'),(172,'West Genoveva',172,'2005-01-30 15:57:13'),(173,'Runolfsdottirstad',173,'2019-11-23 00:02:20'),(174,'South Eulah',174,'1982-11-05 22:52:59'),(175,'Carlostad',175,'1974-07-26 05:34:54'),(176,'New Alexandrea',176,'2011-04-19 02:09:39'),(177,'Lancehaven',177,'1982-10-05 00:37:23'),(178,'New Jonathanland',178,'1990-03-19 07:21:34'),(179,'Leannonburgh',179,'2001-02-26 10:04:15'),(180,'North Thurman',180,'1975-10-07 14:19:32'),(181,'Carsonmouth',181,'1992-02-27 00:31:02'),(182,'South Eloyside',182,'2009-08-08 21:15:35'),(183,'West Madie',183,'2019-02-07 23:03:55'),(184,'Carletonberg',184,'2004-12-12 20:47:32'),(185,'Lueilwitzfurt',185,'1975-05-14 01:16:56'),(186,'Nikolausberg',186,'1983-03-08 17:11:01'),(187,'East Annalise',187,'2007-11-09 02:19:49'),(188,'West Tadport',188,'1976-12-19 07:14:22'),(189,'West Hattie',189,'1972-11-29 21:31:55'),(190,'Tillmanchester',190,'2009-10-31 08:13:46'),(191,'Harberton',191,'2008-02-02 07:51:41'),(192,'North Walker',192,'1989-10-14 04:06:07'),(193,'Mckaylafurt',193,'2004-03-28 13:36:01'),(194,'Lilianburgh',1,'1984-04-28 22:20:34'),(195,'East Buckmouth',2,'1975-11-11 17:01:55'),(196,'Mooreland',3,'2014-06-10 11:51:53'),(197,'Rileybury',4,'1975-03-17 17:16:28'),(198,'Port Eldora',5,'1979-05-21 01:43:17'),(199,'West Caesar',6,'1976-04-14 21:56:33'),(200,'Port Mittieland',7,'1999-11-24 08:32:02'),(201,'Millschester',8,'1984-12-31 20:08:27'),(202,'Hyattshire',9,'1996-05-22 16:48:42'),(203,'New Shanontown',10,'2018-09-26 11:00:42'),(204,'Dickinsonland',11,'1977-04-18 07:11:08'),(205,'South Arne',12,'1973-04-09 10:48:41'),(206,'Janisfurt',13,'1990-10-03 18:09:45'),(207,'Port Henri',14,'1975-01-15 20:07:48'),(208,'Bruenland',15,'2002-02-12 20:48:35'),(209,'Sincerebury',16,'1973-06-24 02:06:21'),(210,'Port Abnerfurt',17,'1973-09-18 03:04:01'),(211,'North Oswaldo',18,'1985-10-12 05:57:34'),(212,'Doyleland',19,'2013-01-26 16:54:19'),(213,'West Teresa',20,'2001-11-02 15:11:28'),(214,'New Rosa',21,'1997-06-16 16:44:57'),(215,'South Jameyview',22,'1999-02-04 15:04:04'),(216,'Lake Barneyland',23,'1997-06-15 19:06:23'),(217,'North Glen',24,'1994-02-01 19:43:21'),(218,'Lake Isabell',25,'1992-04-08 01:08:38'),(219,'Dareville',26,'2001-06-19 00:54:30'),(220,'Lake Shawn',27,'1970-02-02 23:20:39'),(221,'Cruzville',28,'1984-03-08 21:37:59'),(222,'Smithamburgh',29,'1999-01-31 21:39:44'),(223,'Dinohaven',30,'2013-02-10 00:31:58'),(224,'Celestineberg',31,'2018-06-30 12:50:32'),(225,'New Websterchester',32,'1975-10-28 06:11:12'),(226,'South Steviehaven',33,'2012-11-18 06:17:09'),(227,'Lizzieborough',34,'2011-09-27 16:05:10'),(228,'West Cristinaberg',35,'1986-04-25 15:33:55'),(229,'East Devonte',36,'1985-04-22 10:24:11'),(230,'Port Camillaborough',37,'1979-10-12 06:49:26'),(231,'Elainashire',38,'2004-05-16 02:06:08'),(232,'Ikeborough',39,'1997-07-13 15:00:59'),(233,'West Taylorville',40,'1990-03-19 11:27:37'),(234,'Creolamouth',41,'1998-02-06 10:37:46'),(235,'Schillerville',42,'2008-10-18 20:22:56'),(236,'Port Jeramieborough',43,'1973-09-23 10:46:30'),(237,'West Jacintheburgh',44,'1975-09-06 04:08:56'),(238,'South Sean',45,'2009-04-14 06:19:22'),(239,'New Peyton',46,'1984-08-12 22:59:17'),(240,'Schambergerton',47,'2000-08-14 13:12:04'),(241,'East Darrick',48,'1982-05-04 00:23:57'),(242,'Corkerymouth',49,'1993-07-28 08:03:39'),(243,'New Delfina',50,'2009-06-09 02:59:04'),(244,'Lake Estellaview',51,'1971-09-26 11:45:27'),(245,'Catharineborough',52,'1973-08-07 18:19:00'),(246,'New Chloe',53,'2016-04-20 18:44:14'),(247,'West Myrtle',54,'2016-05-05 20:23:33'),(248,'East Mertieland',55,'1983-12-24 15:26:01'),(249,'Ezekielfurt',56,'1987-01-05 04:43:18'),(250,'East Gwen',57,'1984-10-10 03:53:46'),(251,'Reingerburgh',58,'1990-04-17 22:49:51'),(252,'Dietrichfurt',59,'2014-11-25 10:17:11'),(253,'Sebastianberg',60,'1988-06-22 06:48:16'),(254,'North Myrl',61,'1986-08-23 14:29:59'),(255,'Port Luechester',62,'1980-12-31 15:23:47'),(256,'Daijatown',63,'1995-02-10 07:27:12'),(257,'Rueckerfort',64,'1999-01-02 00:21:21'),(258,'New Carleymouth',65,'1977-05-06 04:35:42'),(259,'Christianfort',66,'1992-02-21 21:08:59'),(260,'Ilamouth',67,'1973-02-16 20:10:49'),(261,'Croninshire',68,'2011-04-25 17:33:34'),(262,'East Delpha',69,'2002-01-19 01:43:35'),(263,'Kertzmannfurt',70,'2011-05-30 18:31:52'),(264,'Johnsonmouth',71,'2008-02-01 15:22:08'),(265,'East Lily',72,'2012-03-13 03:03:41'),(266,'Balistreritown',73,'2019-03-14 15:10:41'),(267,'Houstonland',74,'1999-08-23 15:02:49'),(268,'Port Peytonside',75,'2019-03-24 12:41:02'),(269,'Jordiburgh',76,'1988-08-14 16:42:38'),(270,'Oswaldofurt',77,'1987-04-15 06:23:34'),(271,'Leannonview',78,'1988-09-17 14:29:59'),(272,'Hagenesbury',79,'2015-06-14 15:44:06'),(273,'East Johan',80,'1972-07-03 09:48:16'),(274,'North Misty',81,'1995-08-09 13:11:32'),(275,'Roxannefurt',82,'2010-01-09 01:44:20'),(276,'Torpborough',83,'1978-01-19 09:21:30'),(277,'North Edenhaven',84,'2013-10-25 11:08:39'),(278,'Lake Jedediahstad',85,'1992-05-16 05:21:39'),(279,'Efrainmouth',86,'1973-08-29 03:37:31'),(280,'New Arnaldo',87,'1994-04-14 21:26:25'),(281,'Clarabelleshire',88,'1983-04-16 02:25:19'),(282,'North Jan',89,'1977-11-20 00:33:01'),(283,'North Janelle',90,'1977-02-02 05:24:31'),(284,'North Yadira',91,'1974-01-04 02:42:19'),(285,'Celineberg',92,'1980-04-04 03:49:21'),(286,'Lennyberg',93,'1979-03-30 15:26:05'),(287,'Chrisland',94,'2014-07-28 18:24:27'),(288,'Jedediahside',95,'1980-09-24 06:03:32'),(289,'Metabury',96,'1974-11-22 13:04:06'),(290,'Sanfordport',97,'1972-05-08 13:59:14'),(291,'Gislasonland',98,'2004-11-10 21:40:04'),(292,'Port Vernie',99,'1993-01-04 03:44:49'),(293,'North Xzavierhaven',100,'2010-01-06 07:59:47'),(294,'Ezraberg',101,'2001-05-24 17:52:09'),(295,'East Adonis',102,'1973-05-19 09:21:33'),(296,'Jolietown',103,'2005-11-29 15:56:01'),(297,'West Emelieton',104,'1989-09-28 01:16:41'),(298,'West Brandyn',105,'1983-05-08 13:33:11'),(299,'New Millieberg',106,'1996-07-12 13:58:59'),(300,'Shieldsbury',107,'1983-03-30 08:47:10'),(301,'Port Alfred',108,'1992-09-29 06:14:05'),(302,'Batzburgh',109,'1989-06-07 05:26:16'),(303,'Gwenborough',110,'1992-10-25 12:59:24'),(304,'Schuppeton',111,'1991-02-26 09:29:14'),(305,'Kubshire',112,'1979-05-11 05:10:01'),(306,'West Palmafort',113,'1996-05-13 02:56:25'),(307,'Strosinstad',114,'1994-05-29 15:41:29'),(308,'West Fabiola',115,'2010-04-30 05:10:40'),(309,'Wintheiserville',116,'2003-10-25 05:31:51'),(310,'Ashaberg',117,'1972-09-05 14:01:04'),(311,'Champlinbury',118,'1994-09-27 06:56:24'),(312,'New Billie',119,'1984-04-28 04:05:21'),(313,'North Gerard',120,'2011-06-02 17:36:18'),(314,'East Grace',121,'2006-10-28 05:10:38'),(315,'Abbigailfurt',122,'2002-12-21 11:01:27'),(316,'Stehrmouth',123,'1983-10-23 21:51:53'),(317,'New Layla',124,'2013-12-28 06:30:50'),(318,'Port Hertafurt',125,'1970-02-09 12:26:35'),(319,'South Maryjaneside',126,'1976-06-16 07:33:20'),(320,'Port Jesse',127,'1987-01-07 11:50:25'),(321,'Morissetteberg',128,'2011-01-22 15:55:44'),(322,'East Emeliaton',129,'1985-11-14 15:56:40'),(323,'Lake Ashlynnburgh',130,'1981-03-31 02:59:38'),(324,'Gerlachland',131,'2012-02-13 16:54:11'),(325,'Napoleonfort',132,'1986-12-22 17:33:23'),(326,'Hermannview',133,'2002-03-29 07:22:06'),(327,'South Theresiafort',134,'1989-12-26 02:16:14'),(328,'Lake Arelyland',135,'1975-05-24 15:33:57'),(329,'West Montana',136,'1992-12-19 18:38:28'),(330,'North Mackmouth',137,'1970-12-31 06:31:28'),(331,'North Joesph',138,'2018-07-15 07:37:37'),(332,'North Onachester',139,'1979-05-31 06:40:35'),(333,'Ritchiefort',140,'2014-07-31 17:25:08'),(334,'West Masonland',141,'2012-03-12 23:44:24'),(335,'East Keshawnbury',142,'2008-07-29 23:12:32'),(336,'South Giovannyside',143,'1992-12-08 17:12:16'),(337,'Port Jackieborough',144,'2004-05-26 01:06:49'),(338,'Keyshawnburgh',145,'2019-01-10 02:01:44'),(339,'Lake Cyrus',146,'1991-03-12 21:25:50'),(340,'Karianneshire',147,'2009-09-19 01:22:12'),(341,'North Shemar',148,'2005-09-20 09:14:49'),(342,'East Shaina',149,'1985-09-07 17:25:47'),(343,'Kuhlmantown',150,'1998-09-03 22:13:34'),(344,'Darrylchester',151,'1970-10-13 20:10:32'),(345,'South Lola',152,'1981-11-05 02:37:04'),(346,'East Enid',153,'2017-03-05 05:31:32'),(347,'Coltenberg',154,'2009-03-09 04:11:11'),(348,'Kodyshire',155,'1993-06-24 23:01:08'),(349,'South Ashtonburgh',156,'1996-12-16 12:51:39'),(350,'South Novellaport',157,'1983-05-02 21:30:21'),(351,'Groverville',158,'1994-06-17 12:57:26'),(352,'Connbury',159,'1982-08-26 00:37:48'),(353,'Bettieland',160,'2001-02-13 19:55:49'),(354,'West Darianatown',161,'1990-08-05 01:42:38'),(355,'Medhurstside',162,'1995-11-29 01:40:05'),(356,'Lake Patience',163,'2005-02-21 18:48:13'),(357,'Gutkowskiberg',164,'1996-11-16 17:11:22'),(358,'Austinstad',165,'1980-10-09 07:26:46'),(359,'Lake Rolando',166,'1984-09-12 06:53:49'),(360,'Francohaven',167,'1976-08-21 04:15:01'),(361,'Gerlachbury',168,'2011-11-23 07:54:01'),(362,'New Amber',169,'1986-04-03 16:47:01'),(363,'East Zachary',170,'1974-01-29 03:50:40'),(364,'East Darylborough',171,'1975-10-11 11:14:18'),(365,'Streichmouth',172,'2010-02-04 15:48:37'),(366,'North Roger',173,'2010-10-28 12:53:32'),(367,'East Demond',174,'2018-05-23 00:42:30'),(368,'Bodeton',175,'2013-03-01 04:42:34'),(369,'Geovanyburgh',176,'2017-10-29 18:18:48'),(370,'South Clementineview',177,'2013-05-07 11:40:48'),(371,'Port Odell',178,'2003-11-05 09:10:37'),(372,'North Shaun',179,'1995-02-22 05:15:31'),(373,'Gutkowskiland',180,'2011-03-05 21:42:55'),(374,'Jacobsonburgh',181,'2018-05-17 20:12:38'),(375,'Port Elliott',182,'1989-04-11 00:56:26'),(376,'McKenzieberg',183,'1972-01-13 18:50:52'),(377,'Nathanaeltown',184,'2013-11-24 16:31:25'),(378,'Port Emelyville',185,'2003-06-08 05:13:19'),(379,'East Evans',186,'1979-01-28 03:37:57'),(380,'Bryanastad',187,'1982-04-15 08:19:38'),(381,'East Raina',188,'2014-07-05 05:53:30'),(382,'Christinaburgh',189,'2018-01-27 00:03:17'),(383,'South Sim',190,'1979-07-22 14:36:46'),(384,'Brekkebury',191,'2008-05-27 19:36:48'),(385,'Wehnerland',192,'1999-08-09 15:10:37'),(386,'Port Alberta',193,'1980-08-28 11:17:16'),(387,'Lake Aidenview',1,'2013-06-23 18:29:31'),(388,'Port Justynport',2,'1980-08-12 01:45:07'),(389,'Rebeccaton',3,'1996-03-23 16:55:34'),(390,'Lake Abelardo',4,'2002-12-05 17:36:20'),(391,'Erdmanburgh',5,'2006-05-16 11:48:03'),(392,'North Ally',6,'2003-04-30 04:00:14'),(393,'West Terrellfort',7,'2010-12-05 16:03:37'),(394,'Bechtelarberg',8,'2014-05-17 23:50:05'),(395,'Pearliechester',9,'1971-09-18 17:31:17'),(396,'West Tonyburgh',10,'2004-12-12 06:14:35'),(397,'Felicitaborough',11,'2007-05-07 13:13:29'),(398,'New Friedrich',12,'1972-03-28 14:01:25'),(399,'West Allen',13,'1981-05-08 18:42:13'),(400,'East Hans',14,'1987-08-13 07:59:33');
/*!40000 ALTER TABLE `cities` ENABLE KEYS */;
UNLOCK TABLES;

--
-- Table structure for table `countries`
--

DROP TABLE IF EXISTS `countries`;
/*!40101 SET @saved_cs_client     = @@character_set_client */;
/*!50503 SET character_set_client = utf8mb4 */;
CREATE TABLE `countries` (
  `id` int unsigned NOT NULL AUTO_INCREMENT,
  `name` varchar(100) DEFAULT NULL,
  `created_at` datetime DEFAULT CURRENT_TIMESTAMP,
  PRIMARY KEY (`id`),
  UNIQUE KEY `name` (`name`)
) ENGINE=InnoDB AUTO_INCREMENT=194 DEFAULT CHARSET=utf8mb4 COLLATE=utf8mb4_0900_ai_ci;
/*!40101 SET character_set_client = @saved_cs_client */;

--
-- Dumping data for table `countries`
--

LOCK TABLES `countries` WRITE;
/*!40000 ALTER TABLE `countries` DISABLE KEYS */;
INSERT INTO `countries` VALUES (1,'Poland','2016-09-29 22:16:07'),(2,'Algeria','2019-08-02 22:39:11'),(3,'Iceland','2016-08-05 00:28:09'),(4,'Cote d\'Ivoire','2014-02-01 12:08:18'),(5,'Nigeria','2013-09-02 08:21:02'),(6,'Switzerland','2019-09-18 13:36:59'),(7,'Svalbard & Jan Mayen Islands','2016-10-26 18:49:29'),(8,'Cocos (Keeling) Islands','2015-05-20 17:52:06'),(9,'Korea','2012-07-30 12:14:08'),(10,'Hungary','2017-10-03 20:13:38'),(11,'Saint Lucia','2013-08-21 21:44:47'),(12,'Uzbekistan','2011-01-14 07:00:18'),(13,'Dominica','2017-08-25 19:51:53'),(14,'Guinea','2015-01-21 23:35:20'),(15,'Malawi','2012-09-12 23:59:03'),(16,'Libyan Arab Jamahiriya','2016-10-23 23:15:15'),(17,'Ecuador','2015-02-21 10:00:40'),(18,'Palestinian Territory','2010-05-02 09:50:49'),(19,'Tokelau','2014-12-02 01:50:04'),(20,'Grenada','2017-08-18 16:28:56'),(21,'Lao People\'s Democratic Republic','2016-12-10 00:47:38'),(22,'Palau','2018-06-10 00:56:57'),(23,'Somalia','2015-12-06 16:30:18'),(24,'Brazil','2018-09-04 03:31:40'),(25,'Turkmenistan','2018-10-09 15:39:25'),(26,'Papua New Guinea','2018-06-23 06:51:55'),(27,'Japan','2017-03-22 15:25:22'),(28,'Falkland Islands (Malvinas)','2014-07-06 05:00:02'),(29,'United States Minor Outlying Islands','2017-06-02 18:41:24'),(30,'United States Virgin Islands','2012-09-14 21:57:40'),(31,'Taiwan','2014-06-13 03:01:40'),(32,'India','2012-08-12 04:35:13'),(33,'Eritrea','2010-04-02 18:04:31'),(34,'Benin','2019-01-12 23:16:31'),(35,'Saint Pierre and Miquelon','2016-07-03 06:39:08'),(36,'Belgium','2014-07-03 05:40:27'),(37,'Lesotho','2019-12-19 11:44:30'),(38,'Albania','2013-07-26 02:53:01'),(39,'Australia','2016-02-19 15:34:55'),(40,'Mali','2019-04-19 04:06:57'),(41,'Costa Rica','2015-06-18 02:10:52'),(42,'Germany','2014-04-01 19:39:28'),(43,'Bulgaria','2017-12-12 13:45:45'),(44,'Turks and Caicos Islands','2010-08-16 04:53:19'),(45,'Dominican Republic','2019-09-11 11:52:44'),(46,'Zambia','2012-06-08 01:04:12'),(47,'United Kingdom','2016-12-20 00:47:10'),(48,'Belize','2010-05-02 22:55:09'),(49,'Cambodia','2019-02-04 06:27:13'),(50,'Iraq','2012-10-09 04:10:26'),(51,'Myanmar','2016-06-13 07:54:49'),(52,'Congo','2015-12-07 09:38:41'),(53,'Chile','2010-10-13 00:03:48'),(54,'Venezuela','2010-07-18 20:28:28'),(55,'Thailand','2016-01-27 05:31:29'),(56,'Guam','2012-03-05 20:08:43'),(57,'Latvia','2014-07-29 15:53:14'),(58,'Anguilla','2011-08-25 10:31:53'),(59,'Ethiopia','2016-12-06 23:35:28'),(60,'Aruba','2019-04-07 18:31:40'),(61,'Kazakhstan','2017-07-03 05:15:32'),(62,'Kuwait','2011-01-03 15:50:16'),(63,'Wallis and Futuna','2014-09-14 09:51:06'),(64,'Yemen','2019-11-03 23:13:41'),(65,'Georgia','2011-05-18 12:06:09'),(66,'Suriname','2017-09-02 03:33:43'),(67,'Saint Barthelemy','2013-05-15 01:49:12'),(68,'Solomon Islands','2014-07-27 02:46:53'),(69,'Liechtenstein','2014-07-12 08:46:21'),(70,'Angola','2011-12-03 04:26:45'),(71,'Armenia','2016-02-05 13:28:50'),(72,'Lebanon','2015-11-10 13:44:32'),(73,'Montenegro','2013-12-02 04:28:58'),(74,'Denmark','2011-08-13 00:53:20'),(75,'Mozambique','2015-05-23 15:49:16'),(76,'Saint Helena','2016-07-04 04:43:57'),(77,'Swaziland','2010-04-09 08:40:12'),(78,'Central African Republic','2016-05-22 20:15:39'),(79,'Azerbaijan','2013-03-08 21:18:16'),(80,'Israel','2011-03-22 21:06:03'),(81,'Greenland','2014-09-22 12:37:32'),(82,'Colombia','2012-07-13 12:12:47'),(83,'Egypt','2013-08-03 08:19:39'),(84,'Ukraine','2013-02-04 21:38:34'),(85,'Mauritius','2011-11-22 03:48:16'),(86,'Tajikistan','2016-01-08 01:12:16'),(87,'Gambia','2010-04-27 17:31:49'),(88,'Isle of Man','2017-07-10 23:09:49'),(89,'Singapore','2017-11-30 22:28:15'),(90,'Croatia','2019-07-28 19:00:14'),(91,'Ghana','2011-03-28 06:48:47'),(92,'Malta','2019-11-07 12:54:34'),(93,'Jordan','2010-11-20 18:44:35'),(94,'Oman','2012-12-17 21:42:30'),(95,'Gabon','2015-10-01 02:18:33'),(96,'Portugal','2013-11-30 02:53:52'),(97,'Chad','2017-06-11 09:33:19'),(98,'Cuba','2011-03-14 11:36:19'),(99,'Northern Mariana Islands','2018-08-08 22:46:17'),(100,'Macedonia','2017-07-24 16:35:45'),(101,'Honduras','2013-09-23 19:30:46'),(102,'Mauritania','2016-01-26 07:58:37'),(103,'Bahamas','2019-06-25 07:28:58'),(104,'Guatemala','2016-02-09 00:58:00'),(105,'Jamaica','2013-10-10 20:26:18'),(106,'San Marino','2017-02-10 20:36:29'),(107,'Cayman Islands','2013-05-21 03:31:18'),(108,'Bhutan','2018-12-22 08:30:44'),(109,'Burkina Faso','2014-02-25 08:28:40'),(110,'Uruguay','2012-01-06 23:49:33'),(111,'Liberia','2013-09-12 15:04:12'),(112,'El Salvador','2013-02-20 13:21:16'),(113,'Samoa','2012-08-26 17:36:02'),(114,'Bangladesh','2018-01-11 02:22:00'),(115,'Luxembourg','2014-10-10 21:39:23'),(116,'Niue','2011-07-27 15:16:12'),(117,'Nepal','2017-07-30 16:37:13'),(118,'Puerto Rico','2015-12-18 10:04:02'),(119,'China','2019-12-04 14:51:37'),(120,'Micronesia','2015-12-06 08:04:50'),(121,'Kyrgyz Republic','2017-04-03 16:41:14'),(122,'Slovakia (Slovak Republic)','2013-03-15 16:19:04'),(123,'Tuvalu','2018-07-05 05:45:27'),(124,'Sudan','2011-08-27 16:18:06'),(125,'Sao Tome and Principe','2015-09-09 01:42:40'),(126,'Panama','2017-07-23 05:54:55'),(127,'Botswana','2015-02-20 11:24:39'),(128,'Kiribati','2013-04-01 15:50:58'),(129,'Guinea-Bissau','2019-11-18 18:47:59'),(130,'Cook Islands','2017-05-23 08:06:37'),(131,'Barbados','2010-10-15 09:51:59'),(132,'South Africa','2013-10-09 07:36:16'),(133,'Madagascar','2014-12-25 04:26:04'),(134,'Gibraltar','2015-12-01 04:47:56'),(135,'Niger','2017-11-24 01:49:28'),(136,'Saint Vincent and the Grenadines','2017-06-08 23:33:54'),(137,'Macao','2014-03-15 03:20:29'),(138,'New Caledonia','2010-05-09 02:34:11'),(139,'Guernsey','2018-11-20 17:04:38'),(140,'Norway','2018-01-26 14:11:55'),(141,'United States of America','2013-10-10 11:29:45'),(142,'Timor-Leste','2016-09-19 01:54:44'),(143,'British Virgin Islands','2017-09-03 08:34:49'),(144,'Bouvet Island (Bouvetoya)','2014-12-12 11:59:37'),(145,'Serbia','2011-02-06 10:24:57'),(146,'Djibouti','2013-09-20 05:17:30'),(147,'Belarus','2013-03-31 02:14:47'),(148,'French Guiana','2018-08-24 07:45:21'),(149,'Western Sahara','2013-11-03 21:36:54'),(150,'Mexico','2011-09-03 10:09:32'),(151,'Russian Federation','2014-06-06 04:45:27'),(152,'Afghanistan','2017-05-02 20:17:08'),(153,'Sweden','2015-09-11 19:42:20'),(154,'Rwanda','2017-05-23 01:25:53'),(155,'Seychelles','2019-03-18 13:22:06'),(156,'Kenya','2019-08-14 09:26:42'),(157,'Holy See (Vatican City State)','2011-01-24 03:07:28'),(158,'Czech Republic','2015-07-10 04:13:08'),(159,'Hong Kong','2018-06-19 22:28:29'),(160,'Austria','2015-01-07 08:09:28'),(161,'Moldova','2019-01-09 19:44:53'),(162,'Bahrain','2018-10-02 04:04:40'),(163,'Saudi Arabia','2017-08-21 22:44:03'),(164,'French Southern Territories','2010-05-20 11:36:15'),(165,'Brunei Darussalam','2012-07-22 14:18:20'),(166,'Canada','2010-05-25 06:52:12'),(167,'Guyana','2010-04-17 18:44:29'),(168,'Maldives','2013-02-24 15:29:13'),(169,'Ireland','2010-08-15 23:54:35'),(170,'Monaco','2010-10-30 22:15:45'),(171,'Senegal','2016-08-10 16:15:39'),(172,'Argentina','2012-02-14 09:33:28'),(173,'Malaysia','2017-10-15 22:38:20'),(174,'American Samoa','2018-01-03 04:22:56'),(175,'Namibia','2018-03-08 01:31:55'),(176,'Togo','2019-05-21 14:52:39'),(177,'Bermuda','2017-07-23 04:38:12'),(178,'Haiti','2017-06-19 05:30:41'),(179,'Tanzania','2017-12-24 23:51:34'),(180,'Cyprus','2018-08-20 03:45:43'),(181,'New Zealand','2016-08-03 00:47:11'),(182,'Andorra','2019-10-22 22:11:12'),(183,'United Arab Emirates','2010-04-15 13:35:59'),(184,'Netherlands','2018-11-07 09:25:26'),(185,'Antigua and Barbuda','2011-10-21 01:36:21'),(186,'Sri Lanka','2011-08-23 04:16:46'),(187,'Mongolia','2015-12-27 11:24:56'),(188,'Vietnam','2015-11-04 14:47:27'),(189,'Trinidad and Tobago','2014-10-22 05:45:50'),(190,'Fiji','2010-10-11 23:43:13'),(191,'France','2010-09-12 16:18:23'),(192,'Lithuania','2014-08-15 19:22:05'),(193,'Saint Martin','2019-03-07 14:00:46');
/*!40000 ALTER TABLE `countries` ENABLE KEYS */;
UNLOCK TABLES;

--
-- Table structure for table `currencies`
--

DROP TABLE IF EXISTS `currencies`;
/*!40101 SET @saved_cs_client     = @@character_set_client */;
/*!50503 SET character_set_client = utf8mb4 */;
CREATE TABLE `currencies` (
  `id` int unsigned NOT NULL AUTO_INCREMENT,
  `abbreviation` char(4) DEFAULT NULL,
  `country_id` int unsigned NOT NULL,
  `created_at` datetime DEFAULT CURRENT_TIMESTAMP,
  PRIMARY KEY (`id`),
  UNIQUE KEY `abbreviation` (`abbreviation`,`country_id`)
) ENGINE=InnoDB AUTO_INCREMENT=194 DEFAULT CHARSET=utf8mb4 COLLATE=utf8mb4_0900_ai_ci;
/*!40101 SET character_set_client = @saved_cs_client */;

--
-- Dumping data for table `currencies`
--

LOCK TABLES `currencies` WRITE;
/*!40000 ALTER TABLE `currencies` DISABLE KEYS */;
INSERT INTO `currencies` VALUES (1,'MX',1,'2011-04-20 02:18:17'),(2,'IN',2,'2012-02-12 16:44:45'),(3,'PT',3,'2017-02-07 03:09:43'),(4,'CA',4,'2011-08-19 01:14:54'),(5,'IN',5,'2015-10-14 14:38:43'),(6,'CA',6,'2016-12-13 19:05:19'),(7,'MX',7,'2018-03-28 05:29:01'),(8,'RU',8,'2011-11-14 07:23:55'),(9,'GB',9,'2010-09-13 22:40:23'),(10,'DE',10,'2020-03-15 00:55:23'),(11,'US',11,'2018-01-07 17:15:21'),(12,'FR',12,'2012-11-18 09:08:04'),(13,'DE',13,'2018-11-06 01:50:02'),(14,'US',14,'2014-01-09 15:20:59'),(15,'IT',15,'2010-08-19 08:59:54'),(16,'IN',16,'2015-09-27 20:43:19'),(17,'US',17,'2016-09-25 09:21:43'),(18,'IN',18,'2011-07-10 12:27:42'),(19,'FR',19,'2010-10-30 08:42:34'),(20,'CN',20,'2016-12-22 11:34:52'),(21,'ES',21,'2019-06-08 12:16:56'),(22,'US',22,'2016-09-15 03:56:26'),(23,'CN',23,'2014-06-25 21:53:27'),(24,'IN',24,'2015-10-23 07:19:24'),(25,'IE',25,'2013-09-09 00:37:43'),(26,'MX',26,'2010-05-08 20:10:14'),(27,'RU',27,'2014-08-27 13:46:53'),(28,'MX',28,'2019-12-11 06:18:10'),(29,'IE',29,'2018-11-18 17:31:42'),(30,'MX',30,'2019-12-20 13:26:22'),(31,'IT',31,'2018-07-18 23:44:44'),(32,'IN',32,'2011-05-27 23:50:20'),(33,'DE',33,'2017-04-13 04:20:37'),(34,'US',34,'2017-05-04 05:15:27'),(35,'MX',35,'2018-06-18 17:42:21'),(36,'ES',36,'2012-12-20 04:47:22'),(37,'GB',37,'2012-05-02 20:52:01'),(38,'MX',38,'2017-08-23 10:43:52'),(39,'CN',39,'2012-07-11 17:53:28'),(40,'GB',40,'2019-01-20 04:10:37'),(41,'ES',41,'2019-10-18 17:15:38'),(42,'ES',42,'2015-06-12 12:02:38'),(43,'CA',43,'2013-04-27 03:53:39'),(44,'CN',44,'2016-06-04 23:44:43'),(45,'US',45,'2016-11-29 15:16:54'),(46,'US',46,'2016-11-11 06:11:09'),(47,'PT',47,'2013-09-26 19:26:01'),(48,'ES',48,'2014-08-17 18:43:19'),(49,'MX',49,'2010-04-04 13:07:54'),(50,'US',50,'2012-11-01 21:12:31'),(51,'CA',51,'2017-02-26 22:47:00'),(52,'PT',52,'2012-04-01 10:20:48'),(53,'MX',53,'2019-02-17 01:54:21'),(54,'MX',54,'2012-05-27 01:20:26'),(55,'CN',55,'2019-11-11 07:45:55'),(56,'ES',56,'2016-05-19 23:12:43'),(57,'ES',57,'2010-09-05 00:49:07'),(58,'IE',58,'2013-12-09 05:24:42'),(59,'MX',59,'2014-08-03 16:00:02'),(60,'IT',60,'2019-05-16 03:21:22'),(61,'US',61,'2014-09-05 01:51:13'),(62,'MX',62,'2011-06-10 20:25:07'),(63,'IT',63,'2016-11-29 16:56:32'),(64,'DE',64,'2016-02-11 09:36:44'),(65,'US',65,'2012-07-02 04:42:39'),(66,'FR',66,'2017-05-09 15:00:36'),(67,'FR',67,'2011-03-11 21:47:58'),(68,'IE',68,'2012-01-09 03:18:26'),(69,'GB',69,'2018-04-10 23:42:10'),(70,'US',70,'2018-03-04 01:26:41'),(71,'IE',71,'2013-10-25 09:29:49'),(72,'DE',72,'2016-05-25 11:38:48'),(73,'IT',73,'2016-10-10 01:22:14'),(74,'FR',74,'2012-09-19 08:46:48'),(75,'US',75,'2017-09-11 07:47:22'),(76,'IN',76,'2012-03-07 06:08:30'),(77,'RU',77,'2011-12-22 11:15:31'),(78,'IE',78,'2016-03-09 20:27:36'),(79,'PT',79,'2010-04-08 11:28:16'),(80,'RU',80,'2014-09-27 08:40:25'),(81,'CN',81,'2016-05-29 16:34:23'),(82,'IT',82,'2013-05-26 15:22:36'),(83,'IN',83,'2012-06-08 11:23:06'),(84,'CA',84,'2012-07-23 05:00:55'),(85,'US',85,'2011-11-08 23:26:46'),(86,'FR',86,'2013-08-26 10:40:32'),(87,'CA',87,'2015-08-05 10:33:12'),(88,'RU',88,'2020-01-30 06:29:58'),(89,'MX',89,'2016-09-09 21:25:02'),(90,'US',90,'2017-03-10 15:19:59'),(91,'IT',91,'2011-12-30 03:36:15'),(92,'PT',92,'2016-02-05 18:38:33'),(93,'IT',93,'2012-12-12 05:02:49'),(94,'MX',94,'2014-11-14 11:11:05'),(95,'IN',95,'2012-03-14 11:34:18'),(96,'GB',96,'2015-05-27 09:33:52'),(97,'MX',97,'2019-05-22 01:51:58'),(98,'PT',98,'2010-08-09 22:07:57'),(99,'ES',99,'2010-10-31 13:26:49'),(100,'RU',100,'2018-01-24 13:21:52'),(101,'GB',101,'2018-05-17 01:55:27'),(102,'PT',102,'2012-03-10 16:16:37'),(103,'US',103,'2019-06-23 21:32:57'),(104,'PT',104,'2015-05-21 04:32:23'),(105,'IN',105,'2010-11-09 18:58:40'),(106,'RU',106,'2018-07-16 20:07:26'),(107,'ES',107,'2010-10-27 22:11:34'),(108,'CN',108,'2011-10-25 00:18:51'),(109,'PT',109,'2015-07-28 04:22:19'),(110,'GB',110,'2015-08-10 15:44:53'),(111,'RU',111,'2014-05-29 13:43:50'),(112,'DE',112,'2015-05-06 11:51:43'),(113,'RU',113,'2012-05-09 05:55:51'),(114,'IE',114,'2019-04-10 17:48:34'),(115,'IT',115,'2011-07-17 21:05:13'),(116,'CN',116,'2016-03-15 11:20:08'),(117,'FR',117,'2010-08-23 05:43:05'),(118,'DE',118,'2012-01-13 07:04:53'),(119,'PT',119,'2013-04-29 19:57:20'),(120,'PT',120,'2017-11-30 05:05:33'),(121,'DE',121,'2019-11-17 10:36:07'),(122,'RU',122,'2014-05-05 09:56:12'),(123,'CA',123,'2010-08-31 11:46:11'),(124,'ES',124,'2014-03-18 07:42:27'),(125,'MX',125,'2019-02-14 20:48:48'),(126,'MX',126,'2018-05-04 15:43:08'),(127,'GB',127,'2017-05-30 16:09:10'),(128,'IT',128,'2012-09-01 11:10:44'),(129,'US',129,'2018-07-30 02:36:16'),(130,'IT',130,'2015-09-30 22:13:36'),(131,'RU',131,'2010-04-24 15:09:54'),(132,'FR',132,'2019-08-06 00:46:18'),(133,'PT',133,'2010-04-07 04:14:04'),(134,'DE',134,'2015-05-13 09:51:22'),(135,'DE',135,'2017-10-01 16:03:33'),(136,'US',136,'2016-05-06 01:15:15'),(137,'IT',137,'2012-05-25 20:06:25'),(138,'GB',138,'2011-02-27 11:48:51'),(139,'FR',139,'2013-08-23 02:13:05'),(140,'GB',140,'2015-06-24 05:45:38'),(141,'US',141,'2012-11-24 20:31:24'),(142,'FR',142,'2010-05-21 20:52:33'),(143,'CA',143,'2020-02-19 01:04:01'),(144,'PT',144,'2012-06-24 23:04:19'),(145,'DE',145,'2014-06-25 01:46:43'),(146,'RU',146,'2016-08-03 00:01:41'),(147,'PT',147,'2014-12-12 10:05:16'),(148,'IE',148,'2012-11-25 22:05:35'),(149,'ES',149,'2015-02-27 09:35:39'),(150,'IE',150,'2014-03-08 07:29:01'),(151,'IE',151,'2012-02-09 13:48:39'),(152,'CN',152,'2016-09-25 01:57:55'),(153,'IN',153,'2014-07-14 00:09:54'),(154,'PT',154,'2015-01-23 12:46:55'),(155,'IE',155,'2014-09-20 05:22:51'),(156,'ES',156,'2013-09-13 11:08:01'),(157,'ES',157,'2013-03-30 17:54:35'),(158,'PT',158,'2014-11-26 05:14:41'),(159,'ES',159,'2019-07-25 22:21:04'),(160,'DE',160,'2019-02-04 23:44:33'),(161,'PT',161,'2019-04-03 10:32:40'),(162,'IE',162,'2010-09-13 18:16:46'),(163,'IN',163,'2013-07-16 15:49:58'),(164,'DE',164,'2014-06-16 18:13:32'),(165,'RU',165,'2014-01-11 16:27:18'),(166,'CA',166,'2013-04-03 09:26:54'),(167,'CN',167,'2010-08-11 12:27:27'),(168,'IN',168,'2012-03-17 17:58:08'),(169,'CN',169,'2017-07-07 13:58:15'),(170,'RU',170,'2017-07-13 11:45:12'),(171,'ES',171,'2020-03-10 01:28:52'),(172,'ES',172,'2013-03-11 13:31:12'),(173,'IE',173,'2019-05-18 18:51:50'),(174,'PT',174,'2013-07-20 13:09:14'),(175,'CA',175,'2019-09-20 01:10:32'),(176,'IN',176,'2018-09-19 12:23:30'),(177,'DE',177,'2015-12-02 20:22:45'),(178,'GB',178,'2012-01-16 18:18:27'),(179,'RU',179,'2018-03-17 15:47:01'),(180,'IT',180,'2011-03-08 10:04:21'),(181,'IN',181,'2019-12-26 11:09:59'),(182,'FR',182,'2015-02-15 01:55:41'),(183,'IN',183,'2017-11-04 10:59:40'),(184,'PT',184,'2013-09-30 12:49:53'),(185,'DE',185,'2010-05-28 09:47:14'),(186,'US',186,'2017-09-20 20:11:47'),(187,'FR',187,'2013-01-09 02:34:36'),(188,'RU',188,'2020-01-17 04:42:11'),(189,'MX',189,'2014-04-04 08:55:34'),(190,'CN',190,'2019-06-25 00:11:49'),(191,'US',191,'2011-09-22 17:31:39'),(192,'PT',192,'2012-10-25 19:48:23'),(193,'CN',193,'2011-03-01 08:54:08');
/*!40000 ALTER TABLE `currencies` ENABLE KEYS */;
UNLOCK TABLES;

--
-- Table structure for table `houses_types`
--

DROP TABLE IF EXISTS `houses_types`;
/*!40101 SET @saved_cs_client     = @@character_set_client */;
/*!50503 SET character_set_client = utf8mb4 */;
CREATE TABLE `houses_types` (
  `id` int unsigned NOT NULL AUTO_INCREMENT,
  `name` varchar(120) DEFAULT NULL,
  `created_at` datetime DEFAULT CURRENT_TIMESTAMP,
  PRIMARY KEY (`id`),
  UNIQUE KEY `id` (`id`,`name`)
) ENGINE=InnoDB AUTO_INCREMENT=4 DEFAULT CHARSET=utf8mb4 COLLATE=utf8mb4_0900_ai_ci;
/*!40101 SET character_set_client = @saved_cs_client */;

--
-- Dumping data for table `houses_types`
--

LOCK TABLES `houses_types` WRITE;
/*!40000 ALTER TABLE `houses_types` DISABLE KEYS */;
INSERT INTO `houses_types` VALUES (1,'whole housing','2020-03-27 18:03:53'),(2,'separate room','2020-03-27 18:03:53'),(3,'place in the room','2020-03-27 18:03:53');
/*!40000 ALTER TABLE `houses_types` ENABLE KEYS */;
UNLOCK TABLES;

--
-- Table structure for table `logs`
--

DROP TABLE IF EXISTS `logs`;
/*!40101 SET @saved_cs_client     = @@character_set_client */;
/*!50503 SET character_set_client = utf8mb4 */;
CREATE TABLE `logs` (
  `id` int unsigned NOT NULL AUTO_INCREMENT,
  `table_name` varchar(255) NOT NULL,
  `table_id` int unsigned NOT NULL,
  `created_at` datetime DEFAULT NULL,
  PRIMARY KEY (`id`)
) ENGINE=InnoDB DEFAULT CHARSET=utf8mb4 COLLATE=utf8mb4_0900_ai_ci;
/*!40101 SET character_set_client = @saved_cs_client */;

--
-- Dumping data for table `logs`
--

LOCK TABLES `logs` WRITE;
/*!40000 ALTER TABLE `logs` DISABLE KEYS */;
/*!40000 ALTER TABLE `logs` ENABLE KEYS */;
UNLOCK TABLES;

--
-- Table structure for table `media`
--

DROP TABLE IF EXISTS `media`;
/*!40101 SET @saved_cs_client     = @@character_set_client */;
/*!50503 SET character_set_client = utf8mb4 */;
CREATE TABLE `media` (
  `id` int unsigned NOT NULL AUTO_INCREMENT,
  `user_id` int unsigned NOT NULL,
  `media_type_id` int unsigned NOT NULL,
  `url` varchar(255) DEFAULT NULL,
  `size` int NOT NULL,
  `created_at` datetime DEFAULT CURRENT_TIMESTAMP,
  `updated_at` datetime DEFAULT CURRENT_TIMESTAMP ON UPDATE CURRENT_TIMESTAMP,
  PRIMARY KEY (`id`),
  KEY `meadi_media_type_id_fk` (`media_type_id`),
  KEY `media_user_id_media_type_id_idx` (`user_id`,`media_type_id`),
  CONSTRAINT `meadi_media_type_id_fk` FOREIGN KEY (`media_type_id`) REFERENCES `media_types` (`id`),
  CONSTRAINT `meadi_user_id_fk` FOREIGN KEY (`user_id`) REFERENCES `users` (`id`)
) ENGINE=InnoDB AUTO_INCREMENT=201 DEFAULT CHARSET=utf8mb4 COLLATE=utf8mb4_0900_ai_ci;
/*!40101 SET character_set_client = @saved_cs_client */;

--
-- Dumping data for table `media`
--

LOCK TABLES `media` WRITE;
/*!40000 ALTER TABLE `media` DISABLE KEYS */;
INSERT INTO `media` VALUES (1,1,1,'http://www.pagacmckenzie.com/',3,'2019-08-24 15:38:29','2015-01-10 16:43:06'),(2,2,2,'http://www.lindgrenframi.biz/',2192,'2012-08-10 14:42:13','2013-10-30 10:08:15'),(3,3,3,'http://towneskiles.info/',2,'2015-11-13 22:23:38','2017-04-16 23:26:20'),(4,4,1,'http://nienowmclaughlin.com/',5942,'2014-03-20 09:10:27','2012-08-28 23:12:13'),(5,5,2,'http://marquardt.net/',0,'2010-10-28 08:44:33','2016-11-11 16:06:02'),(6,6,3,'http://www.jakubowskigoyette.com/',491,'2013-10-18 11:02:32','2013-08-27 19:51:46'),(7,7,1,'http://www.olson.com/',0,'2015-07-25 02:44:45','2011-07-27 15:49:27'),(8,8,2,'http://www.douglas.biz/',5710,'2012-07-17 11:57:01','2013-08-30 04:42:36'),(9,9,3,'http://langsimonis.org/',5499,'2019-10-10 14:58:05','2016-10-08 17:52:59'),(10,10,1,'http://www.kossdicki.biz/',19577623,'2019-02-17 03:10:14','2017-11-17 01:23:40'),(11,11,2,'http://hermiston.com/',1,'2017-06-02 23:06:25','2017-12-21 12:42:17'),(12,12,3,'http://bahringer.net/',37,'2016-10-10 01:30:55','2019-09-30 10:05:31'),(13,13,1,'http://www.gerhold.net/',90,'2011-09-30 05:12:55','2016-10-20 03:57:01'),(14,14,2,'http://nolanhudson.org/',0,'2019-12-25 17:34:32','2014-08-09 20:56:25'),(15,15,3,'http://www.kerluke.com/',785,'2019-08-17 11:16:28','2013-11-12 20:25:40'),(16,16,1,'http://www.simonis.net/',8,'2014-07-08 06:31:50','2018-07-26 07:46:52'),(17,17,2,'http://www.luettgen.info/',8113779,'2018-01-29 00:13:42','2018-10-21 18:22:40'),(18,18,3,'http://franeckiwisoky.com/',36611,'2010-06-02 18:30:30','2017-01-27 23:24:30'),(19,19,1,'http://www.langworth.net/',0,'2017-03-19 02:25:34','2010-12-15 20:38:59'),(20,20,2,'http://www.rice.biz/',10567082,'2014-12-30 01:47:01','2015-11-07 15:43:45'),(21,21,3,'http://johnston.net/',188698628,'2018-07-21 14:51:05','2014-04-22 11:43:05'),(22,22,1,'http://swiftstark.com/',799,'2015-09-20 08:10:35','2013-03-16 11:51:25'),(23,23,2,'http://barrows.biz/',825603121,'2010-09-12 20:33:50','2012-11-03 01:50:38'),(24,24,3,'http://www.hansenwindler.com/',0,'2011-07-12 11:28:49','2013-06-03 11:10:43'),(25,25,1,'http://www.feeneyabshire.com/',6152652,'2011-06-03 06:52:32','2013-01-28 16:42:09'),(26,26,2,'http://www.osinski.com/',68,'2019-02-28 10:26:37','2014-09-17 22:47:06'),(27,27,3,'http://gleasonwunsch.com/',700226505,'2011-09-24 21:55:14','2014-07-06 13:56:04'),(28,28,1,'http://haag.com/',8836,'2015-08-18 19:09:57','2013-01-18 21:50:31'),(29,29,2,'http://www.rempel.com/',24266403,'2020-03-13 08:36:26','2018-02-28 05:13:51'),(30,30,3,'http://www.harvey.com/',8,'2016-07-17 22:27:57','2016-06-25 08:48:52'),(31,31,1,'http://www.millerbuckridge.net/',0,'2011-06-30 08:33:03','2019-11-23 21:46:41'),(32,32,2,'http://www.connelly.com/',338317,'2013-11-03 14:21:45','2015-03-25 04:21:41'),(33,33,3,'http://www.farrell.net/',9299,'2012-11-25 03:22:13','2011-12-10 06:57:23'),(34,34,1,'http://schaefer.net/',4945046,'2013-05-31 14:41:44','2012-09-14 15:16:23'),(35,35,2,'http://schulist.com/',7342275,'2012-01-11 20:54:20','2016-01-15 06:23:12'),(36,36,3,'http://www.kohlerabshire.net/',733739,'2013-03-31 15:54:45','2013-08-21 19:28:31'),(37,37,1,'http://luettgen.com/',979773983,'2016-12-14 19:20:05','2014-03-27 09:33:48'),(38,38,2,'http://goodwinoberbrunner.info/',11502686,'2014-05-29 21:26:51','2016-12-21 06:40:56'),(39,39,3,'http://crookskirlin.com/',87,'2019-01-14 08:33:52','2011-10-18 03:58:26'),(40,40,1,'http://www.vandervort.biz/',23,'2016-11-01 04:33:36','2010-05-02 15:18:59'),(41,41,2,'http://romaguera.com/',10047199,'2017-01-01 14:44:28','2012-05-29 14:57:58'),(42,42,3,'http://schumm.com/',54617499,'2010-05-16 18:12:03','2010-10-11 01:22:21'),(43,43,1,'http://www.ondricka.com/',9395390,'2014-05-14 02:20:02','2018-10-06 23:06:30'),(44,44,2,'http://mills.com/',983494,'2014-05-02 16:47:07','2013-07-18 17:51:07'),(45,45,3,'http://gaylordkunze.org/',43759,'2018-08-16 09:16:15','2014-09-04 23:05:34'),(46,46,1,'http://davis.info/',6193688,'2012-10-13 14:37:14','2015-05-19 20:07:38'),(47,47,2,'http://heller.com/',2276,'2012-11-09 23:35:38','2013-10-21 02:18:04'),(48,48,3,'http://www.reichel.com/',436,'2017-05-16 02:47:21','2014-08-30 12:48:59'),(49,49,1,'http://www.rath.net/',7722,'2019-07-06 14:03:52','2018-07-03 00:56:15'),(50,50,2,'http://heidenreich.com/',97825,'2010-07-06 23:16:53','2012-06-21 16:20:03'),(51,51,3,'http://www.conroy.net/',1501,'2017-08-04 07:48:13','2013-09-23 13:06:10'),(52,52,1,'http://www.zboncakwisoky.com/',48982,'2010-08-11 17:22:32','2017-12-13 11:25:17'),(53,53,2,'http://www.herzog.net/',922684112,'2018-06-08 23:48:22','2013-12-31 04:08:29'),(54,54,3,'http://klocko.net/',114041714,'2014-05-24 01:50:52','2010-05-16 04:18:28'),(55,55,1,'http://jast.net/',15,'2019-04-10 04:41:12','2019-02-10 20:47:15'),(56,56,2,'http://www.beattyhintz.biz/',793,'2013-12-28 17:55:28','2012-02-27 18:41:58'),(57,57,3,'http://herman.org/',85,'2012-07-15 12:29:25','2011-04-07 21:34:53'),(58,58,1,'http://wiegand.com/',184543,'2015-04-21 10:45:55','2010-11-18 10:25:19'),(59,59,2,'http://greenholt.com/',8523,'2012-09-07 21:55:53','2019-04-30 18:18:52'),(60,60,3,'http://friesen.com/',8312092,'2012-12-14 15:26:19','2014-09-18 03:26:18'),(61,61,1,'http://morarluettgen.com/',22178720,'2018-01-30 11:15:13','2017-08-28 07:51:24'),(62,62,2,'http://trantow.net/',4205658,'2014-05-23 14:09:27','2017-10-31 02:00:10'),(63,63,3,'http://www.quitzonjohns.com/',7444344,'2019-05-05 01:48:39','2016-02-14 10:43:41'),(64,64,1,'http://www.tremblay.com/',89,'2019-12-31 11:21:10','2010-05-18 21:40:10'),(65,65,2,'http://sawayn.info/',54,'2019-05-03 22:55:42','2011-03-20 20:47:16'),(66,66,3,'http://www.schowalter.com/',17992,'2013-05-06 17:46:26','2017-04-18 08:57:34'),(67,67,1,'http://price.com/',94905,'2016-04-15 13:39:43','2017-07-06 17:08:02'),(68,68,2,'http://www.rath.com/',9,'2014-03-28 01:07:46','2018-08-03 22:19:52'),(69,69,3,'http://www.berge.com/',975119,'2016-11-28 04:09:56','2017-09-23 11:55:46'),(70,70,1,'http://www.spinkaweber.com/',0,'2016-05-18 04:16:50','2016-01-26 05:10:25'),(71,71,2,'http://crist.com/',898917860,'2011-06-20 23:56:40','2019-07-02 13:35:44'),(72,72,3,'http://auerhowe.com/',59,'2019-10-18 19:42:57','2019-07-03 07:09:05'),(73,73,1,'http://parisian.com/',5072796,'2011-06-28 06:29:43','2011-01-20 05:25:30'),(74,74,2,'http://www.corkery.biz/',0,'2016-08-23 10:30:24','2013-07-17 01:58:03'),(75,75,3,'http://www.kunze.com/',286575844,'2014-01-25 22:58:23','2016-04-27 18:48:31'),(76,76,1,'http://deckow.com/',4482417,'2019-07-06 14:15:02','2019-02-16 09:20:18'),(77,77,2,'http://fisher.com/',589440267,'2017-09-06 11:18:43','2013-05-09 19:48:20'),(78,78,3,'http://www.kunderoob.com/',7,'2014-03-14 16:47:36','2012-12-15 06:57:50'),(79,79,1,'http://howell.biz/',811615901,'2010-11-03 12:01:57','2015-08-14 04:13:35'),(80,80,2,'http://swaniawski.com/',7,'2011-03-07 11:47:16','2010-09-29 02:11:21'),(81,81,3,'http://www.glover.info/',5983,'2011-10-05 08:54:39','2017-06-09 04:05:16'),(82,82,1,'http://www.wehnerdaniel.com/',0,'2015-07-26 19:31:12','2018-09-22 14:24:24'),(83,83,2,'http://mosciskitreutel.com/',926070,'2017-07-06 11:13:17','2019-08-10 01:03:25'),(84,84,3,'http://www.wiza.com/',3391718,'2015-04-17 00:01:00','2016-01-20 15:47:40'),(85,85,1,'http://barrows.info/',8078,'2015-05-31 10:49:51','2013-04-13 07:00:50'),(86,86,2,'http://www.purdy.net/',66921037,'2017-04-30 05:04:04','2017-07-23 15:16:10'),(87,87,3,'http://powlowski.com/',34507,'2015-08-08 23:35:50','2015-12-19 06:07:20'),(88,88,1,'http://zulauf.info/',653449719,'2014-04-14 01:47:42','2012-12-20 02:15:40'),(89,89,2,'http://beer.biz/',409416,'2012-04-07 19:23:33','2012-10-02 21:39:27'),(90,90,3,'http://www.bartell.info/',96379663,'2013-07-27 11:35:44','2013-08-27 21:17:26'),(91,91,1,'http://turcotteemmerich.com/',34,'2010-04-04 11:38:30','2011-01-01 00:36:31'),(92,92,2,'http://rippinreinger.com/',3328,'2010-11-11 04:32:32','2011-12-24 16:57:49'),(93,93,3,'http://kemmer.info/',276507653,'2017-05-27 20:51:27','2014-11-04 17:53:58'),(94,94,1,'http://www.larkin.com/',2511,'2013-07-01 19:56:57','2019-07-22 00:47:52'),(95,95,2,'http://www.schowalterhayes.com/',3635,'2011-05-31 17:14:24','2014-11-09 08:09:26'),(96,96,3,'http://www.ankunding.info/',7967,'2015-10-25 10:57:14','2013-05-10 07:53:09'),(97,97,1,'http://schulisttromp.com/',28697663,'2015-11-28 01:37:51','2020-03-16 18:23:50'),(98,98,2,'http://www.littel.com/',3013006,'2019-10-11 01:46:55','2018-08-03 11:51:54'),(99,99,3,'http://www.balistreridicki.com/',753411982,'2014-11-04 03:39:13','2010-12-13 08:58:11'),(100,100,1,'http://www.schmelerfeeney.com/',86,'2016-02-25 17:16:53','2019-07-01 16:53:37'),(101,101,2,'http://www.waters.com/',0,'2013-05-06 17:16:00','2017-06-16 14:32:44'),(102,102,3,'http://wuckert.org/',94090,'2013-04-02 13:23:09','2014-10-24 05:02:36'),(103,103,1,'http://www.casper.org/',716,'2016-03-29 06:28:59','2015-10-09 14:17:54'),(104,104,2,'http://www.zboncakdavis.org/',74,'2012-09-25 02:20:20','2010-07-13 07:52:06'),(105,105,3,'http://www.hayes.com/',83362364,'2012-03-01 10:36:59','2018-09-07 16:57:31'),(106,106,1,'http://www.blick.com/',0,'2015-02-25 06:07:58','2020-01-01 13:48:05'),(107,107,2,'http://gulgowski.com/',9115,'2018-02-06 19:28:55','2015-09-20 04:11:08'),(108,108,3,'http://bosco.org/',3,'2013-09-29 16:45:57','2019-04-17 13:05:45'),(109,109,1,'http://www.kuhlmanstracke.com/',495303,'2016-04-01 15:16:15','2014-08-23 01:35:17'),(110,110,2,'http://botsfordhodkiewicz.com/',4,'2019-07-05 09:16:33','2013-09-22 13:36:08'),(111,111,3,'http://www.luettgen.com/',89008,'2018-12-21 11:54:33','2011-06-07 05:57:50'),(112,112,1,'http://www.cremincronin.com/',446399971,'2013-04-29 13:32:12','2017-10-06 07:45:33'),(113,113,2,'http://howe.org/',22751,'2011-01-31 20:22:49','2015-02-08 03:16:10'),(114,114,3,'http://oberbrunner.biz/',89292,'2013-02-28 07:42:38','2018-01-21 03:37:22'),(115,115,1,'http://www.lueilwitz.com/',72797,'2014-08-16 09:48:51','2017-12-09 07:49:34'),(116,116,2,'http://schuppe.org/',572551,'2010-12-20 21:36:46','2011-10-07 07:31:59'),(117,117,3,'http://gerlach.org/',274,'2012-02-20 14:29:43','2014-04-09 05:01:14'),(118,118,1,'http://www.hessel.com/',75,'2016-03-15 23:43:23','2011-10-17 12:50:14'),(119,119,2,'http://www.monahan.com/',6836130,'2015-03-13 09:56:47','2017-11-27 05:09:58'),(120,120,3,'http://www.effertzsporer.com/',1171,'2015-05-25 07:53:58','2017-11-15 02:11:31'),(121,121,1,'http://heller.info/',8847285,'2019-04-13 01:00:18','2012-08-21 03:44:53'),(122,122,2,'http://www.mraz.biz/',655325738,'2015-09-04 08:12:44','2011-02-22 19:10:36'),(123,123,3,'http://langtorp.com/',25480,'2017-08-23 13:00:36','2018-03-26 20:36:43'),(124,124,1,'http://www.lehner.info/',681,'2019-12-31 02:10:36','2017-01-06 13:14:48'),(125,125,2,'http://farrellkrajcik.com/',4,'2012-10-25 23:07:43','2011-04-02 23:36:57'),(126,126,3,'http://www.dubuque.com/',448823241,'2016-09-01 01:09:05','2018-07-25 18:42:18'),(127,127,1,'http://gottliebcollins.info/',3563555,'2011-12-03 20:37:57','2019-10-21 00:14:04'),(128,128,2,'http://www.collier.info/',258745,'2020-02-20 18:26:18','2010-05-16 10:56:00'),(129,129,3,'http://braun.com/',7,'2019-10-31 17:21:51','2016-10-10 07:44:15'),(130,130,1,'http://www.predovic.com/',8,'2011-11-21 23:05:07','2011-07-07 02:55:05'),(131,131,2,'http://schuppe.info/',4411387,'2015-07-10 04:30:55','2020-01-18 09:15:00'),(132,132,3,'http://mann.info/',0,'2013-01-24 09:57:50','2018-02-19 19:57:26'),(133,133,1,'http://www.braun.com/',658695,'2017-03-15 14:46:28','2014-01-30 04:33:53'),(134,134,2,'http://zieme.com/',39784,'2015-12-19 07:53:58','2012-03-27 17:06:05'),(135,135,3,'http://raynornader.com/',0,'2019-09-12 09:27:42','2012-01-13 21:42:51'),(136,136,1,'http://www.moen.org/',6928,'2011-09-19 08:39:18','2011-11-20 18:52:47'),(137,137,2,'http://mann.com/',1576,'2016-02-23 21:47:01','2011-03-19 19:19:00'),(138,138,3,'http://www.haag.org/',434500,'2012-07-09 14:47:12','2015-09-22 05:33:42'),(139,139,1,'http://www.ziemann.com/',54550,'2015-05-02 13:45:26','2011-11-05 18:02:33'),(140,140,2,'http://nitzsche.com/',0,'2019-12-22 04:43:05','2013-01-30 04:51:00'),(141,141,3,'http://www.parisiankshlerin.com/',14,'2017-01-28 22:13:35','2014-04-19 10:01:40'),(142,142,1,'http://www.wehnerjast.com/',1222125,'2011-01-30 17:14:28','2018-04-11 06:07:58'),(143,143,2,'http://luettgen.net/',31,'2016-01-14 21:27:11','2016-02-29 03:30:16'),(144,144,3,'http://www.gorczanyglover.com/',972308,'2010-05-30 13:44:13','2013-08-24 16:19:04'),(145,145,1,'http://www.ullrich.com/',4,'2015-04-06 21:03:01','2014-01-01 03:38:30'),(146,146,2,'http://pagacharvey.com/',53981175,'2015-09-12 11:13:27','2014-10-12 04:46:02'),(147,147,3,'http://boyle.com/',366118,'2018-08-04 10:59:06','2013-06-19 09:32:16'),(148,148,1,'http://crona.com/',887013,'2012-09-22 00:27:49','2010-11-20 21:56:44'),(149,149,2,'http://www.luettgen.com/',4963,'2013-11-17 11:12:06','2018-05-24 21:39:34'),(150,150,3,'http://www.powlowski.org/',76696,'2016-12-25 11:56:01','2019-12-22 06:22:07'),(151,151,1,'http://kerluke.biz/',6442,'2014-02-27 00:19:18','2019-11-10 22:06:07'),(152,152,2,'http://nolan.net/',4978,'2014-10-09 08:34:31','2015-10-07 04:36:20'),(153,153,3,'http://www.denesik.com/',146,'2018-02-24 21:07:45','2013-10-27 04:28:38'),(154,154,1,'http://www.ziememcglynn.net/',0,'2014-03-25 01:51:44','2019-01-09 06:36:49'),(155,155,2,'http://www.abernathysanford.com/',1040,'2012-04-20 16:14:33','2020-02-03 21:01:27'),(156,156,3,'http://www.ondricka.biz/',69152553,'2017-02-02 18:19:30','2013-01-01 14:08:15'),(157,157,1,'http://hartmann.com/',8885014,'2018-02-03 16:01:08','2010-10-26 06:12:05'),(158,158,2,'http://will.biz/',3713591,'2018-03-12 05:19:34','2018-09-27 18:31:39'),(159,159,3,'http://www.metz.org/',58676874,'2018-01-20 15:06:44','2016-01-25 00:11:36'),(160,160,1,'http://walker.com/',997,'2016-06-24 22:55:43','2014-05-30 10:23:03'),(161,161,2,'http://www.pouros.info/',559,'2014-11-18 13:33:56','2014-05-05 05:04:09'),(162,162,3,'http://www.halvorsonmorissette.org/',0,'2013-06-05 20:26:08','2014-08-28 15:45:13'),(163,163,1,'http://moore.com/',588642023,'2014-07-14 14:50:40','2010-11-19 10:19:55'),(164,164,2,'http://www.kozey.info/',32742,'2019-02-28 10:29:50','2010-09-25 04:46:06'),(165,165,3,'http://www.grady.com/',87331029,'2010-10-10 19:28:44','2013-07-04 05:18:03'),(166,166,1,'http://www.leuschke.info/',3226,'2019-03-05 14:24:53','2016-08-16 19:23:39'),(167,167,2,'http://bergnaumdenesik.info/',960421,'2018-06-22 03:00:01','2017-05-21 03:45:48'),(168,168,3,'http://marks.info/',78638,'2017-06-16 13:43:04','2010-08-19 12:27:47'),(169,169,1,'http://damore.net/',576413433,'2020-02-16 08:32:36','2012-03-29 20:50:35'),(170,170,2,'http://www.pfeffergislason.com/',6509966,'2017-01-29 00:24:56','2014-06-28 21:44:59'),(171,171,3,'http://nader.com/',0,'2011-12-30 13:18:20','2016-11-01 08:53:09'),(172,172,1,'http://www.weissnatshanahan.com/',93,'2016-04-11 14:33:13','2016-07-09 07:13:31'),(173,173,2,'http://www.strosinmoore.com/',9440,'2010-04-20 19:00:45','2012-08-25 05:49:11'),(174,174,3,'http://hand.com/',822804805,'2016-01-07 02:17:31','2017-06-22 02:07:36'),(175,175,1,'http://www.schowalter.net/',666,'2018-01-23 13:57:14','2013-06-03 13:07:47'),(176,176,2,'http://www.becker.com/',387044692,'2013-07-28 10:06:56','2011-10-22 01:50:36'),(177,177,3,'http://mosciskigutmann.com/',0,'2016-07-22 18:26:39','2015-01-07 04:47:48'),(178,178,1,'http://gutmannbraun.com/',0,'2020-03-09 12:13:41','2018-07-27 23:30:32'),(179,179,2,'http://www.weimannjohns.org/',0,'2016-07-29 09:32:20','2012-09-12 14:31:28'),(180,180,3,'http://www.uptondavis.org/',8007863,'2017-07-16 02:29:49','2015-07-27 02:02:51'),(181,181,1,'http://www.borer.com/',233,'2019-11-27 03:09:04','2015-06-18 23:11:24'),(182,182,2,'http://ricewalter.com/',55011,'2016-09-19 07:22:00','2017-05-27 05:11:22'),(183,183,3,'http://www.pfeffer.com/',1828,'2019-10-11 04:18:37','2016-02-24 17:12:22'),(184,184,1,'http://www.schowalter.biz/',84288136,'2014-12-16 21:14:03','2017-02-03 11:34:08'),(185,185,2,'http://witting.info/',2,'2016-05-15 02:22:06','2012-12-17 11:25:18'),(186,186,3,'http://vandervortschroeder.info/',88515,'2016-01-03 14:50:34','2015-06-16 04:06:51'),(187,187,1,'http://www.hoeger.net/',87088446,'2017-06-25 15:27:56','2014-03-08 17:48:03'),(188,188,2,'http://krajcik.biz/',3,'2015-04-22 06:39:47','2013-01-03 00:40:39'),(189,189,3,'http://lueilwitz.com/',577540,'2013-04-18 01:33:27','2013-05-29 19:00:59'),(190,190,1,'http://www.oconnerdeckow.com/',9,'2016-07-22 01:40:14','2015-04-07 11:05:27'),(191,191,2,'http://schmeler.com/',147795585,'2014-04-16 18:04:07','2015-01-20 03:05:39'),(192,192,3,'http://dooley.com/',62,'2015-05-14 03:06:58','2013-07-03 16:06:03'),(193,193,1,'http://cummeratakunze.com/',78612,'2013-11-11 15:47:40','2015-05-11 00:03:52'),(194,194,2,'http://www.kleingrady.net/',579179689,'2017-09-21 11:30:12','2019-11-18 15:35:44'),(195,195,3,'http://nienow.com/',796441,'2011-08-06 13:41:46','2019-04-16 04:16:54'),(196,196,1,'http://hickleboyer.com/',870756,'2016-02-07 10:32:38','2011-02-12 17:15:24'),(197,197,2,'http://www.hagenes.biz/',2855573,'2015-05-08 21:07:53','2012-08-11 01:06:31'),(198,198,3,'http://www.kreiger.com/',3921,'2013-07-27 20:50:48','2015-04-20 19:30:03'),(199,199,1,'http://www.dickensdenesik.com/',204886634,'2014-05-30 13:39:39','2018-09-01 13:04:41'),(200,200,2,'http://corkery.org/',31386028,'2016-08-25 01:02:07','2014-12-18 21:39:31');
/*!40000 ALTER TABLE `media` ENABLE KEYS */;
UNLOCK TABLES;

--
-- Table structure for table `media_types`
--

DROP TABLE IF EXISTS `media_types`;
/*!40101 SET @saved_cs_client     = @@character_set_client */;
/*!50503 SET character_set_client = utf8mb4 */;
CREATE TABLE `media_types` (
  `id` int unsigned NOT NULL AUTO_INCREMENT,
  `name` varchar(255) DEFAULT NULL,
  `created_at` datetime DEFAULT CURRENT_TIMESTAMP,
  PRIMARY KEY (`id`),
  UNIQUE KEY `name` (`name`)
) ENGINE=InnoDB AUTO_INCREMENT=4 DEFAULT CHARSET=utf8mb4 COLLATE=utf8mb4_0900_ai_ci;
/*!40101 SET character_set_client = @saved_cs_client */;

--
-- Dumping data for table `media_types`
--

LOCK TABLES `media_types` WRITE;
/*!40000 ALTER TABLE `media_types` DISABLE KEYS */;
INSERT INTO `media_types` VALUES (1,'photo','2010-05-18 15:03:19'),(2,'id_card_scan','2011-08-31 07:45:22'),(3,'video','2015-10-10 13:40:54');
/*!40000 ALTER TABLE `media_types` ENABLE KEYS */;
UNLOCK TABLES;

--
-- Table structure for table `messages`
--

DROP TABLE IF EXISTS `messages`;
/*!40101 SET @saved_cs_client     = @@character_set_client */;
/*!50503 SET character_set_client = utf8mb4 */;
CREATE TABLE `messages` (
  `id` int unsigned NOT NULL AUTO_INCREMENT,
  `from_user_id` int unsigned NOT NULL,
  `to_user_id` int unsigned NOT NULL,
  `body` text NOT NULL,
  `is_important` tinyint(1) DEFAULT NULL,
  `is_delivered` tinyint(1) DEFAULT NULL,
  `created_at` datetime DEFAULT CURRENT_TIMESTAMP,
  `read_at` datetime DEFAULT NULL,
  PRIMARY KEY (`id`),
  KEY `messages_from_user_id_fk` (`from_user_id`),
  KEY `messages_to_user_id_fk` (`to_user_id`),
  CONSTRAINT `messages_from_user_id_fk` FOREIGN KEY (`from_user_id`) REFERENCES `users` (`id`),
  CONSTRAINT `messages_to_user_id_fk` FOREIGN KEY (`to_user_id`) REFERENCES `users` (`id`)
) ENGINE=InnoDB AUTO_INCREMENT=501 DEFAULT CHARSET=utf8mb4 COLLATE=utf8mb4_0900_ai_ci;
/*!40101 SET character_set_client = @saved_cs_client */;

--
-- Dumping data for table `messages`
--

LOCK TABLES `messages` WRITE;
/*!40000 ALTER TABLE `messages` DISABLE KEYS */;
INSERT INTO `messages` VALUES (1,46,1,'Voluptas tempora recusandae praesentium est at quia. Nostrum qui voluptatem qui impedit natus. Excepturi ab quia assumenda assumenda rerum quam rerum.',1,1,'2019-10-23 03:01:59','2019-10-26 04:12:04'),(2,129,2,'Nihil est itaque consequatur quia ratione. Nostrum fugiat molestias laboriosam magnam. Perferendis dolores praesentium nesciunt magnam dolore animi.',1,1,'2018-08-11 23:37:27','2010-07-23 10:31:06'),(3,108,3,'Atque et fugit dolor explicabo accusantium et. Qui voluptatem deserunt dolore tempora aut eum. Quos id illum deleniti est consequatur. Ea quos unde adipisci sit qui. Consequatur quas fugiat praesentium rerum ut necessitatibus ducimus.',1,0,'2011-02-18 02:36:31','2015-06-25 10:42:01'),(4,153,4,'Quia labore nesciunt libero non beatae. Laudantium deleniti eaque dolor quae. Ad neque qui hic eveniet. Vero vero dolor ut atque fuga rerum. Ab quis qui est est.',0,0,'2011-08-01 19:56:59','2014-03-28 04:45:40'),(5,40,5,'Sed optio voluptates et laborum error nisi non. Eveniet omnis eligendi eos minima aut corrupti. Eaque sit veritatis porro illum. Voluptate corporis enim provident accusamus.',1,0,'2014-03-18 11:37:42','2010-11-20 12:04:43'),(6,140,6,'Fugit voluptatem illum est ut nulla error voluptas at. Mollitia laudantium ut recusandae vitae iste ut. Et ad enim rerum accusantium sit.',0,0,'2017-11-26 05:29:15','2014-10-30 13:37:27'),(7,180,7,'Sit mollitia amet quo accusantium. Facilis aut omnis quos veniam in. Architecto repudiandae consequuntur autem quisquam velit voluptatem placeat. Qui deserunt fugiat cum. Possimus est quia officia non qui.',1,1,'2013-08-28 07:34:49','2015-07-08 04:27:21'),(8,78,8,'Aut ut doloribus quod qui consequatur possimus. Corrupti dignissimos qui eum id vero ut quo. Libero similique adipisci non est consequuntur doloremque nulla.',0,0,'2011-05-07 14:03:21','2012-09-30 04:08:28'),(9,52,9,'Cumque dolorem veritatis dolorum eum sit tenetur sed. Quam aliquid veniam hic aperiam iste et. Animi cum odio unde modi atque voluptates. Illo distinctio omnis quia repudiandae.',0,0,'2016-06-08 01:24:03','2014-07-17 12:08:02'),(10,23,10,'Quia atque corrupti impedit et. Enim nihil hic asperiores quasi dolorum sapiente et. Quia occaecati eveniet mollitia. Minus itaque sunt non voluptas temporibus omnis doloribus.',1,1,'2016-05-18 10:55:24','2017-08-19 21:25:24'),(11,161,11,'Accusantium eos tempore eius recusandae est id. Voluptas in dolores dolor soluta nihil aut corrupti nemo.',1,1,'2013-11-07 03:20:08','2010-05-24 03:02:09'),(12,134,12,'Et dolorem dolores doloribus perferendis autem autem adipisci. Et aspernatur saepe eius cumque ut accusamus est. Voluptas similique veritatis eum in ex qui aut.',1,1,'2011-12-24 19:37:17','2018-06-15 02:17:24'),(13,188,13,'Sunt vel nam perferendis qui molestias optio consequuntur. Ea in optio beatae aspernatur. Eligendi autem consequuntur impedit architecto eius.',0,1,'2011-07-13 05:31:10','2012-07-07 03:58:57'),(14,136,14,'In illum dolorem assumenda vitae et illum sint. Minima blanditiis architecto aut magnam autem et. Labore quisquam sint et sit. Reprehenderit expedita cupiditate doloremque doloribus repellendus aut.',1,0,'2018-10-24 04:04:14','2010-11-01 04:24:55'),(15,115,15,'Maxime voluptatem hic aut recusandae doloribus aliquam accusamus. Dolor unde sapiente aut suscipit deserunt et. Tenetur illum fugit magni dolores.',1,0,'2013-10-17 20:46:57','2018-05-18 21:15:28'),(16,166,16,'Molestiae non est eveniet hic aut. Aut consequuntur est molestias voluptatem nemo possimus quibusdam ipsa. Ut voluptates id nihil quia nulla. Harum excepturi suscipit perspiciatis mollitia.',0,0,'2019-06-28 10:10:03','2017-02-06 02:25:06'),(17,86,17,'Iusto voluptatibus autem voluptatum voluptas omnis voluptas. Aliquam voluptatibus dolor dolor. Est fugit omnis nobis in cum et corrupti sint.',0,1,'2012-06-09 07:47:09','2017-05-03 09:38:48'),(18,131,18,'Impedit qui voluptate non veniam cupiditate in. Neque qui nihil voluptas cupiditate. Optio voluptatem quo beatae veniam. Maiores non quo incidunt corporis. Nam provident dolorem voluptatem odit non.',0,0,'2011-03-22 21:46:28','2014-09-08 22:58:55'),(19,196,19,'Nobis aliquam modi rem nobis soluta numquam totam. Architecto necessitatibus voluptas ipsam. Magni quae qui facilis. Aut aut id autem vel et sit enim magni. Ut quasi totam qui quis ipsa libero ducimus.',0,1,'2017-08-24 15:50:13','2013-06-16 20:25:11'),(20,185,20,'Officiis est aspernatur aspernatur ratione. Enim ullam vitae officiis totam sunt perspiciatis. Nostrum ipsum similique aut. Voluptatem accusantium fugit natus quaerat voluptatibus.',0,1,'2018-11-06 23:29:48','2012-07-23 09:44:19'),(21,139,21,'Perferendis vel eos dicta. Ipsa id maxime mollitia qui voluptatem quia ut. At placeat consectetur aliquam inventore consectetur est et.',1,1,'2013-10-14 06:58:57','2017-04-23 11:34:58'),(22,139,22,'Voluptate perspiciatis dolore sunt blanditiis officiis nesciunt esse. Eos repellat sit ex placeat excepturi dolorem distinctio. Quo et consequatur eaque velit est numquam rerum eveniet.',0,0,'2017-03-07 09:54:02','2017-05-22 16:41:34'),(23,77,23,'Quo ea perspiciatis veritatis vero esse et. Soluta vel molestias et alias quos aut. Nostrum voluptates sequi velit autem quos placeat similique voluptatem. Porro debitis consequatur quia fugit ex rerum quae.',1,1,'2019-10-17 13:33:41','2018-10-01 20:01:31'),(24,166,24,'Minus cupiditate vel temporibus ab et odit magni. Ad corporis nihil nobis ut. Maiores molestias fuga atque quis repellendus.',0,1,'2011-05-02 10:32:18','2015-09-15 15:32:20'),(25,1,25,'Voluptatum blanditiis numquam omnis provident. Quod sit voluptate sit ut eum. Non aut reprehenderit suscipit cum temporibus voluptatem.',0,0,'2016-01-06 18:17:25','2013-05-04 12:21:35'),(26,105,26,'Vitae perspiciatis veniam nostrum ipsam autem soluta. Optio harum ipsum assumenda. Amet dolorem est rem natus at. Inventore qui possimus enim totam est maiores ratione praesentium.',0,1,'2013-12-12 12:25:43','2010-04-08 15:15:21'),(27,120,27,'Unde qui soluta assumenda at. Quis non labore ipsam perspiciatis. Provident laudantium nostrum odit dolor debitis repellat. Necessitatibus non blanditiis blanditiis vel. Nemo alias aliquam eum asperiores illo.',1,0,'2013-02-24 07:42:14','2019-06-09 04:31:51'),(28,86,28,'Dolores ad sint et porro qui porro cupiditate. Sed molestiae reiciendis odit iusto sed libero. Qui iusto accusamus sapiente. Aut necessitatibus et minus est.',0,0,'2018-07-04 03:45:46','2016-12-02 17:03:45'),(29,67,29,'Aliquam fugit consequuntur cum. Quos sint dolorem officiis quaerat. Qui maxime ab et expedita. Dolorem expedita pariatur aut tempore sapiente quis consequatur.',0,0,'2017-10-11 00:31:34','2014-02-06 05:30:05'),(30,80,30,'Et sunt voluptatem ab quis fugiat. Est architecto nam rem quis nulla est maxime quaerat. Fugit enim rerum modi voluptatibus suscipit. Et quia debitis ipsum consectetur.',1,1,'2016-05-28 10:40:52','2015-10-12 02:46:30'),(31,198,31,'Totam dolorem dolorum at sed. Debitis perspiciatis dolores illo et a.',1,1,'2010-07-14 08:25:13','2013-11-09 05:12:47'),(32,148,32,'Temporibus hic delectus quia officiis soluta. Tenetur quia quae aliquid. A porro eos quia dolores laboriosam delectus.',1,1,'2015-01-30 12:32:38','2020-03-06 14:13:10'),(33,148,33,'Inventore amet ullam maiores alias quibusdam eaque molestias. Ea eius aut et nihil. Atque omnis corrupti reprehenderit maxime.',1,0,'2019-03-16 07:36:04','2019-06-25 19:01:05'),(34,94,34,'Est laborum eum fugiat velit et amet. Officia odit assumenda expedita corrupti. Dolore cupiditate aspernatur culpa modi magnam tempora mollitia.',0,0,'2011-11-20 00:45:42','2017-03-27 13:29:37'),(35,24,35,'Omnis itaque nulla id delectus distinctio ducimus tempora. Exercitationem quia eos omnis sint sapiente. Qui earum numquam dolores maxime non est consequatur.',0,0,'2019-10-21 00:50:23','2014-02-17 21:40:41'),(36,39,36,'Iste doloribus nesciunt quam sint nobis recusandae non. Ducimus aut qui rerum ut pariatur. Eaque qui fugit in et. Vero dignissimos quo temporibus dolores.',0,1,'2013-07-30 06:43:10','2019-04-18 03:38:05'),(37,123,37,'Veritatis saepe molestias qui. Omnis ut delectus consequatur asperiores. Consequatur tenetur beatae dolorem sequi sapiente. Voluptatum sunt et quaerat voluptates.',0,0,'2016-07-14 21:33:49','2017-10-09 06:54:22'),(38,98,38,'Eos animi distinctio soluta sit nihil porro. Officia culpa pariatur quia consequatur.',0,1,'2018-03-02 14:52:15','2012-03-17 11:08:08'),(39,120,39,'Sed sed qui necessitatibus est neque veritatis quia ipsum. Asperiores non est consequatur qui.',0,1,'2020-03-14 19:03:35','2011-08-17 08:03:54'),(40,104,40,'Asperiores fuga omnis excepturi et veritatis sunt dicta. Laborum et voluptatem saepe vel ad. Dolores voluptatem laborum labore consectetur aut quisquam. Modi quibusdam et cum modi eligendi sit ut.',0,1,'2010-08-02 03:55:34','2015-04-10 13:10:59'),(41,161,41,'Maiores reprehenderit ut dignissimos quo corporis natus. Vero unde odio necessitatibus nulla dolorem omnis vero.',0,0,'2019-07-02 16:39:50','2010-08-28 08:55:39'),(42,91,42,'Reiciendis id natus adipisci repellat. Facere et doloremque ex enim. Ea facere molestiae rerum modi consequatur sint. Sit et labore itaque in id neque. Saepe facere ea ipsum eum molestias dignissimos et quos.',0,1,'2012-12-25 22:42:19','2014-11-27 19:14:48'),(43,172,43,'Voluptatem eveniet voluptates perspiciatis id. Necessitatibus ipsum ut voluptas aut. Dolores enim animi quas aspernatur iste et temporibus. Assumenda distinctio rerum sit sunt commodi. Praesentium vitae repellat qui nemo sed id et.',0,0,'2019-07-30 05:42:11','2010-12-01 12:31:36'),(44,186,44,'In molestias harum quod sequi praesentium rerum. Veniam quisquam perspiciatis accusamus voluptatem odio magnam suscipit. Nemo voluptas error molestias voluptatem praesentium aut. Non rerum fuga soluta numquam quos.',0,0,'2018-05-23 10:54:30','2020-01-11 15:11:46'),(45,14,45,'Assumenda commodi illo cupiditate minima provident sapiente eligendi. Vel deserunt voluptas ut totam. Sed delectus est et et dolor voluptates.',1,1,'2014-11-15 01:24:41','2017-11-06 22:19:55'),(46,111,46,'Sit amet aliquid voluptatem earum harum. Porro ea rem aspernatur tempora laudantium perferendis. Et laborum asperiores laboriosam et. Tenetur harum ratione eveniet recusandae. Omnis perspiciatis facilis veniam ea laudantium.',0,0,'2011-06-24 08:59:22','2016-10-21 21:00:46'),(47,113,47,'Ullam debitis magnam rerum praesentium. Veritatis a nihil perferendis quas. Porro tenetur ad aut consequuntur maiores minus.',0,1,'2016-04-19 02:53:00','2019-01-21 09:24:28'),(48,32,48,'Temporibus molestias doloribus nam voluptatem est numquam. Ut similique praesentium excepturi totam voluptatem nihil placeat. Voluptates asperiores et et nisi reprehenderit nihil. Qui recusandae molestiae eum neque vitae. Totam qui aliquid et beatae excepturi quam non.',0,1,'2013-06-11 13:40:59','2016-12-15 20:16:48'),(49,20,49,'Omnis nobis quo est consequuntur laudantium voluptas saepe explicabo. Quaerat asperiores nisi voluptates sit. Assumenda eaque libero quia qui. Voluptatibus maiores culpa id.',0,1,'2020-01-20 03:58:39','2013-10-18 13:41:29'),(50,4,50,'Eos doloribus laudantium unde et. Excepturi minus expedita quidem.',0,0,'2014-06-08 03:26:32','2012-01-24 14:38:59'),(51,161,51,'Cum doloribus quia vel debitis id a aliquam. Nihil laboriosam vero modi iusto. Sit ullam ipsum aliquid consectetur odit optio neque. Nulla consequuntur non id molestias.',0,1,'2013-09-10 12:46:10','2018-03-05 06:18:42'),(52,191,52,'Voluptas ipsa qui quos ullam. Nihil qui molestias inventore eveniet. Dolores molestiae in consequuntur aut.',0,0,'2013-04-27 11:46:48','2019-02-26 16:39:26'),(53,70,53,'Dolorem illum et aut tenetur nam doloremque. Eius laborum similique omnis rerum aliquid sed officia. Non est alias eum.',1,0,'2013-04-07 11:11:20','2015-01-04 18:04:12'),(54,178,54,'Repudiandae aut ut sint. Quo quis ea eligendi nesciunt labore est. Est non dolor quia culpa nobis corrupti eos.',1,0,'2018-05-30 23:45:40','2014-11-23 00:25:54'),(55,81,55,'Tempora dolor ut et voluptas. Inventore quisquam repudiandae voluptas sed voluptatum non et. Quo et sequi voluptatem laboriosam voluptatem suscipit dolores atque.',1,1,'2019-07-09 22:42:59','2010-05-21 18:57:17'),(56,68,56,'Aliquam voluptatum explicabo natus atque molestiae. Et accusantium eligendi similique ab harum.',1,1,'2012-01-28 00:37:25','2013-02-28 22:21:56'),(57,99,57,'Et quibusdam odio accusamus quo. Ex iste ab consequatur quo a magnam. Aut sequi molestiae eos eum explicabo eveniet. Blanditiis fuga atque dolor dolores non autem.',0,0,'2010-10-30 18:44:36','2020-01-08 10:07:32'),(58,91,58,'Beatae ducimus et culpa quis debitis voluptatem. Est et laboriosam est quia et non voluptatem. Quia sed quis ut qui. Sint iste sunt qui expedita eum facilis tenetur. Ea veniam aut itaque voluptatem.',0,1,'2013-12-15 05:47:56','2011-10-12 20:27:17'),(59,158,59,'Alias architecto aspernatur excepturi dignissimos nihil architecto voluptate. Maiores culpa non molestiae in tenetur quas doloribus. Vel quidem facilis harum necessitatibus dolor est laudantium. Fugit soluta repellat ea voluptatem dolores.',0,0,'2011-03-14 03:44:45','2019-03-10 01:24:04'),(60,117,60,'Illo aliquid dolorem sit sequi eaque qui. Error laboriosam ipsum et blanditiis soluta.',0,1,'2017-08-02 21:02:52','2015-06-14 02:01:11'),(61,108,61,'Laborum tenetur aut nesciunt autem pariatur. Natus consequatur dicta nam sit fuga. Sunt blanditiis sed in quam voluptate non.',1,1,'2019-08-12 08:45:12','2013-12-02 12:21:27'),(62,187,62,'Consequuntur nihil nesciunt eius dolor consectetur quos soluta. Labore qui quis magni ut expedita.',1,1,'2014-08-11 02:12:10','2018-09-17 09:13:18'),(63,14,63,'Itaque voluptatum amet eaque omnis eveniet voluptatem. Dolorem ullam laudantium fugit eaque quae excepturi eum. Officia ut eum sunt dolores rerum in expedita sunt.',0,1,'2013-03-02 14:59:52','2010-05-08 06:53:46'),(64,107,64,'Accusamus libero quia culpa libero facere dolorum. Magni quia quia occaecati eligendi molestiae eaque voluptas. At laborum et ut voluptatem doloribus cumque. Enim in minus odit nemo in dolor impedit aut. Similique officiis molestiae eum laudantium omnis aut consequuntur ea.',1,1,'2016-09-24 02:57:47','2015-10-19 03:22:35'),(65,94,65,'Fuga sapiente inventore aliquid et omnis aut laboriosam dolorem. Ut quo vitae laboriosam quasi quia ad aperiam porro. Dolor occaecati architecto est.',1,1,'2014-03-23 00:37:53','2011-04-27 14:48:50'),(66,149,66,'Qui sequi praesentium blanditiis at id voluptatem. Quo sed consequuntur quia velit. Officia cum accusamus quam voluptates est quasi veritatis.',0,0,'2012-02-24 18:19:36','2014-05-10 00:11:31'),(67,60,67,'Voluptas totam est et doloremque. A praesentium quo in perferendis. Laborum sequi sint sint et sunt ut quas.',0,0,'2019-07-07 04:52:35','2016-05-06 11:19:07'),(68,53,68,'Sunt aut autem magni consequatur quibusdam. Dicta eaque sed aut officiis aut aut sunt. Recusandae beatae tempore totam in. Et iste non laborum magnam et est dicta.',1,0,'2013-04-02 13:18:15','2017-03-14 01:02:30'),(69,86,69,'Sint vero omnis non et laborum quas. Modi labore aut unde expedita inventore laudantium culpa quam. Nam cupiditate unde et minima nihil et.',1,1,'2012-01-02 13:21:08','2011-09-29 23:15:02'),(70,71,70,'Soluta autem corporis ipsum iure ut. Vero dolores ullam eum quia ut tempora molestiae mollitia. Porro rerum laboriosam neque delectus. Maiores cumque qui mollitia qui.',0,1,'2012-01-08 13:36:37','2015-03-21 01:20:11'),(71,97,71,'Amet blanditiis et dolorem est doloribus dignissimos minima. Rerum commodi libero et repellendus qui id. Nulla perspiciatis esse sint nemo recusandae atque. Est laudantium occaecati dolores molestiae perferendis aut.',0,0,'2016-09-17 15:02:40','2010-11-01 10:22:04'),(72,70,72,'Illum quod incidunt adipisci aperiam minus. Et officiis eos voluptatem vel nisi quo ut. In et praesentium corporis praesentium aut qui alias.',1,0,'2014-05-26 07:34:59','2016-06-24 05:57:31'),(73,61,73,'Rem consectetur earum nihil quis aut. Harum et distinctio et a dicta cupiditate est.',0,0,'2015-02-16 07:46:33','2015-01-17 13:42:30'),(74,92,74,'Consequatur enim blanditiis est vero ullam aut. Saepe quae molestiae adipisci veniam expedita quis minima. Aut qui qui quia sint eaque consectetur.',0,1,'2015-02-10 06:07:34','2015-02-21 15:52:00'),(75,79,75,'Adipisci totam dolor dolores minima at soluta. Qui consequuntur quaerat natus sunt doloribus. Alias molestias voluptas deleniti laborum. Assumenda voluptatem repellat hic sint.',0,1,'2013-09-30 22:35:16','2011-08-12 19:18:59'),(76,117,76,'Dolor et repellendus quis sequi perspiciatis et. Esse esse nisi laborum ipsam sit consequatur. Ducimus omnis enim dolor aut ab accusamus iste at.',1,1,'2011-05-28 16:46:22','2012-06-01 17:01:23'),(77,148,77,'Maxime distinctio qui natus sint in explicabo. Et quos dolorum nihil explicabo. Praesentium sint molestiae hic assumenda earum quasi iure.',0,1,'2011-06-29 12:18:48','2016-11-23 14:28:31'),(78,188,78,'Voluptates pariatur est aut nemo nihil. Hic rerum vel doloremque id. Occaecati corrupti vel autem ipsam. Ad aut id expedita nobis.',1,1,'2010-12-29 17:23:55','2015-06-23 11:02:24'),(79,95,79,'Eos maxime sed nisi quis. Officia exercitationem id id nesciunt.',1,1,'2018-03-23 03:28:25','2014-12-01 10:22:07'),(80,112,80,'Aperiam et autem voluptatibus natus soluta. Id quo fuga ipsam alias temporibus blanditiis id quos. Qui et ut sit quia reprehenderit veniam amet minima.',0,0,'2016-01-12 05:17:15','2011-02-23 17:45:46'),(81,75,81,'Quo magnam temporibus error et quae at. Qui nostrum et ab.',0,0,'2019-10-25 08:23:20','2012-04-28 20:54:06'),(82,37,82,'Libero magni aut voluptatem voluptas ipsam. Voluptatem enim harum consequatur aut qui porro a. Eius sit neque dolor quasi natus sit consequatur. Aliquam est et dolores magnam eos minima hic.',1,0,'2017-04-13 02:16:49','2011-01-15 10:38:20'),(83,159,83,'Tempore iste ut nulla. Sit id aut voluptas quia dolorem est. Eius accusantium aut possimus qui natus. At exercitationem minus et cum deserunt velit nemo. Distinctio quis sit ex ut hic quis corporis.',1,0,'2015-06-15 02:52:55','2017-08-24 19:48:16'),(84,86,84,'Sit dolorem corporis dicta. Aliquam illum quos sint atque. Doloremque neque quis dolorem consequuntur in placeat.',0,1,'2018-10-25 13:15:51','2019-08-16 13:59:39'),(85,152,85,'Numquam illo debitis ullam ullam alias iste. Non illum ratione aut. Soluta officia et velit minus. Excepturi ut assumenda impedit.',1,0,'2014-02-24 00:12:59','2014-07-12 04:43:15'),(86,100,86,'Aliquid quaerat expedita facere voluptatem sit unde hic mollitia. Est aperiam explicabo nemo corrupti doloribus quia facilis optio. Sed a illo voluptate sint inventore laudantium.',1,1,'2019-06-02 04:43:19','2017-06-18 19:18:48'),(87,45,87,'Porro autem at aliquam et rerum. Fugit eveniet cumque magni modi. Voluptatibus enim expedita inventore et. Beatae aut nam vel vitae dolorem.',1,0,'2010-07-12 01:19:28','2016-01-01 00:17:31'),(88,123,88,'Distinctio enim vel numquam nesciunt rem necessitatibus. Laboriosam omnis necessitatibus et pariatur sint delectus. Debitis voluptatem facere velit magni omnis. Error consequatur nostrum et iusto aut eaque recusandae nihil.',0,0,'2019-05-23 10:53:24','2016-05-22 18:55:20'),(89,79,89,'Voluptatem ratione totam veritatis porro qui quibusdam a. Sequi eum facere ex aut eveniet magnam cum dolor. Enim qui ut culpa in asperiores numquam sit consequuntur. Necessitatibus sint atque laudantium dolore unde alias. Velit hic et quod consequatur quidem accusamus quae.',0,1,'2013-02-21 15:02:48','2010-11-19 17:04:11'),(90,26,90,'Vero earum sunt minima esse at voluptates. Nam doloremque ut voluptatum ut consectetur mollitia. Est quo natus repellendus occaecati consequatur.',1,0,'2014-10-10 08:01:15','2011-06-29 08:42:24'),(91,93,91,'Ipsam nam facere voluptates illum quo et quas. Nostrum perferendis unde eum pariatur tempora vero enim veniam. Autem et minus assumenda esse est.',1,0,'2019-11-21 06:46:35','2013-04-16 02:14:34'),(92,186,92,'Ducimus sit a fugiat reprehenderit libero autem. Repellendus cupiditate et qui molestias.',0,1,'2011-05-12 13:19:27','2014-08-29 21:47:35'),(93,51,93,'Dolore voluptatem maiores quia molestias sunt. Dolorum qui quia praesentium dolorem voluptatem neque consequatur repudiandae. Voluptate fugiat quod excepturi enim. Natus distinctio ab et et.',1,1,'2012-09-19 07:14:08','2010-09-06 22:36:49'),(94,96,94,'Consequatur aliquam minus qui quas accusantium ipsum molestiae. Quia et aspernatur dolores voluptatum dolorem autem. Tenetur laboriosam sit voluptatem recusandae eligendi repellendus voluptatum.',1,0,'2016-10-31 09:42:42','2015-09-15 12:53:54'),(95,127,95,'Corrupti aut iusto quia laboriosam esse mollitia qui. Ipsam exercitationem sed reprehenderit quibusdam et laborum accusamus. Eum nihil temporibus incidunt modi.',0,1,'2011-03-05 16:05:05','2011-02-15 17:31:41'),(96,146,96,'Aut veniam voluptas qui. Excepturi vitae et dicta tenetur quia. Optio qui dolore sunt eaque quis ad.',1,1,'2018-03-08 22:07:41','2015-12-28 02:58:56'),(97,149,97,'Est est sit molestiae veritatis aut natus voluptatum. Autem et eveniet fugiat ut ipsam quae. Tempora qui commodi ut accusamus sunt. Non qui vero sint tenetur provident et quos. Soluta at voluptatem similique.',1,1,'2012-01-20 15:08:33','2018-09-20 04:27:13'),(98,104,98,'Assumenda omnis libero architecto omnis earum. Ut debitis molestiae quia et. Consequatur qui repellendus et quis eum. Perferendis dolorem aut eos omnis.',0,1,'2015-07-23 08:13:39','2018-06-28 20:57:52'),(99,76,99,'Qui a quisquam enim eveniet dolor ratione. Fuga voluptas aut qui ab dolorum animi. Cumque ut ex neque labore. Facere et eaque aut iusto voluptatem.',1,0,'2017-11-30 14:25:24','2014-03-05 17:02:41'),(100,66,100,'Doloremque hic illo aut enim alias ut deserunt facilis. Eum ut est temporibus harum officiis. Aut est voluptate et quis excepturi culpa qui.',0,1,'2017-03-21 11:24:59','2012-12-12 09:15:07'),(101,102,101,'Rerum harum sint non natus blanditiis soluta. Et minima est aliquid. Animi assumenda voluptatum corporis explicabo. Repudiandae aut quaerat explicabo enim.',0,1,'2016-03-06 09:25:03','2014-10-09 11:48:32'),(102,109,102,'Dolorum ut incidunt ad saepe veniam voluptate dolor. Architecto ea ipsa vero facilis odio aut dolorum. Omnis est iusto perferendis et omnis. Ullam vel provident ut ducimus. Omnis praesentium ducimus minima et facere harum.',1,1,'2011-01-08 21:50:57','2019-04-23 07:12:02'),(103,42,103,'Voluptate dolorem praesentium ut quia nemo. Dolore dolores nihil distinctio reiciendis. Eum reiciendis enim nihil laudantium. Voluptatum voluptatem sit pariatur aliquam excepturi.',0,1,'2017-02-17 07:37:12','2017-02-08 10:35:46'),(104,80,104,'Enim inventore laudantium ducimus quibusdam inventore. Exercitationem mollitia quibusdam enim rem voluptatem et qui ducimus. Rerum rerum non molestiae possimus consequatur et in in.',1,1,'2011-07-27 14:12:06','2017-03-28 14:07:21'),(105,73,105,'Id rerum enim enim molestiae laboriosam qui. Et eveniet veniam cum ut quidem culpa id.',0,1,'2011-08-08 00:40:42','2019-12-13 22:42:34'),(106,125,106,'Occaecati et fugiat velit sequi ratione eveniet. Voluptatem repellendus consequatur voluptas nulla deleniti. Dolorum amet quis eius nemo. Iure sed dolores fugiat magni totam ipsum officia.',0,1,'2013-07-11 14:23:21','2017-12-18 07:12:05'),(107,4,107,'Magni commodi velit et. Quas mollitia non repellendus distinctio fugit ut. Ea et labore dolor temporibus. Et qui quidem rerum et vel.',1,1,'2019-11-01 00:00:15','2013-09-22 16:23:45'),(108,47,108,'Beatae tempora id non qui dolorem voluptate. Atque odit minus quis. Cumque temporibus ea ut culpa unde voluptas sint. Pariatur id omnis laudantium eligendi sequi molestias.',1,0,'2014-02-17 20:10:57','2016-08-18 17:41:33'),(109,23,109,'Modi nobis omnis quis eius sit vitae est. Occaecati voluptate voluptatem dolorem assumenda libero laboriosam. At aut corporis vel.',1,1,'2018-04-17 19:28:17','2014-02-05 14:51:31'),(110,172,110,'Perspiciatis et asperiores velit sint facilis. Atque neque laborum placeat qui. Magni id dolores sed aut enim. Voluptatibus autem numquam odit qui cupiditate consectetur.',1,0,'2011-05-28 16:03:54','2014-11-23 09:39:30'),(111,190,111,'Consequuntur excepturi est vero perspiciatis ipsam perspiciatis ad ad. Accusantium ut id sit beatae fugiat omnis.',0,0,'2014-02-12 02:33:43','2012-04-03 21:21:54'),(112,32,112,'Ut ullam voluptates doloribus quos quia itaque rerum est. Sit aut est corporis ratione illum et qui. Quia aliquam nisi iusto quo. Doloribus assumenda corrupti aut corrupti eius fuga qui.',0,0,'2015-07-16 00:38:53','2013-03-24 07:34:36'),(113,193,113,'Temporibus rerum qui amet aut voluptatem saepe quia. Repellat quia enim aliquid. Voluptatem ut rerum non amet. Unde dicta autem sunt ratione quisquam.',1,0,'2010-09-12 01:48:45','2013-02-11 01:32:15'),(114,67,114,'Mollitia voluptatem officiis eligendi pariatur harum enim. Qui dolorem ut suscipit vero. Hic assumenda sequi ipsa quas. Laboriosam omnis natus natus animi earum eum.',1,0,'2013-07-07 01:55:17','2019-07-18 10:31:08'),(115,154,115,'Sed at assumenda qui. Laboriosam sit perspiciatis culpa dolore. Est suscipit optio fuga saepe nam dolor.',0,0,'2012-10-23 04:10:56','2012-06-05 21:17:09'),(116,171,116,'Molestias rerum omnis magnam iure animi et amet. Itaque magnam facere maxime possimus voluptatem. Consequatur ut voluptatem in.',1,1,'2015-11-30 18:42:44','2019-06-17 20:49:26'),(117,191,117,'Ipsam sit est sit molestias saepe vitae consequatur fuga. Ullam est eos voluptas quia provident magnam velit. Quia sint temporibus qui tempore. Eos amet distinctio iste dignissimos nesciunt.',1,1,'2014-05-11 09:58:42','2015-08-11 04:32:18'),(118,43,118,'Occaecati dolores quia aut quos. Sit sunt rerum quas. Sequi porro perferendis esse eum alias at iste.',1,0,'2016-10-08 15:59:22','2013-12-22 06:33:29'),(119,40,119,'Inventore omnis tempora et nemo ea numquam. Ut corrupti ut et ut. Excepturi et voluptate non non sint vitae odit deserunt.',1,0,'2016-10-14 20:56:05','2012-03-01 08:15:14'),(120,70,120,'Voluptatem ut sequi rerum sit maxime dolorem ut. Officia sapiente consequuntur quia dolore. Et ut aspernatur porro. Excepturi consequatur consequatur cumque est deserunt mollitia doloremque.',1,1,'2018-04-03 11:07:39','2011-12-08 05:31:17'),(121,28,121,'Et magnam labore quidem voluptatem. Quis assumenda optio nihil veniam explicabo asperiores. Sunt repellat magnam ut quis non debitis laboriosam. Qui mollitia exercitationem est impedit optio recusandae.',0,0,'2018-01-02 17:04:34','2015-10-05 09:47:23'),(122,132,122,'Repudiandae dolore tenetur quos et voluptatum optio molestias non. Voluptate sed porro tenetur sint officiis quia amet. Fuga minus asperiores et nihil. Facilis modi consequuntur cum delectus aperiam illo facere repellat.',0,1,'2013-02-18 08:28:11','2011-04-21 10:23:10'),(123,177,123,'Velit quo totam pariatur. Officiis sit vel laborum quo. Et voluptatibus nam magni. Dolor quia deserunt iste repellendus sed.',1,1,'2012-09-15 23:07:09','2013-07-09 22:35:53'),(124,85,124,'Facere praesentium sed quia id est aperiam perferendis. Voluptatem praesentium necessitatibus ipsum repellat qui assumenda. Dolores doloribus rerum maiores commodi quasi ratione.',1,0,'2013-06-07 19:13:03','2013-07-14 23:42:12'),(125,97,125,'Sapiente qui et dolor distinctio vel. Doloremque quo ducimus nisi rerum harum. Possimus incidunt accusamus error quo facilis. Maiores non quia ducimus nihil aspernatur.',0,1,'2012-01-31 01:36:40','2018-01-27 01:19:52'),(126,27,126,'Ab unde voluptates eos accusamus. At repudiandae ullam dolores necessitatibus nesciunt enim. Enim cum occaecati sed voluptatem.',1,0,'2020-01-26 10:19:22','2012-03-05 17:45:57'),(127,45,127,'Est quia quis nisi inventore quis beatae totam. Dicta facilis est voluptas laudantium eligendi blanditiis laborum. Qui minima accusantium accusantium reiciendis consequuntur saepe. Non distinctio consequatur accusantium quis. Repellat expedita eos labore et molestiae tenetur.',0,1,'2016-10-15 15:34:08','2012-07-28 14:43:25'),(128,142,128,'Voluptas dicta quisquam error recusandae possimus saepe neque. Ut sit laudantium et. Voluptas repellendus doloremque ea perferendis. Optio nihil nisi fugit cum ipsam. Reprehenderit illo totam odit sunt.',1,0,'2012-10-29 01:35:23','2015-02-07 17:11:27'),(129,173,129,'Quo nemo hic vel officiis. Expedita consectetur eos saepe molestiae. Et et quibusdam tenetur ea nisi unde.',1,1,'2010-09-30 00:22:51','2017-11-08 09:04:13'),(130,41,130,'Nesciunt libero facilis quod voluptas debitis sed. Est sit deserunt voluptatem consequatur. Saepe est quibusdam et ut. Nostrum dolorum cum ipsam veniam sit hic dolorum omnis. Eum cupiditate sapiente tenetur et officia.',0,0,'2010-05-01 12:27:13','2017-04-07 14:52:05'),(131,85,131,'Et consequatur explicabo iure sed culpa reprehenderit. Et est nemo ipsa nihil perferendis architecto. Optio maiores qui id nesciunt ratione repellendus.',1,1,'2016-12-18 22:23:00','2017-03-29 20:22:29'),(132,101,132,'Repudiandae quasi molestias tempora dolore. Voluptas eos maxime velit dolor sequi nulla qui exercitationem. Minus exercitationem et velit nam aliquam totam ea. Suscipit quia amet similique aut ea vel dolorem.',0,1,'2011-07-21 11:09:12','2011-07-24 10:35:40'),(133,50,133,'Facilis fugit aut explicabo autem vel. Voluptatem soluta nemo qui praesentium tempore et qui aut. Reprehenderit aut animi voluptatibus libero soluta quibusdam.',0,1,'2012-01-19 05:07:42','2011-12-10 12:48:03'),(134,148,134,'Qui praesentium assumenda incidunt voluptatem. Perspiciatis id est qui sit distinctio tempora. Est vitae consectetur eum rerum.',1,0,'2017-07-03 01:38:32','2017-08-18 04:18:06'),(135,187,135,'Eligendi autem consequuntur iste iusto debitis beatae sit eos. Veniam ea libero quis enim sed dolor excepturi. Similique quae et totam quo velit excepturi. Quibusdam sit sit temporibus ipsam nihil.',0,1,'2010-04-27 04:22:17','2013-08-28 14:25:16'),(136,90,136,'Ut repellat nam pariatur omnis omnis nesciunt. Dolores quo qui unde quam voluptatibus aut. Nam commodi totam voluptates ullam ipsam. Magni dicta dolorem id molestias.',0,0,'2013-01-13 21:10:03','2018-01-29 20:40:20'),(137,88,137,'Voluptate modi officia omnis at quia. Aut aperiam pariatur nihil ut dolorem fuga quo. Unde corporis corrupti voluptate velit iusto dolorem.',1,0,'2019-10-19 19:53:51','2016-05-26 19:54:01'),(138,169,138,'Et eaque voluptas id aut. Id veritatis corporis quia corrupti iusto minus. Qui distinctio sit animi mollitia recusandae ratione. Aspernatur eos quis cumque recusandae ut minus repellat. Odit omnis corporis et officia sint sint.',1,0,'2019-12-29 08:24:37','2015-02-19 01:58:01'),(139,181,139,'Mollitia nemo nulla mollitia corrupti laudantium. Fugiat suscipit sed id minus.',0,1,'2018-08-24 18:05:49','2013-01-21 06:11:04'),(140,197,140,'Natus iste minus architecto vitae et impedit aut sit. Qui illum et dolor modi asperiores quidem. Asperiores iste quis dolor quae sunt omnis.',0,1,'2011-03-02 15:31:56','2011-12-27 07:45:45'),(141,43,141,'Amet quia doloribus maiores est. Suscipit cumque sed architecto. Voluptatibus voluptatem et quas eligendi perferendis vero aut.',0,1,'2013-11-02 13:31:33','2014-11-29 12:18:01'),(142,22,142,'Culpa hic corrupti laboriosam sit culpa dolor. Accusantium libero dolor dolorem sit in et aut. Sint quisquam autem excepturi aut.',0,0,'2012-03-19 08:43:37','2011-06-26 08:42:42'),(143,182,143,'Non voluptate aut praesentium id quae consequatur consequuntur voluptatum. Aut et veritatis distinctio minima dolorum voluptatem officia. Enim ut quasi in exercitationem.',0,1,'2014-10-10 02:54:44','2010-12-03 23:05:45'),(144,42,144,'Facere inventore provident aperiam et error odio in. Magni minima magni fuga voluptas. Amet perferendis molestias ratione recusandae dolor. Nobis fugit eum hic voluptates est ullam velit maiores.',1,1,'2018-09-12 11:53:51','2010-07-29 06:56:38'),(145,63,145,'Minima ut et aut reprehenderit minus dolores nisi sunt. Qui similique est tempora. Voluptatem nam ut provident laborum aperiam magnam accusantium natus.',0,0,'2013-04-29 03:07:58','2015-03-06 06:34:54'),(146,189,146,'Et magnam quia velit nostrum id. Iste est eos neque in. Rerum velit pariatur est accusantium.',0,0,'2012-01-08 09:00:37','2012-11-29 13:39:08'),(147,154,147,'Eligendi dolor et vel rerum et impedit reprehenderit. Dolores maiores qui minus. Quaerat sit enim non impedit non omnis.',1,0,'2012-01-09 22:48:02','2015-04-28 16:14:04'),(148,5,148,'In repellat quo ut fugit reprehenderit. Explicabo magnam ex et rem repellendus quam.',0,1,'2020-01-29 23:59:09','2014-06-01 21:29:26'),(149,163,149,'Ut qui aut incidunt est consequatur magni aut. Ullam sed dolorem maiores pariatur qui et consequatur. Ipsa et aut odit quia adipisci omnis nemo beatae. Commodi aliquam ratione veritatis non.',0,1,'2014-08-21 01:39:04','2017-08-22 04:57:58'),(150,198,150,'Eligendi earum quia optio quis. Cupiditate distinctio et voluptas omnis nemo debitis ipsa. Ut aut qui quis dolor sunt voluptas. Quibusdam nisi est omnis aut ad aliquid saepe.',1,0,'2010-11-15 07:21:00','2015-02-08 23:25:41'),(151,101,151,'Asperiores soluta deleniti ipsa rerum quos consectetur a consequatur. Ex voluptatem veritatis veritatis sunt placeat eveniet. Quasi quas repellendus voluptates enim.',0,1,'2013-12-27 00:11:29','2012-05-22 18:16:26'),(152,109,152,'Qui id labore nulla sint. Temporibus quia veniam consequuntur ullam est dolorem sit tempore. Neque soluta aut nesciunt eum. Sapiente culpa nulla perspiciatis et.',0,1,'2013-02-19 11:48:54','2015-12-24 07:56:08'),(153,41,153,'Delectus vitae veniam ut quos rerum facilis. Tempore quo illo aut repellat porro laboriosam. Repellat asperiores facilis ad fugit. Hic nostrum et et.',1,0,'2011-03-07 00:49:20','2017-12-10 12:21:21'),(154,80,154,'Consequatur sapiente iste ex accusantium tempora velit necessitatibus. Sapiente ea et et quis at. Dolorem nostrum ducimus quaerat aperiam dolore. Ut sunt non non reiciendis qui voluptatum recusandae.',1,0,'2014-05-27 12:36:02','2014-04-19 06:38:12'),(155,74,155,'Libero tempore ut aliquam expedita autem voluptas. Voluptatem est accusamus aut doloribus maiores ut eum. Voluptatem consequatur quae qui et cum similique.',1,1,'2013-12-28 11:44:14','2016-01-21 17:09:03'),(156,130,156,'Ipsam rerum necessitatibus officiis ullam similique. Fuga fugiat qui odio suscipit provident eligendi provident. Nulla ipsam facere est ut iste. Voluptatem rerum vel sit sit ut cum.',1,1,'2014-07-18 17:50:15','2013-06-29 07:13:58'),(157,28,157,'Et quis aut aspernatur eum aliquid. Doloremque non fuga a et et ut quo alias. Aut sunt nihil nihil eos dolor veritatis porro ut. Vel tenetur molestiae modi tempore sit velit.',0,0,'2019-10-19 06:02:51','2014-06-25 03:55:13'),(158,148,158,'Voluptate soluta qui sit est facere. Veniam asperiores architecto alias cumque aliquam. Soluta ad sit earum qui temporibus facere quidem in.',0,0,'2010-11-06 13:18:44','2010-07-01 07:50:44'),(159,57,159,'Ut labore magnam et cupiditate est non consequatur ipsum. Sit est cum consequuntur non perspiciatis. Ipsum quis reiciendis ab minima nesciunt. Vitae aspernatur beatae reprehenderit.',0,0,'2018-01-06 19:17:37','2018-01-09 10:59:46'),(160,39,160,'Et voluptates odit quidem. Sed omnis sint aliquam accusamus commodi quasi quibusdam. Magnam illum debitis nemo architecto eum et.',1,1,'2018-11-27 13:20:25','2017-10-02 22:43:44'),(161,24,161,'Non ut et voluptatem est aut at eum et. Cupiditate consequatur provident eos asperiores velit suscipit.',1,1,'2014-04-21 15:51:56','2016-08-19 23:50:52'),(162,3,162,'Non neque ut dolor ex velit excepturi molestiae. Fuga velit ut in debitis alias earum. Tempora molestiae architecto ab officiis.',1,1,'2010-07-26 04:10:15','2019-11-12 20:32:17'),(163,143,163,'Omnis laborum aliquid ratione vel voluptatem architecto. In illum nostrum quos at. Qui corporis aperiam et alias.',1,1,'2015-04-05 07:30:09','2015-12-17 19:23:23'),(164,107,164,'Veritatis non fugit laborum. Ut ab inventore dolor. Temporibus laboriosam deserunt aut soluta magnam. Non facilis est sit a nostrum minus ab.',0,1,'2010-08-19 16:42:24','2018-10-28 04:04:33'),(165,103,165,'Dolor dicta doloremque eveniet eaque qui eaque. Quasi minus sint itaque asperiores eveniet quos. Recusandae aliquam sequi illum distinctio voluptas dolore labore.',1,1,'2012-05-19 11:52:23','2015-06-30 15:23:44'),(166,195,166,'Mollitia sunt ratione magnam similique dignissimos earum quaerat. Distinctio dolorem suscipit necessitatibus sed nisi at. Eaque et deserunt minima aliquid.',1,1,'2020-03-15 07:19:45','2015-01-30 04:42:45'),(167,66,167,'Id dicta aliquam omnis architecto eligendi libero quae sint. Ut qui commodi qui assumenda dolor eos. Sunt et quia sit. Minima accusamus reiciendis est minus.',1,1,'2010-04-15 19:59:59','2015-05-14 14:40:20'),(168,145,168,'Impedit placeat accusantium ad necessitatibus hic doloribus sit unde. Voluptate velit culpa sequi incidunt est deleniti deleniti. Sunt voluptas animi aut ullam. Mollitia at nihil quia itaque asperiores et voluptas.',0,1,'2017-12-29 13:31:51','2012-07-02 03:01:33'),(169,127,169,'Voluptas asperiores ut necessitatibus provident animi. Aut labore neque non expedita sapiente. Ullam aut voluptas unde fugit quia recusandae qui. Omnis provident ut qui aut.',1,1,'2016-02-12 14:48:47','2013-03-11 23:24:27'),(170,196,170,'Est magnam tenetur porro et iusto illum. Perspiciatis molestias ea ratione nisi. Et qui eligendi explicabo laboriosam iste temporibus totam.',1,1,'2014-01-12 17:39:57','2019-07-07 14:08:10'),(171,2,171,'Dolores commodi quo voluptatem dolorem qui. Dolor quo saepe libero. Incidunt qui repellat sapiente enim ipsam et aut.',1,1,'2013-07-19 09:55:35','2011-04-17 00:58:11'),(172,21,172,'Et rerum quia impedit. Quia exercitationem quo rem alias. Velit perferendis dolorum deserunt aut accusantium est eligendi.',1,0,'2012-06-04 09:13:26','2019-03-18 09:08:50'),(173,99,173,'Nihil quasi enim eum illo facere perspiciatis. Quo illum quia est nulla qui consectetur doloribus. Quas et numquam est culpa molestiae officia et.',1,1,'2014-05-28 00:19:34','2015-12-03 10:23:30'),(174,31,174,'Vitae id temporibus ut rerum officiis quia illum sapiente. Voluptatibus pariatur alias laborum omnis quo sunt. Eum nemo illo officia suscipit sunt natus. Velit dolorem quia vitae qui quis.',0,1,'2010-09-15 07:15:42','2011-01-02 15:53:12'),(175,56,175,'Ipsum deleniti mollitia et minima voluptatem totam laborum. Ut omnis officia consequatur quasi quod. Laudantium assumenda ut voluptatum dolorem delectus.',1,0,'2014-10-17 08:24:00','2011-11-06 17:21:37'),(176,188,176,'Et et et est distinctio ipsum est. Inventore a illum voluptas tempora commodi ab. Aut occaecati accusantium non eveniet. Laudantium ullam beatae omnis.',1,0,'2016-07-17 15:05:29','2017-07-23 02:48:48'),(177,171,177,'Ad veritatis fugiat voluptas quam autem exercitationem. Aut perferendis fuga aut aperiam ut dolore consequuntur culpa. Sed dolores assumenda sit. Officia consequatur beatae ipsum quia qui voluptatum eveniet.',0,0,'2011-03-23 16:41:58','2019-01-30 02:26:25'),(178,89,178,'Ab voluptatibus dolores vel autem. Molestiae eos sit delectus ullam eius enim voluptatem. Natus quo sint et maxime voluptates iste. Cumque facere beatae aut rerum nobis sapiente.',0,1,'2011-04-15 15:41:32','2017-12-01 21:23:48'),(179,131,179,'Omnis odio totam commodi ut quia dignissimos dolorum non. Nihil odio nulla temporibus eum doloremque esse ex. Nesciunt a ut voluptatem et ex sunt.',1,1,'2014-05-01 19:54:45','2018-12-14 07:27:14'),(180,188,180,'Quam numquam similique ut aperiam porro. Ratione est maxime quasi necessitatibus aut suscipit. Nihil sapiente harum ut saepe adipisci. Reiciendis nemo omnis voluptatem ut.',0,1,'2013-03-19 11:39:28','2018-11-27 03:42:55'),(181,148,181,'Reiciendis facilis velit aut fuga eius aliquam eligendi. Suscipit exercitationem ipsam id voluptatum amet. Cupiditate dolores dicta inventore omnis. Sit quasi ea unde dolores non architecto.',0,0,'2014-02-07 13:59:39','2015-02-14 03:38:47'),(182,173,182,'Illum expedita eius sit non maxime itaque iure. Omnis cum voluptatem provident velit non autem dolore hic. Dolorum quia et dolor exercitationem earum.',0,1,'2019-08-02 11:36:36','2016-10-12 03:57:35'),(183,23,183,'Sint id et aperiam neque corporis veritatis autem. Laudantium corrupti assumenda ipsa commodi libero. Dolor atque eos itaque hic enim. Et non et sit id cupiditate soluta qui.',1,1,'2014-02-05 21:03:25','2011-10-06 02:31:54'),(184,193,184,'Sunt enim ut ullam veniam iusto officia. Est ab tempore eligendi. Molestiae eaque ea quidem quod. In delectus voluptatum nemo quo suscipit.',0,0,'2016-08-01 15:57:43','2019-09-15 04:52:04'),(185,98,185,'Optio in dolorem adipisci aperiam officia voluptates. Ut eaque delectus unde itaque vel laudantium. Voluptatem quia sequi corporis neque quis.',1,0,'2017-07-16 06:57:49','2015-04-02 02:43:10'),(186,111,186,'Rerum dolore alias ullam distinctio veniam consequatur facere. Pariatur laudantium alias occaecati aspernatur atque sequi deleniti. Nihil id quo odio accusamus.',0,1,'2011-06-11 03:11:28','2017-02-21 01:13:03'),(187,60,187,'Vel perspiciatis vero beatae eum aut ea. Modi dolorem suscipit fugiat ipsum. Asperiores voluptatibus illo omnis optio vel praesentium.',0,0,'2016-03-15 09:37:52','2011-08-24 02:42:09'),(188,166,188,'Deserunt fugit repellendus omnis dolorem repellendus. Corporis eos fugiat corporis qui earum dolorem quisquam. Eius natus aut dolor modi ut. Molestias ut asperiores excepturi qui. Consequatur et aut ab.',1,0,'2015-07-04 01:40:10','2011-04-20 13:45:06'),(189,51,189,'Sunt sequi minus eos inventore dolores optio molestiae explicabo. Provident velit et totam eos pariatur laborum. Accusamus voluptatem quae harum numquam.',0,1,'2019-02-07 15:59:02','2019-10-23 03:46:45'),(190,156,190,'Assumenda unde et et animi dolorem molestias fugit sed. Vero fugiat minus temporibus vel est est. Nostrum soluta est rerum libero.',1,0,'2010-10-22 22:48:06','2019-10-29 04:01:11'),(191,27,191,'Quod assumenda corporis quae nihil facere consequatur voluptatem fugit. Nisi ut voluptas sit voluptas est in dolor. Laudantium voluptatum qui eius dolores id aliquam. Non quasi ratione explicabo aut.',0,1,'2019-11-27 19:56:15','2011-02-14 23:25:48'),(192,67,192,'Ullam voluptates nesciunt quis tempora est sunt nostrum. Doloremque numquam odio vitae architecto. Dolor fuga non officiis quos voluptatem ad. At asperiores veritatis voluptas itaque dolores libero. Vel occaecati in doloremque et voluptas officiis.',1,1,'2016-05-27 05:22:25','2019-01-14 09:41:13'),(193,52,193,'Nesciunt aspernatur accusamus ullam est vitae laborum enim. Et tempore eum molestias qui ut et eos. Voluptas autem est id nihil vel aut expedita doloremque.',1,1,'2010-11-11 21:37:28','2016-12-29 20:21:39'),(194,59,194,'Sit qui sed dignissimos et. Dignissimos repudiandae commodi qui voluptates. Expedita ducimus laudantium ipsum ad. Quas qui sint necessitatibus aut. Voluptatum maxime odit dolores quis et.',1,0,'2013-05-20 07:43:45','2018-06-22 10:15:33'),(195,141,195,'Labore fugiat perferendis voluptatem optio. Delectus ut itaque et et tempore dignissimos. Pariatur rem alias sit odit minus rem tempora.',0,1,'2011-09-10 01:10:11','2012-05-22 20:28:16'),(196,124,196,'Repellat iste sint nihil. Molestiae voluptate sequi quia fugit doloremque. Placeat est praesentium aut consequuntur quia atque et.',1,1,'2015-03-14 14:38:27','2010-07-13 13:28:33'),(197,195,197,'Ex possimus explicabo facere perferendis earum. Corporis aut odio voluptas alias hic. Est quia sed sed fugiat.',1,1,'2015-04-14 17:44:50','2016-01-28 09:46:10'),(198,14,198,'Quod eos et asperiores quia. Dolores vitae aut at totam qui non consequatur recusandae. Inventore modi provident nostrum illum sapiente ut accusamus.',0,1,'2019-03-31 19:22:53','2016-04-12 07:01:20'),(199,79,199,'Occaecati distinctio rerum dignissimos placeat quam expedita libero. Excepturi sunt quia quo consequatur voluptas dolor possimus.',0,1,'2018-08-30 14:57:37','2013-04-11 06:46:16'),(200,150,200,'In vitae deleniti voluptatibus. Qui optio voluptatem itaque ad in. Alias corrupti sapiente accusantium. Velit exercitationem autem dolorem at.',1,1,'2015-09-14 13:22:54','2019-09-15 05:27:44'),(201,115,1,'Et et possimus nostrum corporis in. Eum eos rerum autem. Quia dolores consequatur vel sit esse quas placeat. Nesciunt perferendis eum eum laudantium non quod voluptas voluptatem.',1,1,'2017-11-29 22:20:26','2017-08-04 01:31:39'),(202,123,2,'Odio nisi consequuntur laborum et. Vel repudiandae consequuntur iusto et repudiandae id dolores eveniet. Est consequuntur aut dolor quas autem accusantium. Nemo quas illum laborum exercitationem occaecati accusamus provident repellat.',0,0,'2010-05-06 00:32:43','2010-11-02 14:59:10'),(203,68,3,'Hic laudantium vel explicabo. Quis alias ratione dolor molestiae praesentium quas facilis et. Placeat odio laudantium ea dolor veritatis et asperiores tempore. Et sit maiores suscipit fugiat natus amet quas.',1,1,'2011-02-18 02:31:13','2018-06-30 02:56:28'),(204,173,4,'Pariatur voluptates ullam quasi nemo voluptatum. Ipsum sunt hic ratione eos. Modi voluptates quidem et ut harum aperiam placeat.',1,1,'2010-04-24 00:42:41','2014-02-25 19:46:22'),(205,59,5,'Possimus delectus neque et est aut vero et. Laborum eius earum et. Vel voluptas laudantium fugiat quam debitis. Quae pariatur inventore omnis.',0,1,'2019-09-05 19:23:30','2014-10-13 10:01:20'),(206,174,6,'Odio distinctio ipsa maiores culpa eveniet. Repudiandae maxime quo impedit aliquam qui. Ad et quia perferendis. Voluptate aut impedit eum impedit optio autem fuga.',0,1,'2016-07-10 09:38:35','2020-02-14 22:23:42'),(207,96,7,'Quasi dolores sed qui ut a. Nisi dolorem sed facilis at error a aut. Qui sit distinctio est omnis itaque ipsam aperiam. Distinctio molestias nostrum reprehenderit odio molestiae explicabo rem.',0,1,'2011-08-28 04:33:37','2010-09-16 09:12:47'),(208,155,8,'Beatae qui et quia debitis sint vero consequatur ea. Et ducimus nihil et nihil voluptatem nihil ducimus velit. Doloremque corrupti quia tempora.',1,0,'2019-09-13 14:33:00','2011-06-17 01:35:24'),(209,88,9,'Dolores reiciendis molestiae fugit. Sit ut at illum et dolor ut. Ullam veniam unde sint eius fuga. Porro omnis deleniti veniam voluptas vel sed.',1,0,'2015-09-13 08:58:44','2019-01-17 11:13:51'),(210,173,10,'Magnam velit deleniti vel veritatis occaecati vel est. Qui suscipit est eveniet ducimus est voluptatem et. Ea ad animi vero delectus modi.',1,1,'2016-06-11 13:28:08','2016-02-24 17:34:14'),(211,2,11,'Nesciunt odio qui repudiandae velit illo placeat aut perspiciatis. Dolorem temporibus iste quam ut ea. Pariatur voluptas fugiat cumque debitis. Voluptates ut est natus delectus non laudantium.',0,0,'2014-11-02 06:53:44','2016-09-19 21:24:03'),(212,90,12,'Blanditiis esse placeat id voluptate maiores perferendis quam unde. Quia suscipit numquam dolorem. Molestiae quibusdam accusamus soluta dolores alias qui sed repellat. Et est sit provident.',1,0,'2013-01-22 12:56:21','2013-12-06 12:14:58'),(213,42,13,'Illo exercitationem voluptas a. Facilis voluptatem ut autem ut recusandae. Porro aut dicta cupiditate et.',1,1,'2011-05-12 01:53:38','2012-07-27 02:57:51'),(214,141,14,'Aliquid et hic veniam libero. Quisquam alias at eum eos quia. Non voluptas vitae omnis optio eum ut.',0,1,'2018-07-29 14:16:24','2011-08-12 14:47:32'),(215,180,15,'Odit nisi vitae eum consequatur nostrum veritatis. Ullam ut voluptatibus recusandae nostrum. Voluptas sapiente qui qui.',1,0,'2012-04-10 18:40:36','2016-11-01 05:39:26'),(216,74,16,'Voluptatem exercitationem incidunt et perferendis. Sunt praesentium suscipit velit consequatur. Rerum enim est ut.',1,0,'2016-09-17 01:34:03','2017-03-13 23:11:03'),(217,29,17,'Corporis illo iusto ea qui. Necessitatibus totam corrupti dolorum nemo. Iste sit nostrum reiciendis impedit voluptas.',1,1,'2012-11-13 04:17:16','2010-09-17 23:17:15'),(218,122,18,'Repellendus voluptate officia cupiditate facere iure expedita. Nobis vero autem esse. Possimus officiis natus placeat quia quasi esse.',0,0,'2013-08-10 05:46:53','2019-04-30 13:34:37'),(219,125,19,'Consequuntur non nobis libero et. At quod nobis est est rerum. Dolorem nobis asperiores consequatur incidunt et.',1,0,'2010-06-30 13:50:48','2013-03-24 05:57:33'),(220,55,20,'Reprehenderit animi laudantium quis sit porro veritatis. Facilis modi aut magni perspiciatis non. Impedit repudiandae corrupti sed aperiam animi. Aut aut similique possimus quod perferendis a tempora.',0,1,'2017-01-04 09:00:14','2012-01-14 21:26:29'),(221,103,21,'Aliquam ducimus aut cum sit et sequi laudantium. Voluptatum atque quia eum dolores nobis. Dolorum ea ducimus molestiae quis. Quidem blanditiis aut nesciunt eveniet.',1,1,'2017-06-28 03:09:59','2020-03-22 18:32:26'),(222,149,22,'Sed ut dolorem ipsam sint. Eos laborum aliquam nemo nihil quisquam. Sequi quod eum vel amet voluptate et corporis.',0,0,'2011-07-04 11:39:24','2015-01-21 12:51:56'),(223,37,23,'Aut veniam repudiandae excepturi quas et numquam eos. Harum atque explicabo fugit dignissimos iure.',0,1,'2011-02-28 06:10:41','2010-05-20 18:35:43'),(224,136,24,'Ab quam occaecati odit libero voluptatem. Consequatur beatae cumque eos eveniet et. Et aperiam quam a consectetur.',1,0,'2014-02-16 18:57:07','2015-11-14 16:04:02'),(225,167,25,'Labore dolor ipsam voluptates omnis sit. Et quas doloremque sapiente autem consequatur molestias. Sint natus quas vel quam. Culpa asperiores porro repellendus est labore culpa. Quisquam totam recusandae esse cupiditate.',0,1,'2019-06-16 21:29:27','2020-03-04 11:05:51'),(226,3,26,'Vel et fuga culpa sit. In deserunt eos doloribus cupiditate doloribus deserunt explicabo. Quo repudiandae qui quo sint.',1,1,'2016-12-30 13:45:33','2014-02-24 04:49:57'),(227,29,27,'Culpa tenetur eum ut odit et eius architecto. Cupiditate ut quod eum et. Minima et ad aut numquam minima facilis accusamus ea.',1,1,'2018-02-27 19:43:58','2017-01-19 02:15:45'),(228,68,28,'Mollitia autem sint omnis quis ducimus. Minus harum autem soluta laudantium excepturi sit perspiciatis.',1,1,'2017-09-26 04:05:57','2013-10-07 18:51:54'),(229,50,29,'Est ut possimus excepturi tempore id beatae. Voluptatem ut minima enim non magnam voluptate et enim. Repudiandae autem animi suscipit ipsam aspernatur.',0,0,'2017-05-16 07:39:15','2014-02-03 16:39:15'),(230,48,30,'Veniam consequatur itaque eum perspiciatis nesciunt earum maxime. Minima rerum velit voluptatibus. Alias eum totam molestiae suscipit rerum dignissimos ab.',0,1,'2019-10-23 18:46:30','2012-09-09 22:24:11'),(231,89,31,'Error amet aut sed tenetur temporibus voluptatem. Pariatur rerum beatae labore ipsam occaecati in voluptatem. Aut aspernatur ullam est eum. Labore tenetur odio aut.',1,1,'2020-03-25 12:11:03','2016-03-18 23:18:58'),(232,100,32,'Laboriosam molestiae qui harum nemo nesciunt nisi eaque est. Aut eveniet voluptatem aliquam accusamus. Fuga sed est exercitationem. Molestias voluptatem expedita vel inventore veritatis pariatur quasi.',1,1,'2010-05-13 11:15:28','2016-08-28 15:48:54'),(233,32,33,'Ipsa nemo voluptatibus ratione quia velit. Enim ut optio culpa quis dignissimos illum. Modi sit sunt quisquam libero deleniti est aut. Optio ad saepe maxime non aperiam. Nostrum repellendus error sequi et.',0,0,'2014-06-30 23:15:33','2016-06-24 00:01:01'),(234,59,34,'Aliquid ducimus possimus similique sunt. Consequatur alias dolorem distinctio illo molestiae dolorem ratione qui. Ut dignissimos saepe aut beatae architecto. Porro voluptas architecto quos est illum in architecto officia. Nesciunt architecto molestias dicta et enim.',0,1,'2016-03-12 14:04:16','2018-08-03 17:52:04'),(235,1,35,'Sapiente molestiae enim eos. Quia delectus qui cupiditate quibusdam consectetur numquam. Neque nostrum occaecati assumenda nihil est. Accusantium tempora aliquam aut assumenda.',0,0,'2014-02-27 10:00:16','2017-06-21 21:10:05'),(236,26,36,'Nihil deleniti quod repellat excepturi fugiat. Iure voluptas eum et eveniet. Repellat ut esse nobis quisquam.',1,1,'2019-08-23 20:55:19','2014-10-24 09:32:30'),(237,128,37,'Odit repellat omnis commodi est. Vitae eum esse nostrum alias. Animi quo voluptatem accusantium et accusamus.',1,1,'2017-03-13 22:14:11','2016-06-18 05:35:13'),(238,162,38,'Possimus eveniet excepturi voluptatem. Ratione adipisci voluptatum provident sed enim. Ipsum accusantium fuga qui fugit eos. Sapiente alias repellendus incidunt eveniet quia architecto necessitatibus tempore.',0,0,'2012-06-04 11:27:01','2011-08-23 04:37:30'),(239,27,39,'Est sed quas occaecati facilis. Tenetur non omnis fugiat rerum qui. Unde omnis est qui illum rem dolorum temporibus fuga.',1,1,'2017-10-03 09:31:44','2010-04-27 09:14:28'),(240,45,40,'Neque fugiat sunt eos et impedit asperiores dolor. Vel earum ut possimus labore porro et neque.',1,1,'2010-05-11 02:15:01','2015-09-14 06:23:29'),(241,145,41,'Laborum totam beatae deserunt velit. Numquam voluptatem dolorem occaecati nulla nihil.',1,1,'2015-08-11 12:50:24','2018-10-06 01:54:34'),(242,187,42,'Omnis sit ipsam at et minima illo. Maiores magnam molestiae in veniam. Quo consequatur nam vero omnis. Qui voluptatem laboriosam rem quam numquam aliquid necessitatibus.',0,1,'2019-10-20 05:12:53','2013-10-07 07:34:58'),(243,102,43,'Suscipit numquam nemo dolorem ut ut et porro eius. Praesentium accusamus hic quasi fuga eum deserunt. Voluptates et et dolor commodi debitis quae. Molestias doloribus labore enim impedit exercitationem.',1,1,'2014-04-27 23:27:02','2015-01-31 04:44:33'),(244,149,44,'Et eaque expedita voluptates libero vel sed. Eligendi deserunt voluptas et voluptates quasi. Et aut ut nostrum dolor. Repellendus quis accusamus voluptatem illo.',1,0,'2015-12-17 11:17:28','2016-05-19 02:14:47'),(245,39,45,'Reprehenderit blanditiis ullam dicta fugiat. Illum iusto neque quia voluptas temporibus.',1,1,'2017-06-27 20:30:31','2015-11-21 14:28:11'),(246,145,46,'Tempora autem ducimus sit qui amet voluptas sed. Ducimus libero velit dolores consequuntur explicabo enim aut.',0,1,'2019-08-15 22:09:30','2012-06-06 22:04:35'),(247,8,47,'Quos nesciunt sit quas sunt dolore. Dolore sit velit porro officiis possimus. Dolorem sint quia et aut reprehenderit laudantium. Voluptatem porro sed rerum est voluptate.',1,0,'2017-01-22 18:03:01','2018-11-02 20:08:28'),(248,6,48,'Consequatur fugiat voluptas voluptatem dolores harum et. Hic aut dolorem cumque voluptates iusto quis. Molestiae dolores et similique et nihil dolores. Vero eum ipsum vero error qui aspernatur animi. Aut minus voluptatem qui vero voluptatem accusamus.',1,1,'2017-04-14 11:34:34','2011-03-31 14:14:18'),(249,6,49,'Velit iure repellat laborum qui ipsum. Ut pariatur voluptatem consequuntur quas aliquid assumenda. Sit aut iusto repellat fugit illum dolore voluptas.',0,1,'2013-11-20 16:24:43','2012-09-14 01:29:05'),(250,11,50,'Inventore minima laboriosam fugit nihil. Laborum id mollitia enim perferendis praesentium. Harum sunt aut inventore qui voluptatem.',0,0,'2017-10-05 13:49:02','2010-11-15 16:48:38'),(251,37,51,'Similique culpa rerum rem autem rerum. Repellat reiciendis quos dolores molestias maiores nesciunt. Qui ab dolorem quis quia. Quia non animi quia eum dolore repudiandae.',1,1,'2016-01-17 08:58:54','2019-05-07 00:26:10'),(252,153,52,'Minima et sequi nihil. Rerum omnis deserunt iusto. Consequuntur sunt aperiam dignissimos rerum.',1,1,'2019-04-25 07:49:36','2011-10-02 04:40:56'),(253,52,53,'Enim et et qui fugiat. Beatae sunt reprehenderit porro et commodi perspiciatis. Sunt deserunt error commodi blanditiis sunt qui beatae id. Non qui laudantium ipsa voluptas laborum praesentium blanditiis.',1,0,'2012-11-20 09:14:01','2010-11-05 19:25:58'),(254,3,54,'Qui est amet eum odit similique sit amet. Eius occaecati et ducimus omnis officiis. Nesciunt rerum aut magnam.',1,0,'2014-06-06 18:01:12','2011-04-06 14:43:06'),(255,31,55,'Iste sit in non. Non incidunt iusto consequatur. Sed dicta dolores ipsam et.',1,0,'2014-08-28 23:20:35','2012-11-10 21:44:38'),(256,67,56,'Illo autem nesciunt aspernatur rerum praesentium quidem culpa. Quisquam nulla laudantium iste doloribus quis molestias. Consequatur in commodi sed dolorem. Ea provident officia sunt sit autem.',0,0,'2019-08-08 13:18:03','2013-06-06 11:27:13'),(257,169,57,'Magni vel aut laboriosam. Repellendus earum at expedita ut saepe doloremque aut. Qui assumenda ut non quia.',0,0,'2017-06-26 00:55:05','2014-01-07 19:58:24'),(258,42,58,'Maiores odio repudiandae error omnis. Eveniet ut neque deleniti dolores non et harum. Quod repellendus exercitationem delectus quas illo quaerat possimus. Aliquid quasi vero at in.',1,1,'2012-12-15 05:36:39','2019-08-01 21:53:33'),(259,105,59,'Aut qui voluptatem et voluptas dolorem omnis ratione. Rerum velit tempore perspiciatis voluptas. Atque consequuntur sint repudiandae tempora unde molestiae.',1,0,'2016-06-03 10:44:33','2012-10-10 16:59:45'),(260,198,60,'Pariatur aut et iure sequi numquam id itaque ipsa. Voluptas et accusamus hic quod at assumenda nostrum libero. Deleniti harum qui aliquid nemo facilis.',0,1,'2019-11-04 01:42:57','2019-04-09 16:14:02'),(261,74,61,'Tenetur eos odio temporibus similique. Dolore rerum et quia qui.',1,1,'2016-07-09 05:35:41','2012-05-29 02:43:38'),(262,176,62,'Voluptas id consequuntur aut repudiandae veniam sed praesentium. Aspernatur facilis voluptate distinctio aspernatur dolores voluptatem. Asperiores temporibus qui qui. Veritatis adipisci sit qui dignissimos earum eum consequatur.',1,1,'2018-11-20 01:14:16','2018-11-10 06:50:38'),(263,57,63,'Voluptatum eaque possimus architecto autem est fugit. Quis id rerum ratione unde quo. Porro facere autem at et ipsa enim. Enim facere ut natus iure nostrum id ad ratione.',0,1,'2016-10-08 19:57:59','2011-03-19 15:03:46'),(264,158,64,'Quia illo ea velit eos voluptatibus. Harum ad deleniti in fugiat non. Accusantium aut eaque distinctio illum inventore. Magnam quae veritatis facere impedit quis.',0,0,'2020-01-20 05:36:42','2015-10-10 12:48:54'),(265,16,65,'Voluptatem et deserunt id nesciunt consequatur aperiam. Ab maiores omnis sunt voluptates delectus labore itaque. Excepturi et consectetur dolorem. Odit dicta rerum unde voluptatibus quasi omnis ab officia.',0,0,'2017-11-17 23:33:06','2019-06-17 18:10:58'),(266,5,66,'Velit magnam expedita repellat nobis eos maiores. Itaque molestiae rem dolorem eveniet adipisci. Id voluptates dolorem et quia consequatur voluptas. Maxime voluptatem dolores necessitatibus libero veniam explicabo ab.',0,0,'2015-04-11 09:58:33','2015-04-07 10:23:27'),(267,179,67,'A autem similique vel. Eaque porro voluptas sint eveniet. Assumenda eos ut magnam dolores blanditiis dolorem.',1,0,'2019-03-11 01:00:34','2018-04-16 14:12:40'),(268,80,68,'Dolore qui dolorem ut eveniet veniam quam dolor. Similique consequatur neque debitis. Inventore sint porro quibusdam ea earum illo dignissimos. Cum architecto eos nihil a earum.',0,0,'2012-05-29 10:03:46','2016-03-24 05:14:29'),(269,63,69,'Voluptate ex iusto ratione dolorem qui. Fugit dolorem quisquam qui rerum. Modi alias voluptas aut voluptatem nihil et ratione. Aspernatur omnis illum ex non ad est velit laboriosam.',1,0,'2019-11-21 10:34:32','2011-04-13 21:16:45'),(270,75,70,'Consequuntur illum eaque laudantium accusantium voluptas amet nam. Quia error quidem commodi rem autem. Similique necessitatibus blanditiis sed eum nihil voluptatem beatae amet. Labore rerum exercitationem nostrum ex mollitia.',1,0,'2013-07-13 05:47:23','2016-05-14 19:13:36'),(271,185,71,'Est possimus enim iste qui tempora sunt. Id incidunt ullam sequi quaerat qui et.',1,1,'2011-02-18 18:57:40','2018-07-02 01:49:08'),(272,101,72,'Officia dicta aut blanditiis. Modi sapiente consectetur sint reiciendis. Quia omnis fugiat provident placeat facere repudiandae assumenda.',1,1,'2014-06-18 21:49:42','2018-04-16 21:22:18'),(273,146,73,'Debitis eius et incidunt eos ea. Eum mollitia tempore et reiciendis. Quis nesciunt assumenda nisi aut dicta voluptatem corporis.',1,1,'2015-01-07 04:13:31','2010-12-19 11:55:22'),(274,29,74,'Blanditiis voluptatem mollitia est eaque consequatur aut maiores. Id illum nam mollitia voluptates placeat inventore aut. Velit eum voluptatibus et modi dolores molestias ut. Enim non ut eveniet ut dignissimos dolores. Odit quia aperiam aut officiis error omnis qui.',1,0,'2018-09-08 14:11:52','2012-06-28 15:51:14'),(275,107,75,'Autem officia dolor nihil libero tenetur nesciunt. Dolore omnis magnam saepe sint. Saepe eum dolores aut voluptate numquam corrupti. Totam quod est consequatur est ut voluptatum pariatur.',0,1,'2016-03-03 19:07:41','2014-06-02 15:27:44'),(276,46,76,'Aliquid rerum et et quisquam qui. Doloremque id voluptates eum doloribus rerum. Id repudiandae sit temporibus corrupti et. Inventore enim sit reprehenderit nisi.',1,1,'2018-11-10 16:36:28','2019-07-11 18:12:11'),(277,108,77,'Ea quisquam velit itaque recusandae. Rem velit quo porro at id possimus tenetur rerum. Voluptas reprehenderit corrupti molestias minima. Tenetur voluptatem itaque dolor officia quasi.',0,1,'2016-04-07 07:42:52','2018-05-06 21:46:44'),(278,1,78,'Est magni ut pariatur voluptas eveniet. Neque alias id aut nesciunt. Eos qui eum sunt ex est.',1,0,'2011-12-24 13:01:57','2018-12-15 12:43:38'),(279,143,79,'Repellendus at consectetur porro. Minus iure aut ea veniam provident non. Exercitationem qui ut consequatur rerum voluptate odit corporis totam.',1,1,'2012-09-12 00:59:10','2016-05-25 09:57:09'),(280,195,80,'Accusamus accusamus id ut ea quo consequatur consectetur. Dolores enim reiciendis quia aut enim dolore dolores. Neque sunt et tempore qui et repudiandae. Animi nihil sed quibusdam temporibus cum id.',0,1,'2018-06-23 16:06:30','2013-08-01 05:46:20'),(281,135,81,'Ut nulla dolor voluptatum nobis id deleniti tenetur aut. Voluptas earum aut vel pariatur ipsam ut consequuntur. Cumque eos odio error et.',0,1,'2018-08-29 12:28:57','2014-09-30 08:30:28'),(282,90,82,'Sed debitis dignissimos sunt saepe provident distinctio. Voluptatem libero saepe dolores ea saepe blanditiis cum. Dolore voluptas ad ex a sed. Ullam itaque eveniet impedit natus et.',0,0,'2016-10-16 08:13:41','2010-09-23 21:36:24'),(283,45,83,'Consequuntur in qui quia aut cupiditate. Excepturi nam provident nam tenetur dolorem. Id maiores eum beatae distinctio aut quia consequatur consequatur. Laudantium aperiam placeat eius incidunt.',1,1,'2011-08-24 11:45:57','2014-04-27 15:25:44'),(284,155,84,'Minus autem voluptatum aut odit dolor mollitia sed aut. Eos dolor facilis rerum in voluptatem numquam velit. Fugit tempora perferendis maxime necessitatibus tenetur esse debitis.',0,1,'2017-11-18 07:41:43','2012-12-18 13:24:50'),(285,40,85,'Suscipit optio veritatis veritatis quae. Qui placeat consequatur id est quo. Animi quas ducimus fugiat laboriosam qui rerum. Sunt odio inventore omnis tempore necessitatibus fugiat eligendi.',0,0,'2018-06-26 04:43:19','2020-01-13 17:29:05'),(286,134,86,'Quo voluptatem iusto expedita voluptates ex reiciendis doloremque nihil. Vel corrupti dignissimos quia omnis dolorem omnis totam similique. Cupiditate vel odit quia deserunt omnis.',1,0,'2014-07-24 00:42:18','2017-12-15 08:13:30'),(287,148,87,'Ullam voluptas quos cupiditate accusamus nihil. Eum nostrum suscipit nulla officia et debitis. Eum eum saepe incidunt sequi.',0,0,'2014-08-21 03:13:51','2012-09-25 17:01:47'),(288,138,88,'Rerum ratione molestiae nihil. Aut hic debitis explicabo deleniti. Voluptate nam modi earum iure praesentium.',0,1,'2017-02-15 04:02:31','2016-07-15 09:41:21'),(289,47,89,'Illum soluta dolores voluptatem pariatur quia consequatur. Non nihil autem et voluptatibus quis. Soluta amet occaecati iure dolor omnis aspernatur. Ipsum sed in est doloribus consectetur.',0,1,'2016-03-06 03:55:52','2012-04-16 02:30:33'),(290,20,90,'Mollitia beatae et consectetur. Doloribus et minus rerum consequuntur reiciendis ipsa. Nulla repudiandae quia aut sed ratione doloremque.',0,0,'2018-03-18 02:13:30','2016-09-12 09:27:34'),(291,160,91,'Expedita cumque sed autem porro laborum nam. Ipsa dolore maxime et excepturi tempore velit doloremque alias.',0,0,'2016-10-01 01:11:30','2017-01-17 18:21:54'),(292,140,92,'Et necessitatibus fugiat perferendis libero voluptatem qui vitae. Molestias officia sit eum perspiciatis. Qui rerum voluptatibus vel eius saepe similique. Quo libero et voluptates.',1,1,'2019-08-11 14:49:37','2011-01-04 09:49:10'),(293,18,93,'Aut et ut dolores dolor et consequatur. Atque eligendi libero necessitatibus eos. At voluptatum rerum animi aut modi.',1,0,'2012-04-04 13:21:42','2013-06-27 13:56:48'),(294,70,94,'Sunt dignissimos ut quod est magnam. Accusamus aliquid tenetur iste nisi eum consectetur et. Vel deserunt voluptas esse.',1,0,'2018-05-11 13:35:49','2014-12-04 04:33:08'),(295,96,95,'Enim nostrum ut alias facilis odit velit quia. Nihil sed voluptatum dignissimos illum porro modi suscipit suscipit. Doloremque labore adipisci qui assumenda voluptates facere eum. Culpa quia ratione quia molestiae dolore qui.',0,0,'2015-12-29 08:45:26','2013-01-31 15:34:46'),(296,68,96,'Delectus occaecati aut sunt commodi veniam quaerat rerum. Sed quia voluptas et est mollitia itaque rem. Velit odit vel ea ut.',0,0,'2011-04-22 02:40:23','2015-04-26 09:26:52'),(297,51,97,'Quas praesentium quod in ut. Odit et et sunt voluptatibus animi. Et consequatur aut et veniam autem quos. Et nihil sunt non nihil ducimus ut aut.',1,1,'2019-08-17 01:18:40','2016-08-07 22:02:51'),(298,52,98,'Sunt sunt quo unde alias quas cum. Aliquam distinctio quia molestiae. Aliquid dicta qui sint aut laudantium et. Est ab sed id magni explicabo facilis.',1,1,'2018-03-21 09:12:28','2013-05-29 05:07:28'),(299,105,99,'Sit ea qui sunt saepe doloremque nihil. Distinctio natus illo et dignissimos. Et iure eos laborum non voluptate perspiciatis.',1,0,'2011-01-30 16:22:14','2018-11-02 19:06:50'),(300,167,100,'Ducimus eos sapiente autem architecto quis. Quisquam ea sapiente error placeat aut animi aut. Rerum doloremque quaerat tempore enim. Adipisci est laboriosam id voluptatem impedit odio.',0,0,'2017-02-01 00:08:17','2010-10-27 08:43:42'),(301,122,101,'Quisquam repellat dignissimos ex quos. Sit et atque voluptas reprehenderit animi.',0,0,'2015-04-29 05:36:59','2019-11-12 20:24:35'),(302,106,102,'Voluptas et quia dolorem eius. Autem vero rerum nobis quas. Mollitia qui saepe quae dicta unde velit facilis. Omnis officiis omnis sapiente soluta neque culpa harum.',0,1,'2014-12-16 05:47:06','2014-10-17 18:52:49'),(303,167,103,'Officiis magnam est delectus quod molestiae inventore. Mollitia eum in dolorum impedit. Eius illo iusto iste expedita impedit. Mollitia ad qui eius voluptas.',0,1,'2018-08-06 06:23:48','2010-04-09 14:54:14'),(304,113,104,'Aperiam aperiam sit tempora rerum. Nulla dolor non qui quia. Dolorum minima quod dignissimos dolore perferendis sed.',0,0,'2014-08-24 23:59:37','2019-05-09 21:36:50'),(305,65,105,'Quas quasi eos eos sed ut non quasi fugiat. Deserunt ullam fugiat temporibus dolores at. Nihil eaque placeat necessitatibus voluptas similique dolor.',1,0,'2010-09-24 04:01:30','2012-08-05 08:33:05'),(306,185,106,'Et consequatur nihil repellat molestias blanditiis laboriosam nulla praesentium. Quod reprehenderit doloribus eius voluptatem voluptatem voluptas mollitia.',0,1,'2012-09-29 04:37:28','2016-12-24 07:12:42'),(307,129,107,'Et ut a nemo delectus. Ea sint laborum voluptatum dolor est. Quas ut eveniet architecto.',1,0,'2015-03-10 06:19:47','2014-04-26 22:22:24'),(308,90,108,'Facilis vitae dolor illum nulla tempore eum. Alias itaque debitis mollitia omnis sunt ab. Illum error cum delectus quis rerum vero quia. A ut magnam consequuntur repellat quasi quia ut.',1,0,'2010-12-16 03:37:24','2011-06-01 09:27:57'),(309,62,109,'Omnis maxime quod vel delectus voluptatem perferendis earum. Occaecati quo voluptates inventore quaerat tempore aliquid. Laborum eos id sint provident.',0,0,'2018-01-12 21:31:39','2019-04-01 12:35:14'),(310,41,110,'Illo inventore ut est eum nesciunt. Similique atque omnis laborum nesciunt odio eum repellat. Nesciunt delectus ut nulla labore qui facere. Voluptatem nisi voluptate minima voluptates. Facere vero id molestiae sapiente molestiae error.',0,0,'2011-05-25 01:17:12','2017-01-21 06:52:23'),(311,16,111,'Perferendis amet nihil quia eaque. Optio accusantium voluptate dolorem ipsa officia. Velit inventore et soluta culpa voluptates. Labore placeat et aliquid odit.',0,0,'2016-04-19 03:47:53','2012-10-09 21:37:16'),(312,159,112,'Laboriosam sint libero molestias tempora. Fugit dolores eius doloribus vero et dignissimos.',0,1,'2013-06-09 19:11:03','2012-04-07 07:27:29'),(313,144,113,'Sed quod error laudantium quia et. Et commodi suscipit quidem voluptatem praesentium eveniet.',0,0,'2015-10-14 10:56:17','2015-08-28 03:34:50'),(314,45,114,'Amet saepe laboriosam qui ducimus distinctio enim. Voluptatem quibusdam sit quod hic tempore ut culpa enim. Aut nostrum corporis rerum.',1,0,'2010-10-18 06:14:26','2018-05-22 02:36:11'),(315,190,115,'Qui repellat molestiae dolor quos et. Incidunt voluptatibus ad sed id dignissimos iure. Quisquam ut repellendus quis voluptate eum dolor vero voluptates. Ut ut enim aspernatur ea nemo eos.',1,0,'2011-08-27 21:45:02','2013-06-12 22:37:01'),(316,17,116,'Sequi perspiciatis fugiat nobis beatae. Quo possimus magni id sapiente in aspernatur velit nemo. Unde est est mollitia neque cumque perferendis.',1,1,'2014-06-24 00:24:58','2019-04-29 21:03:43'),(317,114,117,'Amet consequatur illo aut distinctio ut fugit. Porro et consequatur et rerum. Aut sit rerum ipsa quasi.',1,1,'2011-08-21 13:41:14','2016-11-29 17:46:25'),(318,24,118,'Ut quia et doloremque numquam distinctio porro. Enim ut quidem optio unde voluptatibus consequatur. Earum est et adipisci et eligendi quisquam.',1,0,'2016-10-30 10:00:20','2011-10-22 04:37:45'),(319,49,119,'Et libero fuga dolor et commodi suscipit. Velit aut porro saepe tenetur dolorem ea maiores. Neque reprehenderit laborum fugiat dignissimos. Enim commodi distinctio pariatur ab facilis impedit. Possimus vitae eum voluptate suscipit architecto.',1,0,'2014-09-27 01:07:59','2018-03-11 21:18:52'),(320,91,120,'Vero ipsa doloribus doloremque harum quam corporis aut mollitia. Itaque eius similique recusandae reprehenderit velit vel cum. Consequatur itaque quia nihil a.',1,1,'2016-09-12 15:48:43','2011-07-28 07:03:48'),(321,105,121,'Sequi dolor quia velit laborum. Qui velit est sit temporibus nisi est. Possimus quia officiis atque quis. Rerum dignissimos doloribus nobis aut eaque repellendus sapiente laudantium.',1,0,'2016-06-24 17:35:18','2012-12-23 13:56:21'),(322,54,122,'Et vitae sed et consequatur nihil hic. Amet aspernatur consequuntur et quam. Est quibusdam doloribus est repellendus.',0,0,'2014-03-25 18:18:34','2016-05-19 21:12:50'),(323,154,123,'Est qui iste dolores et. Voluptas est impedit placeat odio enim itaque. Sint quo accusamus consequuntur.',0,0,'2014-11-17 07:54:27','2010-11-28 04:55:25'),(324,5,124,'Laudantium dolorum cupiditate asperiores facilis qui. Voluptatem sunt hic error in id similique. Possimus soluta officia ut. Voluptatem distinctio architecto accusantium sed harum.',1,1,'2014-02-09 04:33:43','2019-02-24 17:06:22'),(325,164,125,'Quasi ea dolorum aperiam occaecati quod voluptas vero aperiam. Dicta accusamus non quia dolor quibusdam ratione et.',0,1,'2012-07-20 17:15:40','2011-12-11 08:52:10'),(326,5,126,'Labore nemo illo dolore ab nulla rerum. Eligendi culpa vero animi qui animi nihil excepturi vel. Ut qui consequatur quos. Et voluptatum sed quia qui illo tempore.',1,1,'2013-09-19 13:14:58','2017-12-12 20:43:48'),(327,133,127,'Corrupti sed officiis ratione nesciunt architecto soluta. Magnam commodi saepe iusto. Sit earum voluptates qui dolore minima. Cum itaque quisquam beatae.',1,0,'2011-12-10 14:15:26','2018-12-27 12:11:16'),(328,50,128,'Et vero aliquam non doloremque est quidem corporis. Qui et perspiciatis est non ipsam. Dolores quisquam est velit tempora qui aliquam perferendis vitae.',0,0,'2015-07-23 00:11:07','2013-05-30 18:59:59'),(329,51,129,'Vero voluptas voluptas pariatur blanditiis. Esse ea cum numquam assumenda illo. Sunt et aut labore et ducimus eligendi.',0,1,'2015-01-10 12:07:48','2010-10-01 11:23:31'),(330,102,130,'Et aut vero omnis explicabo accusamus voluptate odio. Nihil voluptate sint porro voluptatem voluptatibus ea. Nemo odio consequatur nihil. In esse officiis necessitatibus quia vitae.',1,0,'2018-12-12 03:31:05','2012-06-22 12:51:44'),(331,160,131,'Eius vel totam facere ut. Est unde odit dolorem sit quaerat at. Ea voluptatum doloribus quis iusto totam.',1,0,'2016-10-24 03:13:05','2018-08-07 06:23:01'),(332,91,132,'Ad porro eos enim impedit deserunt saepe dolores harum. Aliquid voluptate ullam aut error aut vel fuga. Ea repudiandae autem praesentium eaque quis omnis.',1,0,'2017-08-23 08:39:01','2016-03-26 23:59:36'),(333,173,133,'Veniam consequatur asperiores velit harum repellat impedit quibusdam. Porro laudantium et maxime minus nesciunt. Earum quas qui voluptatem voluptatum et corrupti. Aut reiciendis voluptatem quia repellendus. Molestiae labore voluptatem et quidem architecto asperiores.',0,0,'2019-11-12 10:40:37','2010-11-27 21:16:01'),(334,195,134,'Quae exercitationem iste cupiditate placeat enim laborum. Repellendus illo molestiae omnis rerum ipsa distinctio mollitia.',1,1,'2016-07-03 13:49:01','2020-02-23 05:58:57'),(335,53,135,'Quasi minima ab quis et. Est est molestiae et. Exercitationem error accusantium unde ad tenetur magnam commodi.',1,0,'2019-03-29 15:05:43','2014-06-29 08:45:00'),(336,79,136,'Fuga laudantium optio consequatur nobis. Qui ut voluptatem sunt explicabo aspernatur aut. Ad aut dolorum voluptatem repellendus. Minima ut est aliquid blanditiis laudantium. Totam dolorem non inventore soluta blanditiis.',1,1,'2015-07-14 00:45:18','2015-10-14 05:35:16'),(337,37,137,'Ducimus iste ex recusandae placeat placeat fugit. Impedit necessitatibus quas explicabo sint consequatur velit ut. Quo nisi dolorem expedita autem aut doloremque velit.',1,1,'2013-10-26 12:12:38','2012-03-20 15:30:07'),(338,145,138,'Aut eum sit incidunt dolorem. Impedit nesciunt non rerum et et ut. Aut in quasi aut consequuntur. Nihil libero aut voluptates voluptates consequatur nemo et.',0,0,'2012-01-08 11:12:41','2013-03-29 16:10:40'),(339,17,139,'Magni est qui necessitatibus autem quia odit. Perferendis totam ab similique non totam ipsam omnis. Blanditiis voluptas velit aut ut ut sunt earum placeat.',0,0,'2011-05-02 05:02:51','2019-05-12 19:02:04'),(340,48,140,'Quasi sint qui aut necessitatibus aliquid incidunt. Voluptatibus quisquam consectetur ut eius. Qui unde quo consequatur illum cum ipsam.',0,1,'2013-09-18 06:50:26','2012-08-11 01:57:30'),(341,187,141,'Voluptatem sit inventore rerum iure magni suscipit qui. Ad et iusto earum neque officiis. Molestias non et mollitia est doloremque.',1,0,'2019-10-23 13:53:52','2017-10-09 10:45:14'),(342,193,142,'Laborum repellendus sed commodi. A perspiciatis voluptatem esse ullam aut eligendi dolores. Nesciunt assumenda harum voluptas et eos dolorem vel.',0,0,'2012-12-23 03:59:20','2013-10-21 11:04:04'),(343,2,143,'Iste reprehenderit eius est hic voluptas qui dolorem. Qui officiis quisquam rerum odio. Asperiores et voluptas earum velit cum. Cumque ex omnis molestiae dolores. Et dignissimos occaecati fugit aut ut vel doloremque.',0,0,'2011-02-28 07:29:01','2010-08-03 06:54:19'),(344,30,144,'Est deleniti dignissimos expedita necessitatibus et dignissimos quis et. Nobis sint labore harum itaque tenetur. Ut laborum molestiae et et. Iusto saepe modi et sit temporibus quod.',1,1,'2018-10-29 05:16:28','2017-08-23 12:10:13'),(345,88,145,'Quod asperiores qui distinctio ea deserunt asperiores. Saepe molestiae sed error excepturi. Tempore odit pariatur ut ducimus eius praesentium a. Iste tempore qui voluptatibus in et.',0,1,'2012-07-29 20:52:16','2018-10-03 01:14:05'),(346,35,146,'Omnis aut amet fugit nisi ducimus. Ut cumque modi ut minima et.',0,0,'2015-06-16 08:43:57','2014-08-20 18:15:56'),(347,138,147,'Consequatur delectus inventore facere maiores quisquam natus. Temporibus vitae impedit et quam maxime ut illum. Ratione eaque fugiat nihil nisi. Accusantium aliquid autem modi ut sed et magnam excepturi.',0,0,'2011-05-01 22:26:07','2015-08-30 03:09:14'),(348,183,148,'Dicta ex magnam enim magnam omnis sunt. Ut tempore deserunt et neque pariatur aut optio qui. Inventore qui itaque ut ullam voluptas quod et.',0,1,'2012-03-05 07:56:07','2019-12-24 08:05:18'),(349,103,149,'Eos enim omnis dolor earum vel. Praesentium quod error debitis et. Sed dignissimos quo dolores et assumenda harum aut incidunt. Quidem necessitatibus adipisci qui ex. Minus quia sed doloremque non ea officia est.',1,0,'2010-07-16 11:13:33','2011-06-05 23:08:04'),(350,165,150,'Quo atque commodi dicta error qui incidunt suscipit. Temporibus minima fugit molestiae cupiditate. Ipsa minus modi at ex facilis nihil.',1,0,'2016-07-31 04:41:23','2014-07-26 16:02:47'),(351,114,151,'Dolor minus ab ullam. Non atque accusantium beatae autem. Eum beatae corrupti vel sed aut officiis.',1,1,'2017-02-14 15:04:56','2011-12-16 10:17:11'),(352,77,152,'Aut ut dolorum omnis veritatis necessitatibus esse totam. Sunt blanditiis voluptas repudiandae totam veniam. Voluptatem provident tenetur deleniti quas alias quos nisi. Dignissimos eos consequuntur maiores molestias iste voluptatem blanditiis. Illum saepe quod necessitatibus dicta reiciendis et.',0,0,'2010-12-12 19:21:39','2018-11-14 04:09:28'),(353,40,153,'Eum veritatis et voluptatum ipsam quis. Quo dolorem modi dolorum voluptatum eos. Odio consequatur praesentium architecto. Sequi iste eligendi omnis animi.',1,0,'2012-06-24 20:08:49','2017-09-17 01:48:25'),(354,168,154,'Error voluptas nesciunt illo perferendis alias nihil sint. Quia officiis sit sunt. Non explicabo sit assumenda laborum sapiente. Autem corporis sed voluptatem ipsam iusto.',1,0,'2019-06-14 23:37:14','2016-09-09 05:48:26'),(355,122,155,'Illum esse cumque molestias reiciendis omnis repudiandae. Facere similique commodi tempora enim. Tempore architecto blanditiis voluptas. In in molestias consequuntur distinctio nam.',1,1,'2015-06-12 20:31:33','2010-11-19 21:56:51'),(356,106,156,'Eos deserunt dicta quia quidem qui. Quidem quis et et nam vitae optio. Eos magnam provident enim sed. Quibusdam incidunt amet dolores tempore pariatur quibusdam.',1,0,'2011-11-19 07:00:55','2016-07-22 04:08:07'),(357,161,157,'Harum eum occaecati dolor minima eligendi qui. Consequatur labore expedita corporis ipsum voluptatem. Sint est sed pariatur labore rem. Molestiae nihil tempore ut consequatur in.',1,1,'2019-01-18 03:30:06','2014-08-29 09:54:23'),(358,86,158,'Dolorem minus omnis et rem corporis nesciunt id. Doloribus modi tempora rerum quis. Est modi aliquam autem. Est expedita eum in commodi sed error aut.',1,0,'2019-11-06 00:20:45','2012-11-23 22:32:21'),(359,147,159,'Qui exercitationem facilis dignissimos quae recusandae amet ea. Et qui eum dicta iste. Sunt rerum possimus quia doloribus qui vel aut.',0,0,'2014-10-26 14:07:19','2018-09-06 16:04:34'),(360,79,160,'Dolores dolorem quia expedita praesentium iusto voluptatem. Autem quis omnis et consequatur doloribus. Consequatur voluptas consequatur corrupti.',0,0,'2017-04-20 00:38:50','2016-07-14 16:19:10'),(361,151,161,'Magni sint quia ut voluptatum reiciendis. Sit sit nulla voluptate est molestias nisi. Eum est tenetur nihil aut. Adipisci veritatis natus voluptas ea quis.',1,1,'2012-03-25 02:28:31','2013-08-28 22:25:33'),(362,118,162,'Excepturi itaque ducimus ab quo nobis atque. Sit perferendis exercitationem et et enim a consequatur. Illum quibusdam alias officia assumenda. Sint ea temporibus pariatur id aperiam et necessitatibus.',1,1,'2010-09-12 01:42:44','2014-06-06 08:12:59'),(363,135,163,'Velit eveniet repellendus enim dignissimos. Impedit laborum inventore aliquid repellendus. Cumque ut iste quidem dolorem beatae adipisci tenetur. Harum ut labore sint id.',1,0,'2015-11-08 09:39:41','2016-08-19 17:54:01'),(364,122,164,'Praesentium enim laudantium quod quam. Praesentium ex eius molestiae. Consequatur maxime delectus quasi saepe occaecati maiores sit et.',1,0,'2016-08-22 16:35:04','2011-08-01 23:06:22'),(365,6,165,'Error explicabo et ea quas. Aut ad dolorem nemo asperiores quo. Dolores illum saepe ut consectetur voluptas.',1,1,'2016-05-07 09:24:23','2011-11-24 18:47:33'),(366,63,166,'Corrupti suscipit quia at ex. Eos et velit et ullam officia ut. Nobis non est velit laudantium repellendus ipsam excepturi repellat. A accusamus nihil sit repellat.',1,1,'2016-04-25 23:58:03','2014-04-27 00:04:59'),(367,98,167,'Ratione velit nihil totam reprehenderit iusto. Doloremque et nobis aut beatae qui. Cum at voluptatem accusantium temporibus. Earum mollitia aut sed autem. Molestiae illum ipsa reprehenderit aut.',0,1,'2010-04-22 05:31:12','2018-01-06 23:41:14'),(368,98,168,'Ut eius est asperiores mollitia commodi. Molestias cupiditate voluptate consequatur quod. Dicta doloribus pariatur fugit assumenda aliquid cum dolorem eum.',0,0,'2010-10-22 02:18:10','2014-02-17 05:31:58'),(369,198,169,'Illum tempore sed autem cupiditate maiores omnis. Atque facere a maiores rerum vitae.',1,0,'2014-09-08 14:55:16','2019-06-03 18:35:22'),(370,92,170,'Et perspiciatis et quos. Provident sint ut excepturi sit enim aut. Ea optio saepe enim necessitatibus qui nisi sapiente reiciendis.',1,0,'2019-06-28 13:48:07','2014-10-09 09:44:36'),(371,69,171,'Labore quas necessitatibus pariatur neque assumenda autem. Ut laudantium quos quo aut. Consectetur fugiat quaerat possimus ea velit qui dolorum quos.',0,0,'2012-12-25 06:58:21','2015-11-06 06:43:52'),(372,68,172,'Et id molestiae voluptatem. Omnis consequatur alias deleniti nihil. Reprehenderit unde sequi tenetur molestiae et id.',0,0,'2019-02-11 04:33:08','2016-08-08 11:11:32'),(373,131,173,'Eos est laudantium fugit qui qui sed dolorem. Qui dolorem saepe beatae qui quidem. Laboriosam nostrum quisquam voluptatem nulla voluptates. Corrupti vel quae reprehenderit tenetur commodi.',1,0,'2015-05-04 10:24:15','2013-02-04 16:20:22'),(374,51,174,'Animi minima libero corporis aspernatur qui. Ipsam ut similique est et debitis eum ut. Est maiores aut laborum expedita. Et totam possimus qui sit eaque facilis natus.',1,0,'2018-02-05 08:37:43','2017-02-03 18:28:39'),(375,63,175,'Soluta hic itaque autem qui magni. Maxime reprehenderit est occaecati eligendi.',0,1,'2014-02-27 14:09:12','2018-02-22 16:47:03'),(376,159,176,'Dolorum eum eveniet qui nisi et. Itaque eos inventore velit laboriosam mollitia. Et excepturi ipsam dolores reprehenderit quod suscipit officia.',1,1,'2019-10-30 23:17:21','2015-02-17 03:02:56'),(377,7,177,'Pariatur consequuntur id blanditiis id enim rem possimus. Qui aut commodi dolorum ea quibusdam. Pariatur eos modi voluptate aut quis natus molestiae. Quo eos deleniti repellendus in ipsam molestiae magni.',1,1,'2018-09-18 00:25:35','2012-12-09 23:12:09'),(378,155,178,'Cumque aut qui vero. Ipsam et praesentium veritatis voluptatem enim esse. Odio qui facere quam eius odio tempore. Ipsa harum odit voluptas libero maxime esse.',1,1,'2014-06-19 10:49:44','2013-02-08 13:39:46'),(379,156,179,'Voluptas labore eum a deleniti veritatis consequatur voluptatem. Aut quas ut exercitationem. Vero eos aspernatur repellat quis sed molestias officia. Alias fugit velit vero corrupti accusamus sunt est.',1,1,'2010-10-30 00:44:41','2011-03-23 20:56:42'),(380,115,180,'Blanditiis porro illum nisi quidem blanditiis enim. Rerum doloremque iusto cum velit voluptatem ad.',0,1,'2011-07-29 23:00:15','2013-01-17 02:32:05'),(381,107,181,'Enim sint et eum autem. Consequuntur maxime sit rerum neque veritatis. Doloremque commodi quo rerum qui nisi sit quis. Enim voluptatum non reprehenderit occaecati.',0,1,'2017-12-28 08:48:52','2017-01-28 16:51:27'),(382,190,182,'Et autem ut quam natus quos ipsa debitis labore. Error officia ut porro. Minima ea cupiditate mollitia harum. At quam sint id est.',0,0,'2010-10-18 04:49:52','2012-09-26 04:35:26'),(383,27,183,'Vero ullam et reiciendis nesciunt voluptatem rerum ullam cumque. Ut voluptas vel harum dolorem.',0,0,'2018-04-16 17:14:35','2017-03-09 12:09:26'),(384,164,184,'Harum molestiae modi quae nihil magnam quia. Aut ut est et repellendus nisi dolores culpa. Voluptas vero atque et atque. Blanditiis quia veritatis reprehenderit aliquid voluptas.',0,1,'2013-06-22 07:32:24','2014-07-31 09:49:22'),(385,137,185,'Dolorem alias non qui atque. Consequatur nemo et aut nihil. Doloremque consequatur tempore debitis aut qui atque.',0,0,'2015-10-30 15:23:47','2010-12-13 05:18:49'),(386,196,186,'Eum quam velit aut sint sunt deserunt. Est sit molestias unde repudiandae aut fuga aut. Distinctio dolores et eveniet sint asperiores est.',0,0,'2012-01-18 20:16:49','2010-05-31 07:47:43'),(387,166,187,'Deserunt earum quia voluptatem voluptatum. Aliquid molestiae tempore ut voluptatum. Ab dolores eum est est non architecto. Sit aut qui voluptas sint.',0,1,'2014-12-11 18:43:12','2019-04-11 20:08:48'),(388,43,188,'Accusamus aut similique eos qui qui unde atque. Atque quia magnam dolorem reprehenderit voluptates aperiam. Mollitia sit esse pariatur odio.',1,1,'2016-01-03 23:00:33','2018-08-26 22:19:30'),(389,114,189,'Dolorem molestiae minima et deleniti consectetur est voluptatem sed. Qui qui deserunt ducimus placeat nobis et impedit corrupti. Aliquam blanditiis sit voluptas.',1,0,'2010-10-06 16:29:36','2012-10-04 05:48:53'),(390,42,190,'Exercitationem soluta voluptatem dolore vel nihil consequatur illo. Delectus nobis nisi quis occaecati praesentium voluptas. Nulla harum officia temporibus. Sit a beatae necessitatibus voluptatem doloremque quae.',1,0,'2014-04-07 08:33:20','2017-04-06 14:40:18'),(391,69,191,'Provident ut hic dignissimos omnis sint. Suscipit dolorem sunt voluptas sed iure saepe quasi. Omnis voluptate nulla corporis fugiat soluta.',1,0,'2010-12-30 06:58:21','2014-03-20 22:27:14'),(392,17,192,'Et accusamus maiores corrupti quo voluptatem. Consectetur quasi nulla unde maxime natus odio. Illo similique nihil ut rerum nostrum. Fugiat animi qui odit quidem aut natus veniam.',0,1,'2014-07-25 21:53:56','2016-09-13 01:23:35'),(393,78,193,'Cum aut provident natus est et molestias. Sapiente aut est aspernatur velit. Delectus omnis reiciendis qui aut velit quibusdam consequatur.',1,1,'2019-09-05 01:00:43','2017-07-16 09:44:09'),(394,136,194,'A iusto architecto et ipsum quae est magni. Dicta voluptate omnis possimus ipsam inventore. Et dolorem rerum et iure voluptate.',0,1,'2011-11-10 06:28:07','2011-10-18 08:45:58'),(395,48,195,'Doloribus temporibus est non ipsam natus accusantium. Rerum nulla sint fuga est nam id. Molestiae voluptates quos rem aut et.',1,1,'2017-10-17 22:23:44','2019-12-31 11:18:29'),(396,33,196,'Sapiente vero eaque quibusdam dolorem. Dolorem ipsa aut incidunt numquam. Ut laudantium ut qui sapiente beatae.',0,0,'2015-06-11 04:32:33','2012-04-28 05:48:38'),(397,19,197,'Dolor et voluptatem alias. Commodi culpa cupiditate ex qui ratione. Vel dolorem recusandae consequatur praesentium voluptatem cum. Natus sit veniam ad.',0,1,'2011-09-28 23:57:15','2014-12-20 19:20:55'),(398,194,198,'Explicabo necessitatibus hic porro eligendi et neque nulla. Esse minima maxime vero et est. Repellat et officiis quo doloribus.',1,0,'2017-03-09 04:13:43','2012-04-24 21:28:09'),(399,115,199,'Quis sed consequatur animi laboriosam porro molestiae. Est harum earum minus voluptas labore quis. In ut ab dicta excepturi maiores expedita. Fugit est amet non vitae facere qui ex. Expedita nesciunt doloribus exercitationem quia.',1,0,'2011-05-17 07:43:36','2010-10-08 23:20:43'),(400,191,200,'Consequatur sint numquam et. Sequi dolor soluta similique minus id et.',0,1,'2012-08-03 15:12:34','2013-09-05 06:23:51'),(401,10,1,'Nesciunt praesentium deserunt aut adipisci est ut sint recusandae. Doloribus natus non velit ut distinctio quae. Aut qui fugit dolorum saepe facere. Fugit repellat vero ratione ab. Animi eum sequi et et excepturi.',0,0,'2020-03-24 03:14:25','2020-01-08 01:35:51'),(402,76,2,'Voluptatem quibusdam veritatis fugit dicta earum. Tempora sunt labore quas reiciendis.',1,1,'2016-08-31 09:36:48','2016-09-01 22:28:34'),(403,148,3,'Excepturi quasi animi nemo minus. Nihil harum placeat ut. Minus dolores accusamus et libero adipisci sunt.',0,1,'2017-05-05 18:05:50','2010-06-25 14:36:47'),(404,115,4,'Sed reiciendis blanditiis nostrum nihil enim qui accusamus. Dicta quas accusamus repellendus a ipsum dolorem voluptates. Reiciendis sequi consequatur corporis tempore velit.',0,1,'2013-04-25 19:03:38','2018-02-11 04:11:24'),(405,128,5,'Sit dolorem ea maxime in qui aliquid et. Sint libero velit vel. Fuga voluptatem modi nam temporibus qui modi in.',0,1,'2015-07-17 20:48:58','2012-11-05 23:08:36'),(406,94,6,'Labore dicta qui saepe necessitatibus esse et quia. Odio veritatis voluptas eos qui distinctio cum. Totam mollitia ducimus perferendis perspiciatis. Saepe laboriosam fugiat quis qui.',0,1,'2011-09-15 06:20:42','2019-08-10 19:20:40'),(407,88,7,'Dicta optio id et. Minus magni velit eaque omnis accusantium. Accusantium omnis perspiciatis enim aut commodi. Recusandae aut est saepe iste. Delectus doloremque libero nulla in rerum tempore occaecati.',1,1,'2017-03-23 00:08:19','2013-05-28 17:48:45'),(408,154,8,'Eum magni vero rerum. Aut officia rerum ut magni voluptate reiciendis temporibus. Nihil voluptatum suscipit atque praesentium fugit ullam cupiditate. Maiores ut et cumque quibusdam repellat.',1,0,'2018-04-09 02:35:30','2019-12-10 19:22:18'),(409,108,9,'Ea omnis consectetur ut totam ut error quibusdam et. Ad non blanditiis omnis qui consequuntur.',0,0,'2015-07-19 11:32:21','2017-04-03 14:08:48'),(410,77,10,'Cum sit et aut molestias nobis voluptates sed. Et eum est quos nam molestiae. Et quo rerum nemo dignissimos iste. Rem culpa illum aliquid sapiente eum tenetur ea.',1,0,'2015-02-03 05:32:21','2015-03-23 07:32:15'),(411,62,11,'Atque quis voluptas vel ex natus sint. Sed aperiam ex maiores et possimus in sapiente.',0,1,'2015-12-12 17:25:20','2019-08-22 10:56:23'),(412,77,12,'Reiciendis ex repellat impedit laborum est exercitationem dignissimos. Neque est et vero ratione. Qui voluptas praesentium eligendi dolores placeat.',1,1,'2013-02-14 07:18:21','2013-02-09 11:55:59'),(413,197,13,'Eaque est aliquid non minus sed. Impedit distinctio laudantium nulla doloribus perferendis. Minima quae commodi similique sunt sit enim illum repellat. Itaque facere ut sit sed.',0,1,'2019-03-31 08:06:01','2012-08-25 14:14:37'),(414,155,14,'Sequi sint nam consequuntur voluptas et velit blanditiis. Velit eos sapiente id ipsum velit possimus dolores. Id assumenda soluta amet dolorem dolores ab. Tempore vel cumque ad ex.',1,1,'2015-05-31 03:56:57','2012-08-30 05:02:12'),(415,185,15,'Molestias ex eos eaque accusamus. Ut reiciendis voluptates tenetur quibusdam omnis delectus. Blanditiis et quasi ea fugiat minima at architecto.',0,0,'2013-07-06 00:24:09','2012-02-24 00:40:41'),(416,57,16,'Error eum esse autem nesciunt quisquam et occaecati fugit. Earum pariatur repudiandae recusandae in. Est eligendi earum occaecati ipsum et vero reiciendis. Eaque suscipit vel rerum harum corrupti dolorum.',1,0,'2018-06-02 07:53:04','2014-09-24 18:31:34'),(417,132,17,'Sit aperiam est dolores consequatur tempore eveniet. Voluptas sunt et qui possimus laborum et quisquam. In quis nesciunt aliquid voluptate temporibus sint cupiditate consectetur.',0,0,'2019-05-22 00:29:42','2012-07-17 05:33:14'),(418,87,18,'Ipsa eum pariatur adipisci reprehenderit ratione facere eaque. Non qui impedit ipsum. Distinctio commodi occaecati cumque ex ab adipisci. Dignissimos architecto ab nihil veritatis vitae animi.',1,1,'2013-08-09 18:35:37','2019-11-20 16:50:09'),(419,39,19,'Commodi nulla voluptatem repellat cupiditate ut. Dignissimos rerum tempora vero sequi iusto. Nihil quod maiores voluptate ut minima nulla.',0,1,'2014-11-03 22:35:07','2017-07-28 05:10:42'),(420,132,20,'Nostrum quia enim quas neque tenetur et dolor ea. Eos magni eum rerum ut sed velit rerum cumque. Et est neque voluptas corrupti cum fugit cupiditate quod.',1,0,'2017-03-09 13:22:57','2011-06-27 10:44:12'),(421,143,21,'Tempora corporis aliquam et ex repudiandae praesentium facilis. Debitis corporis illo laborum aut aut totam. Quidem delectus qui enim unde facere commodi. Officiis ducimus alias nihil.',0,0,'2016-12-18 23:12:19','2019-01-28 11:05:04'),(422,117,22,'Quo sunt ullam fugiat qui aut. Assumenda culpa ut neque facere cupiditate cumque. Quibusdam quibusdam est deleniti.',1,0,'2013-10-20 13:01:39','2017-11-18 08:33:58'),(423,158,23,'Quod et molestias hic nesciunt delectus et. Dolorem aspernatur vel aut voluptatem nam. Quasi ipsa alias consectetur et voluptatem. Corrupti sapiente provident ut labore est neque.',0,1,'2016-10-27 14:44:26','2013-10-07 16:34:56'),(424,39,24,'Inventore et harum dolor cupiditate perspiciatis facilis laboriosam. Quas reiciendis blanditiis rerum molestias eos maxime. Tenetur veritatis velit et autem. Aliquid quo non quis inventore a.',1,0,'2011-09-22 10:36:13','2016-02-12 00:56:27'),(425,121,25,'Voluptatem vel non est iure voluptates. Eius aliquid nihil molestias adipisci. Omnis exercitationem sint cupiditate nisi. Natus optio omnis velit modi.',1,1,'2016-06-19 20:58:02','2017-04-26 22:03:15'),(426,85,26,'Nihil modi reprehenderit et dicta. Et dicta natus amet voluptatem quibusdam quos. Dicta rerum similique est vitae corrupti commodi nam.',0,0,'2019-04-21 00:43:21','2011-10-26 17:51:53'),(427,61,27,'Non atque saepe quae dolores. Aspernatur qui at vel voluptatem ullam iste. Qui molestiae soluta sit ipsum incidunt voluptatum. Tempora voluptatem rerum est distinctio et voluptatem est.',0,0,'2015-11-25 12:30:14','2014-03-16 01:00:55'),(428,52,28,'Sequi praesentium et aliquid laboriosam et in placeat. Ipsam reiciendis culpa qui quis autem nulla.',0,0,'2016-10-15 22:20:03','2017-12-12 00:47:50'),(429,76,29,'Est sit in sit nobis minus nesciunt fuga. Id aut omnis quis qui adipisci at delectus. Quam dolorem nobis eligendi sed.',0,1,'2014-10-28 20:53:02','2013-03-04 03:13:09'),(430,24,30,'Id qui praesentium et repellendus quo voluptatem assumenda. Beatae eligendi rerum excepturi. Dolores eos repellat minus sunt.',1,0,'2014-11-02 15:11:39','2014-03-19 10:49:34'),(431,89,31,'Qui et porro quaerat est illum magnam ab. Et temporibus distinctio est eum quia. Vero eaque et excepturi molestiae.',1,1,'2016-07-07 07:53:40','2017-05-15 03:02:40'),(432,173,32,'Officiis possimus nam ut qui rerum hic nihil. Et eius optio dolorem architecto assumenda laboriosam quo. Fugiat corporis quam sequi praesentium vel nisi nisi. Consequatur voluptas velit aut. Eum ut et eveniet.',0,1,'2012-05-29 10:02:23','2015-10-11 07:54:31'),(433,199,33,'Perspiciatis nam quae hic nulla atque error. Et quasi non placeat voluptas error aut quia. Molestias rerum fugiat non molestias minus. Magnam doloribus facere eum ut nam alias.',0,1,'2013-07-23 12:06:05','2020-02-16 14:09:50'),(434,75,34,'Culpa ut dolores consequatur quis consequatur repudiandae nihil. Sit architecto dolorum enim inventore laborum. Sunt dolores eos adipisci possimus aut enim aut. Provident iusto qui perferendis qui.',1,0,'2011-04-29 10:25:12','2017-10-15 06:13:38'),(435,179,35,'Velit eius quo sit. Est qui qui illum alias quia ratione eum sint. Fugiat magnam sunt dolorum ex. Sunt voluptatibus dolor dolor laudantium dolores eaque dolores. Velit esse vero qui ab.',1,0,'2012-12-10 06:28:21','2017-04-07 11:22:13'),(436,68,36,'Quas nihil qui vero excepturi. Nesciunt deleniti consequatur amet qui ut ratione beatae. Corrupti sapiente sed praesentium dolores sed non quibusdam. Enim cumque autem iusto nulla pariatur quas repellat quos.',1,0,'2018-03-23 00:20:36','2013-09-17 22:09:53'),(437,1,37,'Sunt non est magnam sunt nihil id doloribus. Magnam optio omnis similique nobis laboriosam laborum expedita. Odio deleniti amet aspernatur itaque et quia veritatis. Necessitatibus tempore dolorem eos animi.',0,0,'2012-08-18 16:14:24','2014-09-03 18:21:06'),(438,1,38,'Quia rem consequatur possimus voluptatibus pariatur mollitia. Necessitatibus reiciendis magni iure debitis perferendis sunt voluptatum. Praesentium vero commodi soluta iusto hic ut officiis distinctio.',0,1,'2011-11-04 22:05:11','2017-03-30 09:21:23'),(439,1,39,'Quod doloribus ullam quam voluptate optio architecto minima. Assumenda laboriosam eligendi est tempore ducimus doloremque. Esse sit pariatur eveniet dignissimos sint nobis et. Aut nemo fugiat harum rerum natus.',0,0,'2016-05-22 23:35:04','2013-09-12 13:11:04'),(440,1,40,'Laboriosam culpa quod ut rerum. Optio voluptatem ut vel ratione esse qui sit esse. Et labore in aperiam illum ratione velit.',0,1,'2012-07-08 15:04:00','2010-05-17 06:42:10'),(441,1,41,'Molestias suscipit quo sed dolorem et ut. Sed vel quis iure quas vel. Beatae corporis eos aperiam dolorum nemo.',1,1,'2015-03-24 23:34:30','2018-01-22 22:29:41'),(442,4,42,'Voluptatem aperiam omnis molestias qui. Eum unde itaque esse et minima debitis. Magnam explicabo aut expedita rerum eum tempora.',0,1,'2016-12-20 21:33:45','2014-06-26 20:06:00'),(443,17,43,'Quis ea sit neque. Sunt consequatur iure nihil et. Qui at beatae voluptates expedita maxime. Consequatur voluptatibus provident minima possimus id.',0,0,'2013-08-27 04:06:25','2016-02-18 00:40:45'),(444,72,44,'Vel enim modi eos voluptatem. Voluptas iusto unde et asperiores consectetur consequatur. Suscipit saepe cupiditate eaque distinctio ad. Beatae aut aut iusto magni molestias id. Minima quia ducimus at minus eius magni.',1,1,'2011-07-12 07:08:35','2013-12-13 01:42:03'),(445,106,45,'Quas aliquid velit est vero ratione. Sed ratione non quisquam atque cupiditate cum dolore.',1,1,'2018-01-26 08:39:05','2015-05-30 07:03:24'),(446,115,46,'Quod sit ipsum rerum. Repellendus sed soluta numquam molestiae optio. Molestias provident iste soluta corporis incidunt. Nam pariatur optio tempora fugit veniam ut.',0,0,'2016-11-17 04:16:30','2014-09-29 09:49:16'),(447,58,47,'Voluptas dolore vel culpa saepe corporis rerum voluptatum. Sit at quasi inventore consequuntur et beatae tempora. Quia amet rem id.',0,1,'2014-03-04 20:52:20','2019-12-17 23:11:08'),(448,144,48,'Aut cupiditate optio ducimus delectus totam quaerat. Iusto itaque placeat consequuntur cupiditate saepe velit vero. Quibusdam quam soluta sed possimus fuga. Sit qui fugiat voluptas quaerat deleniti repellendus dolore quibusdam. Neque a vel repellendus similique vel qui.',0,1,'2010-05-20 07:47:19','2013-04-30 06:55:31'),(449,145,49,'Ut tempore porro iure rerum. Maxime id consequuntur illo amet. Consequatur et est deleniti impedit magni vero eos.',1,0,'2012-08-07 12:34:01','2011-12-31 05:50:20'),(450,93,50,'Labore odit totam nobis vel. Facere quisquam voluptatem sequi perspiciatis eos sit dignissimos. Ducimus ratione et qui dolore dolores ex adipisci.',0,1,'2012-03-12 07:51:39','2018-11-09 17:59:32'),(451,30,51,'Suscipit veritatis quos tenetur sed. Tempora officiis odit inventore autem accusantium. Est quibusdam hic quos dolor sint ut.',0,1,'2012-07-11 00:55:00','2014-09-19 09:22:45'),(452,71,52,'Nihil saepe reiciendis explicabo qui perferendis eum reprehenderit. Doloremque culpa cumque omnis. Dolorem dolore cum sed rem harum officia voluptatem voluptas.',1,0,'2017-01-15 05:22:15','2011-10-11 04:34:10'),(453,62,53,'Eum illo molestias aspernatur molestias. Ad esse perspiciatis dicta. Aut dolorem et tempora iusto voluptates vel. Nihil omnis ut sed.',0,1,'2016-08-26 13:03:24','2015-08-03 19:26:31'),(454,98,54,'Quo distinctio consequatur nesciunt. Fugiat et dolorem consectetur beatae ad facilis. Quasi repellat dolores atque tempore.',1,1,'2012-08-04 18:55:20','2015-04-06 06:00:22'),(455,103,55,'Modi cum sed vel delectus. Minima perspiciatis minima qui minima est. Ut architecto reiciendis quibusdam ea beatae reprehenderit est.',1,0,'2018-12-17 00:52:33','2010-09-07 20:36:22'),(456,19,56,'Exercitationem sit perferendis molestias a. Sit modi aut velit et et at. Eum fuga id qui accusamus.',0,0,'2011-09-29 12:11:08','2011-01-16 21:06:26'),(457,185,57,'Voluptas cupiditate magnam dolorem voluptas modi eius. Numquam nemo laudantium quo dignissimos adipisci ut voluptatibus autem. Et voluptatem sint id magni.',1,1,'2016-11-14 23:55:14','2011-06-29 07:31:13'),(458,70,58,'Nemo vitae consequatur aliquam quia facilis dolor. Est ea optio mollitia occaecati aliquam repellendus deserunt. Asperiores illo nostrum sint illum et laudantium nobis.',1,0,'2020-03-01 13:23:17','2018-01-06 13:55:14'),(459,192,59,'Illum aperiam deleniti commodi incidunt doloremque velit. Et laborum eligendi cumque quia deleniti eum. Molestias consequatur accusantium a officiis ea excepturi.',1,1,'2013-12-27 16:33:40','2016-09-28 14:31:14'),(460,152,60,'Et omnis voluptatem voluptas ut. Fugit consequuntur autem placeat suscipit voluptatem cumque in est. Aliquam unde voluptatem quia qui nulla.',0,0,'2010-11-15 02:54:52','2013-03-05 12:07:24'),(461,184,61,'Doloribus impedit cum facere deleniti. Culpa odit nulla aliquam adipisci neque dolore sed.',1,0,'2013-07-21 17:52:49','2011-09-03 16:47:29'),(462,61,62,'Reprehenderit vel in et. Nulla ducimus dolores fuga error modi culpa et excepturi. Provident iure est hic nisi excepturi. Rem magni id aut repellendus.',1,0,'2015-01-19 09:22:15','2015-06-24 20:30:56'),(463,155,63,'Incidunt est in quia voluptate. Corrupti omnis ipsam facilis vel commodi. Iure dolor a rerum nihil similique.',0,0,'2012-09-19 06:23:05','2019-11-15 13:40:08'),(464,189,64,'Autem quae autem quia qui fugiat. Quod consequatur odio molestias harum qui voluptas.',1,0,'2015-09-16 17:03:53','2018-07-06 15:53:02'),(465,79,65,'Sunt et temporibus officiis et quo vitae ullam. Et corrupti incidunt nisi qui error. Suscipit consequuntur qui vel eaque molestiae aut. Ad est quibusdam quis.',0,1,'2012-10-13 03:04:13','2011-06-22 20:10:21'),(466,31,66,'Doloremque provident necessitatibus reiciendis nemo vitae qui aliquid saepe. Rerum magnam quo non dolor omnis. Quod et illo odit adipisci dolores est voluptatem. Aut et maxime voluptas et atque eum.',1,1,'2014-09-30 22:13:08','2014-04-15 13:21:21'),(467,114,67,'Quisquam ex magnam ab aspernatur. Ut expedita aut quod voluptatem.',0,1,'2015-10-03 20:48:14','2015-11-27 09:14:39'),(468,77,68,'Et aut quia ipsam dolorem. Qui optio nobis aliquam. Provident consequatur aperiam sapiente. Nesciunt alias reprehenderit velit molestiae quo ut.',0,1,'2018-03-12 10:03:44','2016-08-08 03:05:02'),(469,42,69,'Dolores iure reprehenderit placeat sapiente non occaecati. Quia eius adipisci consequatur aut repellendus. Porro consequatur ea consectetur est.',1,1,'2014-06-17 09:34:47','2016-09-16 18:39:03'),(470,181,70,'Voluptatum natus rerum et. Aut iure et amet omnis minus.',1,1,'2014-06-24 00:00:32','2015-12-14 19:32:38'),(471,178,71,'Itaque laborum facere non eum. Et et hic optio molestiae consequatur in.',1,1,'2015-07-26 18:32:01','2010-11-17 09:52:43'),(472,144,72,'Impedit voluptatum sed iure molestiae. Eius voluptate voluptate sit ut laborum. Ipsam corporis ea id. Atque odio qui incidunt eum velit non.',1,1,'2012-10-20 02:04:09','2010-04-18 12:58:01'),(473,186,73,'Sed dolorem iste quia voluptas. Est tempore possimus et repellat. Commodi aspernatur quia dolor velit. Dicta molestiae aspernatur aut quod est.',1,0,'2017-12-04 16:59:01','2015-10-23 07:02:46'),(474,100,74,'Numquam nostrum ullam vel blanditiis quis. Neque ipsum officia fuga vero aut. Quas quia rerum qui et.',0,0,'2011-09-05 05:48:41','2015-01-24 11:35:16'),(475,140,75,'Aspernatur sed sit iste cumque et. Eum nihil et nobis ullam optio. Quam rerum neque quia aliquam vitae officia.',1,0,'2019-07-08 08:16:16','2014-06-18 05:47:10'),(476,1,76,'Recusandae velit mollitia earum alias qui inventore voluptatum. Non mollitia nisi harum commodi dolor sapiente. Accusamus tempore nihil aut ea porro.',1,1,'2018-06-14 19:10:33','2019-01-02 13:40:15'),(477,184,77,'Delectus deserunt aliquid ratione et quis. Quod consequatur at quisquam excepturi est sapiente quod. Dolorem officia dolorem quibusdam excepturi perspiciatis dignissimos. Quis blanditiis ut atque recusandae.',1,1,'2010-09-05 20:43:55','2019-12-27 05:30:45'),(478,116,78,'Adipisci qui architecto aspernatur voluptas quos. Aut quod dolor maiores doloribus ipsa inventore. Similique mollitia dignissimos ipsa sed.',0,1,'2019-01-03 18:00:51','2018-01-08 20:25:59'),(479,26,79,'Dolorem id aut tempora aliquam porro mollitia doloremque. Veritatis nostrum doloremque fugiat molestiae quia expedita nam. Cumque cum nesciunt repellendus veritatis molestiae.',0,1,'2014-05-07 10:44:34','2013-08-04 15:30:10'),(480,183,80,'Debitis recusandae earum sint ducimus est perferendis deserunt. Commodi doloribus reiciendis natus et rerum et ut. Molestias neque eligendi earum beatae.',1,1,'2016-05-02 16:33:26','2019-01-09 20:44:49'),(481,35,81,'In aut voluptates quas sed quo asperiores. Aspernatur aperiam vero a quod et earum qui. Velit in soluta velit. Mollitia quasi libero qui totam debitis vel beatae sit.',0,1,'2011-08-23 07:15:11','2011-12-09 12:38:08'),(482,26,82,'Ea enim incidunt delectus modi voluptatem est tempora. Autem ut eveniet sapiente omnis neque rerum. Nostrum temporibus animi quidem est et est ut et.',1,0,'2011-05-19 21:44:23','2017-08-21 17:41:24'),(483,25,83,'Eum corporis commodi ipsum quos. Repellat odio ut blanditiis a quo voluptatem sint. Modi at omnis nam ipsam sed sint voluptatem.',0,1,'2017-02-23 03:30:00','2013-04-08 06:33:44'),(484,47,84,'Aut corporis aut dolorem veritatis vitae occaecati. Odit unde facere tempora ut facilis. Cum ea reprehenderit sit doloremque ea.',1,1,'2017-04-29 17:00:13','2010-06-17 21:01:40'),(485,159,85,'Optio officiis repellat occaecati in. Rerum odit ut minima fuga deleniti voluptatum ullam. Maxime omnis quia sint suscipit quo. Id aut facere qui quia atque fuga quia fugiat.',1,0,'2011-04-14 21:57:23','2011-12-24 13:44:16'),(486,55,86,'Velit non necessitatibus voluptate officiis. Qui architecto ex ipsam et et. Et harum sint cumque provident esse in molestias.',0,1,'2011-09-04 18:50:28','2016-11-18 11:38:49'),(487,197,87,'Ut et aut quas inventore. Aliquam nisi facilis voluptatem magni temporibus. Quia voluptatem eius nihil nihil voluptatibus ut consectetur. Voluptate dicta magni quia.',1,1,'2017-03-12 07:24:48','2014-06-07 14:30:46'),(488,18,88,'Et quod earum quia voluptate numquam aut nobis. Mollitia ab et voluptatibus quas totam voluptate id. Molestiae dolor aut veritatis id praesentium unde ipsum.',0,1,'2017-07-01 11:28:02','2017-10-14 05:44:30'),(489,101,89,'Sequi ratione dolores id sed illo doloremque. Minus autem et ea nihil. Veritatis omnis labore quibusdam vel itaque voluptate. Omnis voluptates suscipit tempora et suscipit.',1,1,'2014-10-19 04:50:05','2014-09-23 01:10:42'),(490,49,90,'Vero quam officiis repellendus architecto illo aspernatur. Dolorem ullam tenetur repellendus. Et iure labore minus.',0,0,'2014-09-12 08:18:18','2013-07-06 14:18:39'),(491,144,91,'Rerum molestias magni et. Ea odit quae qui corporis qui accusamus animi. Molestias necessitatibus qui dignissimos fuga reprehenderit recusandae. Beatae et aut nam vitae.',1,1,'2018-07-29 03:24:11','2015-11-18 17:11:38'),(492,169,92,'Ut quibusdam atque non quo itaque sint occaecati. Velit a dolorum debitis non amet unde architecto. Officiis placeat eum voluptatibus tempore rerum sit itaque repellendus. Sed unde et fugit consequatur debitis accusantium.',0,1,'2019-02-24 06:06:44','2013-02-28 20:14:36'),(493,16,93,'Non sit porro ut non inventore nostrum. Dolores numquam aut corporis dolores corporis possimus eum. Sint quaerat id occaecati soluta nemo autem sed.',0,0,'2017-10-23 03:43:08','2011-09-20 05:01:29'),(494,170,94,'Doloribus explicabo dolores nostrum et rerum est laborum. Facere non qui necessitatibus voluptatem deserunt libero.',0,1,'2012-06-26 07:39:23','2019-05-30 00:43:20'),(495,3,95,'Dicta sint vel aut ab officiis. Deleniti sed fuga saepe pariatur eveniet blanditiis doloremque.',0,0,'2011-04-25 14:24:52','2017-06-12 17:21:06'),(496,104,96,'Ullam ut fugit repellendus. Reprehenderit inventore nam asperiores dolorem beatae eos rerum occaecati. Occaecati voluptatibus nihil voluptatem et autem.',1,0,'2015-07-06 09:00:57','2013-02-06 13:45:05'),(497,108,97,'Reprehenderit cupiditate est autem id occaecati quis rerum. Est odio sunt qui natus dolores odio officiis. Optio omnis culpa amet cumque repellat iure.',1,0,'2016-03-21 07:54:10','2011-06-28 20:33:46'),(498,31,98,'Officiis consequatur perferendis illo non consequuntur enim sapiente earum. Aut eligendi minus sit dolorem autem. Perferendis impedit nisi voluptatem eaque dolores dolorum.',0,0,'2020-02-05 06:07:28','2010-05-30 15:27:54'),(499,30,99,'Quo tempora in quibusdam nisi voluptates harum. Velit explicabo est vero beatae est. Perferendis aut veritatis aspernatur reiciendis ipsa inventore. Provident fugiat aut id ut cum delectus. Tempore occaecati sed amet aperiam.',1,1,'2012-11-03 04:03:02','2016-06-05 12:22:15'),(500,57,100,'Et facere similique dignissimos architecto et. Omnis eos eos at. Cum et est quis occaecati animi nemo excepturi. Quo quibusdam sequi facilis quos id minus vitae. Omnis dolore et ut.',0,0,'2011-08-11 17:46:09','2010-12-28 08:23:26');
/*!40000 ALTER TABLE `messages` ENABLE KEYS */;
UNLOCK TABLES;

--
-- Table structure for table `orders`
--

DROP TABLE IF EXISTS `orders`;
/*!40101 SET @saved_cs_client     = @@character_set_client */;
/*!50503 SET character_set_client = utf8mb4 */;
CREATE TABLE `orders` (
  `id` int unsigned NOT NULL AUTO_INCREMENT,
  `user_id` int unsigned NOT NULL,
  `ad_id` int unsigned NOT NULL,
  `check_in` date DEFAULT NULL,
  `checkout` date DEFAULT NULL,
  `guests` int unsigned NOT NULL,
  `created_at` datetime DEFAULT CURRENT_TIMESTAMP,
  `updated_at` datetime DEFAULT CURRENT_TIMESTAMP ON UPDATE CURRENT_TIMESTAMP,
  PRIMARY KEY (`id`),
  KEY `orders_ad_id` (`ad_id`),
  KEY `orders_user_id_ad_id_idx` (`user_id`,`ad_id`),
  CONSTRAINT `orders_ad_id` FOREIGN KEY (`ad_id`) REFERENCES `ads` (`id`),
  CONSTRAINT `orders_user_id_fk` FOREIGN KEY (`user_id`) REFERENCES `users` (`id`)
) ENGINE=InnoDB AUTO_INCREMENT=51 DEFAULT CHARSET=utf8mb4 COLLATE=utf8mb4_0900_ai_ci;
/*!40101 SET character_set_client = @saved_cs_client */;

--
-- Dumping data for table `orders`
--

LOCK TABLES `orders` WRITE;
/*!40000 ALTER TABLE `orders` DISABLE KEYS */;
INSERT INTO `orders` VALUES (1,1,1,'2016-03-29','2013-10-09',3,'2015-05-25 17:38:33','2012-05-24 01:46:32'),(2,2,2,'2012-01-19','2010-07-18',5,'2018-01-03 07:44:31','2014-02-12 21:24:04'),(3,3,3,'2018-01-30','2018-05-16',1,'2017-06-15 23:00:47','2019-11-16 18:47:30'),(4,4,4,'2012-10-28','2010-08-10',5,'2015-12-06 14:34:54','2011-02-17 07:20:51'),(5,5,5,'2019-03-22','2011-05-30',2,'2011-06-29 21:05:32','2012-07-04 06:52:26'),(6,6,6,'2012-06-08','2018-01-25',3,'2019-11-07 07:48:49','2013-10-05 14:52:55'),(7,7,7,'2017-05-11','2017-12-27',1,'2016-12-24 17:43:17','2014-04-02 03:11:31'),(8,8,8,'2018-11-19','2011-04-05',5,'2015-07-14 11:27:35','2016-09-28 11:07:30'),(9,9,9,'2014-01-23','2011-11-23',5,'2013-08-10 07:02:14','2013-04-23 19:57:37'),(10,10,10,'2018-01-31','2010-04-06',1,'2011-08-22 20:46:20','2016-12-20 15:39:23'),(11,11,11,'2019-04-10','2018-09-04',1,'2014-03-25 07:30:36','2015-09-15 21:09:31'),(12,12,12,'2011-06-01','2016-01-22',4,'2017-03-19 05:17:18','2012-05-17 05:39:06'),(13,13,13,'2015-01-18','2016-01-26',2,'2017-06-12 17:02:24','2017-01-20 18:09:09'),(14,14,14,'2017-04-29','2013-07-12',4,'2011-04-15 02:01:16','2014-06-15 23:59:38'),(15,15,15,'2016-08-21','2018-03-04',1,'2019-11-04 09:59:49','2014-08-01 06:04:23'),(16,16,16,'2015-11-01','2012-10-07',4,'2015-04-17 22:32:34','2018-04-08 08:51:58'),(17,17,17,'2016-03-03','2012-10-30',3,'2017-02-26 12:50:06','2019-02-12 23:32:42'),(18,18,18,'2016-03-17','2019-08-28',2,'2015-08-13 19:15:13','2020-02-21 02:43:54'),(19,19,19,'2012-07-21','2011-08-28',2,'2013-08-19 16:36:02','2016-01-11 15:16:12'),(20,20,20,'2015-01-23','2016-08-13',1,'2017-06-07 15:30:08','2015-05-23 09:23:39'),(21,21,21,'2013-03-04','2018-08-17',4,'2016-09-11 07:39:26','2017-07-27 10:09:27'),(22,22,22,'2017-09-08','2014-11-19',6,'2018-07-09 18:02:26','2019-06-18 14:39:34'),(23,23,23,'2014-11-06','2019-12-29',2,'2012-08-31 14:41:50','2016-08-04 01:53:25'),(24,24,24,'2018-09-21','2016-03-12',5,'2012-06-14 20:39:27','2018-08-07 03:07:11'),(25,25,25,'2011-08-29','2011-01-26',6,'2016-08-23 14:24:03','2018-03-18 07:21:08'),(26,26,26,'2020-02-02','2015-09-23',1,'2018-01-28 05:46:58','2010-04-16 13:21:51'),(27,27,27,'2013-08-08','2019-04-07',4,'2011-08-27 19:16:18','2013-04-14 18:41:37'),(28,28,28,'2012-01-11','2019-06-23',3,'2018-06-19 06:51:46','2015-03-24 14:15:12'),(29,29,29,'2015-05-22','2016-03-06',1,'2012-11-05 11:11:34','2013-01-30 07:18:14'),(30,30,30,'2018-07-13','2013-12-29',3,'2011-03-09 09:52:56','2018-11-09 21:30:57'),(31,31,31,'2015-10-27','2017-11-29',3,'2017-11-07 13:48:40','2018-02-16 01:22:30'),(32,32,32,'2012-12-31','2011-01-13',4,'2013-06-29 01:54:04','2013-05-09 19:16:05'),(33,33,33,'2014-01-04','2012-11-10',3,'2020-02-04 23:55:03','2019-06-07 04:57:55'),(34,34,34,'2014-01-30','2018-05-09',3,'2017-08-01 15:55:05','2011-09-11 09:43:16'),(35,35,35,'2019-12-22','2016-09-08',5,'2016-06-11 00:55:53','2018-08-24 21:04:31'),(36,36,36,'2011-03-27','2012-10-04',1,'2011-04-21 05:59:49','2017-11-06 12:54:29'),(37,37,37,'2013-03-30','2011-02-03',6,'2018-04-23 16:18:34','2017-01-16 22:22:53'),(38,38,38,'2017-03-08','2013-11-15',1,'2017-09-12 09:29:54','2015-11-11 00:27:37'),(39,39,39,'2014-06-27','2015-02-20',6,'2011-08-22 18:31:55','2012-05-05 12:29:54'),(40,40,40,'2015-09-02','2012-11-23',3,'2010-10-19 09:00:43','2013-01-17 20:23:16'),(41,41,41,'2019-05-14','2013-05-25',2,'2017-04-27 04:48:37','2014-03-10 18:36:34'),(42,42,42,'2012-06-12','2016-03-05',3,'2017-12-06 05:05:27','2013-11-25 18:25:44'),(43,43,43,'2011-01-01','2016-10-06',4,'2018-09-19 12:07:50','2010-08-28 11:44:29'),(44,44,44,'2014-05-18','2013-01-08',6,'2013-06-23 10:09:09','2017-05-12 09:00:25'),(45,45,45,'2011-02-03','2017-01-22',1,'2013-05-09 02:06:24','2014-06-01 17:43:32'),(46,46,46,'2015-03-16','2013-09-28',1,'2014-07-04 00:46:55','2018-03-09 22:43:02'),(47,47,47,'2013-04-10','2017-06-25',2,'2011-04-20 16:45:00','2015-07-30 13:01:40'),(48,48,48,'2010-12-05','2019-02-08',3,'2017-09-04 13:07:18','2013-08-12 00:03:39'),(49,49,49,'2016-02-11','2018-08-17',1,'2014-03-13 00:14:21','2014-06-15 02:26:25'),(50,50,50,'2013-10-08','2012-06-19',4,'2018-08-31 09:51:26','2012-07-23 12:47:57');
/*!40000 ALTER TABLE `orders` ENABLE KEYS */;
UNLOCK TABLES;
/*!50003 SET @saved_cs_client      = @@character_set_client */ ;
/*!50003 SET @saved_cs_results     = @@character_set_results */ ;
/*!50003 SET @saved_col_connection = @@collation_connection */ ;
/*!50003 SET character_set_client  = utf8mb4 */ ;
/*!50003 SET character_set_results = utf8mb4 */ ;
/*!50003 SET collation_connection  = utf8mb4_0900_ai_ci */ ;
/*!50003 SET @saved_sql_mode       = @@sql_mode */ ;
/*!50003 SET sql_mode              = 'STRICT_TRANS_TABLES,NO_ZERO_IN_DATE,NO_ZERO_DATE,ERROR_FOR_DIVISION_BY_ZERO,NO_ENGINE_SUBSTITUTION' */ ;
DELIMITER ;;
/*!50003 CREATE*/ /*!50017 DEFINER=`root`@`localhost`*/ /*!50003 TRIGGER `orders_log` AFTER INSERT ON `orders` FOR EACH ROW BEGIN
	INSERT INTO logs (table_name, table_id, creted_at)
	  VALUES
	  ('orders', NEW.id, NEW.created_at);
END */;;
DELIMITER ;
/*!50003 SET sql_mode              = @saved_sql_mode */ ;
/*!50003 SET character_set_client  = @saved_cs_client */ ;
/*!50003 SET character_set_results = @saved_cs_results */ ;
/*!50003 SET collation_connection  = @saved_col_connection */ ;

--
-- Table structure for table `payments`
--

DROP TABLE IF EXISTS `payments`;
/*!40101 SET @saved_cs_client     = @@character_set_client */;
/*!50503 SET character_set_client = utf8mb4 */;
CREATE TABLE `payments` (
  `user_id` int unsigned NOT NULL,
  `token` varchar(255) DEFAULT NULL,
  `bonuses` int unsigned DEFAULT NULL,
  `currency_id` int unsigned NOT NULL,
  `bank_account` varchar(255) DEFAULT NULL,
  `created_at` datetime DEFAULT CURRENT_TIMESTAMP,
  `updated_at` datetime DEFAULT CURRENT_TIMESTAMP ON UPDATE CURRENT_TIMESTAMP,
  UNIQUE KEY `bank_account` (`bank_account`),
  UNIQUE KEY `token` (`token`),
  KEY `payments_currency_id_fk` (`currency_id`),
  KEY `payments_user_id_bonuses_currency_id_idx` (`user_id`,`bonuses`,`currency_id`),
  CONSTRAINT `payments_currency_id_fk` FOREIGN KEY (`currency_id`) REFERENCES `currencies` (`id`),
  CONSTRAINT `payments_user_id_fk` FOREIGN KEY (`user_id`) REFERENCES `users` (`id`)
) ENGINE=InnoDB DEFAULT CHARSET=utf8mb4 COLLATE=utf8mb4_0900_ai_ci;
/*!40101 SET character_set_client = @saved_cs_client */;

--
-- Dumping data for table `payments`
--

LOCK TABLES `payments` WRITE;
/*!40000 ALTER TABLE `payments` DISABLE KEYS */;
INSERT INTO `payments` VALUES (1,'347410177104288',623,1,'5466671416349580','2014-08-21 21:08:23','2012-02-01 05:09:51'),(2,'5524016526797574',280,2,'4916447048254926','2012-01-02 10:46:06','2016-07-10 01:32:10'),(3,'4716050421720022',435,3,'5575307118129445','2013-05-07 10:37:43','2017-02-17 22:21:41'),(4,'4532223859463',593,4,'5388761745026233','2015-07-01 02:25:59','2018-10-22 03:03:58'),(5,'5478028432105260',24,5,'4916448280476884','2012-07-20 10:17:13','2010-07-12 22:43:37'),(6,'4485883232104',344,6,'5140890461278532','2014-06-05 18:47:05','2013-03-26 15:10:13'),(7,'5217280433595942',371,7,'4485275960730','2010-09-29 13:34:58','2016-01-21 20:38:39'),(8,'5249142698458597',941,8,'4532286813161','2018-07-04 14:09:13','2012-11-15 22:44:04'),(9,'4024007165363',790,9,'4539347230310','2018-02-25 20:34:19','2016-05-19 03:04:53'),(10,'5545927654417689',902,10,'374697478286390','2017-10-10 06:47:17','2018-02-09 21:06:09'),(11,'4485126100043727',415,11,'5384368285432368','2018-10-20 06:47:50','2016-02-16 02:01:54'),(12,'5158541487004970',337,12,'5192521902603825','2013-10-20 18:53:16','2014-03-15 15:30:00'),(13,'5118096071203115',419,13,'6011528970423591','2016-10-31 22:26:34','2014-07-28 18:38:21'),(14,'4556228609589159',702,14,'5432664780312570','2017-10-04 09:00:15','2011-11-20 23:46:10'),(15,'5458118828146168',102,15,'5286403815935131','2010-10-08 05:32:46','2018-05-14 04:29:52'),(16,'347854132205151',197,16,'4916393834602813','2017-04-15 13:09:30','2014-09-08 17:50:24'),(17,'371689934189179',491,17,'342665102695906','2019-12-30 04:05:26','2015-10-03 20:07:09'),(18,'5132631879393920',83,18,'4929566925153135','2012-07-01 03:11:13','2011-12-25 15:21:47'),(19,'4532554897139',414,19,'6011679180080012','2020-02-05 05:10:49','2015-12-24 01:17:12'),(20,'5529691216631894',393,20,'4929266372088811','2011-04-21 23:26:40','2018-08-16 22:20:39'),(21,'4556640045793168',231,21,'4916533883982731','2017-12-25 03:42:34','2014-05-14 11:29:54'),(22,'4716701031156581',189,22,'4351110457798','2019-05-20 21:15:41','2018-01-15 18:29:19'),(23,'6011498645037124',572,23,'5210941885283565','2012-02-24 04:21:21','2013-01-22 19:44:30'),(24,'4024007148644549',764,24,'5111752820823587','2010-04-24 11:10:42','2013-08-16 05:28:49'),(25,'5200771032854599',417,25,'6011510657182421','2010-10-10 09:07:29','2012-03-10 03:46:55'),(26,'5448003768551305',132,26,'4532526179985','2019-05-11 07:17:25','2015-10-07 05:18:08'),(27,'343064159966326',241,27,'6011625127769692','2014-09-11 01:53:19','2017-12-03 14:00:56'),(28,'344920627552680',14,28,'4532120718402470','2013-10-30 09:25:09','2010-10-14 12:00:13'),(29,'6011421134488636',348,29,'4556443282862580','2019-12-27 21:00:55','2016-08-28 04:09:41'),(30,'4539087852900',526,30,'6011642407507066','2018-03-25 01:48:53','2015-08-10 05:50:56'),(31,'5573239836647793',939,31,'4556970797356299','2011-12-20 16:25:07','2019-10-03 02:02:05'),(32,'4532538856576668',955,32,'4916265130601','2012-06-11 21:21:21','2014-04-18 10:00:34'),(33,'4752610507548',444,33,'4539202011879707','2013-03-16 13:53:24','2013-10-17 07:36:41'),(34,'5420761950264642',587,34,'4916159026039544','2013-06-11 08:14:17','2011-01-15 09:49:46'),(35,'4532669507569',732,35,'4485308342923980','2020-01-16 09:47:10','2015-10-26 13:30:04'),(36,'4539088759221010',850,36,'5351218380760665','2011-02-23 14:54:13','2018-02-09 16:08:44'),(37,'4485421968316',742,37,'5370109988685676','2016-02-02 23:16:44','2013-03-21 03:16:54'),(38,'5276976092612255',622,38,'4716849319748','2015-11-17 09:31:32','2019-07-22 01:25:26'),(39,'4539612979620367',285,39,'5342611732699756','2017-12-18 18:42:27','2012-05-14 14:30:51'),(40,'4532013400332693',558,40,'372918374491546','2020-01-18 21:05:09','2013-11-08 13:35:01'),(41,'6011467053314204',829,41,'5517368625024350','2020-02-13 07:04:30','2019-07-06 08:00:55'),(42,'4485200205094162',23,42,'377698451813184','2020-01-27 20:22:06','2016-08-26 20:59:56'),(43,'5369059520648052',666,43,'5489115127536850','2019-03-06 18:28:14','2014-11-01 20:17:46'),(44,'5133339532456227',687,44,'4687122821939','2013-08-29 15:05:21','2016-05-20 08:50:55'),(45,'4539405495563',325,45,'4539368577523611','2018-01-13 03:03:30','2015-07-25 22:12:51'),(46,'5590880301163370',636,46,'4485587412083','2012-07-31 00:53:32','2017-12-06 01:37:03'),(47,'5282416767769630',609,47,'5270179638988326','2017-05-25 09:19:04','2019-12-20 17:39:51'),(48,'5418616171948043',696,48,'5419973818590803','2013-02-11 02:42:11','2017-08-24 09:54:48'),(49,'6011869395868925',359,49,'6011119669593815','2014-06-10 07:09:40','2017-10-01 15:57:49'),(50,'4532829295847',308,50,'349348402059877','2013-09-16 12:48:32','2015-06-25 23:35:22'),(51,'5131665718658766',1000,51,'5104950430772202','2018-01-01 09:28:02','2018-06-24 03:11:19'),(52,'5131533809278307',121,52,'340730940472917','2013-05-18 00:27:00','2010-05-08 06:29:59'),(53,'4716498529988670',672,53,'4024007139907','2015-10-19 15:26:08','2012-07-31 09:06:31'),(54,'4916963157353568',384,54,'4024007169785','2018-06-06 08:56:53','2010-10-28 05:52:12'),(55,'341270268341116',752,55,'5286709344773078','2012-07-03 14:20:00','2012-05-26 13:09:23'),(56,'4716356950798',708,56,'5559318957484619','2010-03-28 20:04:48','2014-10-13 10:29:40'),(57,'5384204358191077',503,57,'5525599130646447','2015-06-03 16:51:27','2018-05-13 20:54:30'),(58,'4539910810691',321,58,'5325632379006343','2017-10-05 17:17:50','2010-06-12 08:15:13'),(59,'4485660054408',375,59,'5455150776146897','2010-12-24 23:43:44','2018-08-17 08:27:35'),(60,'4716168714927240',602,60,'5311846332174293','2016-12-05 06:59:35','2011-05-01 14:42:21'),(61,'4916713056401',824,61,'5580232211813550','2011-07-22 00:17:06','2016-11-23 12:31:16'),(62,'4397585473551985',612,62,'5447790597981425','2016-05-12 06:35:45','2010-05-10 04:14:20'),(63,'348030339452847',612,63,'4532045612990','2011-04-20 21:57:25','2015-01-29 22:00:24'),(64,'5502925244114429',416,64,'4916698096418','2011-09-19 03:15:31','2010-07-29 03:13:06'),(65,'4024007137483',444,65,'4539154658518','2011-07-23 02:36:39','2010-04-21 23:25:29'),(66,'5540827755460191',401,66,'4916818249011955','2017-10-15 11:59:41','2018-12-19 18:37:32'),(67,'5243294716539844',534,67,'4539822425617506','2018-01-23 08:48:48','2017-09-04 18:48:03'),(68,'4539737817321007',629,68,'4024007130972','2019-11-15 20:59:42','2014-04-17 15:35:41'),(69,'347876113677874',208,69,'5512559507183304','2019-06-06 19:35:58','2018-02-20 17:51:52'),(70,'4556340313438',595,70,'4539993211775','2015-01-19 06:45:02','2014-04-24 04:22:39'),(71,'6011832127751530',892,71,'348107097230598','2013-05-11 08:43:25','2013-05-10 02:26:39'),(72,'5546868174952428',215,72,'6011628964611536','2013-11-06 21:14:27','2011-10-07 07:13:20'),(73,'5115221559341078',967,73,'5351090877430174','2015-11-23 17:56:45','2018-12-26 02:46:16'),(74,'5243771233387284',12,74,'5173470571754682','2015-10-05 04:00:25','2010-06-13 22:18:23'),(75,'5495061727865956',722,75,'4556718800685','2011-02-22 09:51:06','2018-08-11 05:45:19'),(76,'4916679848743054',421,76,'4482181560767472','2018-04-06 14:34:07','2012-04-22 03:36:21'),(77,'4916693388115',86,77,'4929611263719','2010-11-23 01:06:46','2018-10-23 09:47:17'),(78,'4539548611400',157,78,'5535104910077154','2012-06-02 03:21:44','2011-02-11 03:19:27'),(79,'6011770959915328',87,79,'5315670838678023','2019-05-15 05:27:38','2012-05-14 09:03:14'),(80,'5171329836976315',352,80,'4716662171472','2012-09-16 23:48:10','2015-02-27 11:30:55'),(81,'5217393701845567',190,81,'4485881244854','2013-01-22 20:08:57','2010-12-12 06:26:58'),(82,'4556221189363246',945,82,'4916227749881','2014-04-28 18:54:00','2016-12-15 14:10:41'),(83,'5274908143061908',479,83,'4539952194324653','2018-06-01 04:06:03','2020-01-05 04:04:40'),(84,'5124753069907531',214,84,'5495958431593680','2016-10-31 23:17:07','2013-02-25 06:35:04'),(85,'345745753691308',313,85,'4716502830544009','2018-04-19 02:24:39','2013-05-11 00:12:14'),(86,'4344059136152',199,86,'5468532009395175','2017-02-09 14:41:39','2017-02-21 15:17:04'),(87,'5202451388004731',981,87,'347534841505819','2010-12-26 12:34:02','2015-01-29 16:54:25'),(88,'5538189269406216',573,88,'5565302678819742','2016-11-28 05:39:26','2011-11-14 04:54:49'),(89,'5438679814534275',55,89,'5433017312943780','2016-09-13 11:26:56','2011-01-23 23:10:10'),(90,'5450069619080587',986,90,'5574407747537475','2010-09-07 18:24:56','2014-08-31 05:59:04'),(91,'5330329311935271',191,91,'6011103532729478','2019-01-16 23:19:13','2015-12-26 22:19:07'),(92,'4024007115838242',904,92,'4024007197316','2017-02-23 08:47:50','2013-12-30 21:30:44'),(93,'4916107849191',818,93,'4556206563421819','2019-05-24 04:19:10','2016-03-25 06:23:07'),(94,'5407472560591784',447,94,'4556364710756789','2010-11-13 03:13:35','2016-12-31 18:51:14'),(95,'5531952602969049',634,95,'340477209999828','2020-01-08 02:54:08','2017-06-18 13:29:51'),(96,'5251139033727136',758,96,'5243275966332219','2019-06-18 16:43:43','2016-01-16 08:22:25'),(97,'5491779462310488',735,97,'4916590190776492','2010-05-23 12:25:40','2011-12-06 23:29:34'),(98,'4929316554587262',614,98,'4716429335829815','2018-10-15 01:15:26','2013-07-30 09:18:53'),(99,'4716361774834',0,99,'4532808937496','2017-07-05 03:28:24','2013-07-14 18:19:39'),(100,'4556871260983651',554,100,'341704560617539','2014-02-06 17:11:36','2018-12-08 10:10:39'),(101,'5125272516570077',321,101,'5569577747033644','2018-07-25 22:56:57','2016-03-01 08:51:49'),(102,'4532282667558',890,102,'5481553382070762','2010-08-04 17:12:23','2015-12-23 17:33:34'),(103,'5488855826343287',152,103,'4929649649382719','2014-01-17 20:30:24','2017-09-28 20:16:32'),(104,'4646201858567592',283,104,'5290265330493121','2016-11-05 05:46:12','2011-06-12 03:11:28'),(105,'5496208990491708',282,105,'4929452622116035','2018-04-30 09:50:38','2016-03-01 12:57:08'),(106,'4100205395742565',534,106,'5563728266516883','2019-04-03 17:00:26','2014-01-20 14:31:05'),(107,'5314484714772758',981,107,'4716738505225536','2011-02-15 06:16:20','2018-08-03 03:25:06'),(108,'372940996267263',448,108,'5182981551613149','2016-09-29 02:17:39','2015-06-27 11:33:32'),(109,'4895278860097',450,109,'4716778801829630','2017-05-30 06:42:49','2013-11-01 17:52:29'),(110,'5472698167813364',920,110,'4556948330202','2019-08-10 23:02:14','2014-09-27 08:49:31'),(111,'5370548663153947',131,111,'5455782163310168','2010-04-08 10:41:49','2012-02-26 17:34:43'),(112,'4556529402423503',562,112,'4485435826521','2010-12-22 03:37:58','2019-05-23 06:12:09'),(113,'4539965387111',666,113,'5593931668490645','2018-01-12 22:24:26','2011-10-27 23:31:44'),(114,'4929276595928795',967,114,'5313733265147209','2016-04-17 18:34:36','2010-12-30 10:42:05'),(115,'4916418301867',871,115,'371507746086599','2012-09-05 17:03:54','2013-05-11 01:02:02'),(116,'4916817626082',347,116,'4513229884448535','2019-10-01 04:58:50','2019-10-19 11:02:12'),(117,'4532247727896584',215,117,'377261388185273','2011-07-02 14:34:32','2012-03-06 06:44:55'),(118,'4916352625543',825,118,'5303650281371635','2011-07-31 15:14:04','2020-01-29 19:26:02'),(119,'5510867968655515',90,119,'6011962690976003','2017-08-05 16:33:02','2011-02-25 19:11:34'),(120,'4556411920174',153,120,'4532130403408','2012-04-12 11:34:44','2011-02-18 08:30:54'),(121,'5260996179786326',673,121,'5338284461371934','2016-03-28 12:47:11','2014-12-05 23:12:36'),(122,'349588627743561',122,122,'6011364237137908','2019-03-11 22:12:34','2020-01-28 20:51:37'),(123,'4716716874067',678,123,'341651239016431','2015-11-21 05:13:50','2011-02-21 18:37:06'),(124,'6011634316758934',25,124,'340294725398814','2015-06-24 13:57:04','2018-12-29 21:44:04'),(125,'378868239751232',351,125,'5186899300879620','2018-09-24 08:59:32','2013-06-02 16:06:36'),(126,'378095279451459',284,126,'5115255471077430','2017-04-01 12:06:10','2012-08-15 00:44:50'),(127,'6011030025697402',65,127,'5354176410596207','2011-02-12 07:44:32','2014-04-27 23:47:36'),(128,'373817986701494',829,128,'5103874501410925','2013-09-30 02:08:56','2020-03-10 08:30:31'),(129,'5434056449788873',316,129,'375594058327656','2010-04-09 05:59:11','2013-01-19 14:43:36'),(130,'5354818326842703',399,130,'4716195986872125','2010-05-10 03:31:16','2010-11-05 17:53:59'),(131,'5347057665685093',97,131,'4893287529057','2019-03-18 00:22:48','2014-03-05 07:08:20'),(132,'4556460244577714',103,132,'5537434088318187','2014-09-26 17:48:36','2018-10-01 15:03:13'),(133,'5552173276589703',552,133,'4539672392164825','2019-05-16 08:32:31','2019-02-20 15:16:56'),(134,'4532008098957',555,134,'5325588807758431','2013-06-07 16:59:46','2014-06-12 13:36:03'),(135,'5160780164306424',103,135,'4929717907889552','2018-06-25 17:27:27','2017-02-10 07:12:48'),(136,'379814019142715',980,136,'5513245493555048','2012-05-12 13:33:34','2013-05-10 01:18:06'),(137,'4024007149249',648,137,'4539201229819','2014-06-14 19:16:58','2017-10-27 23:02:36'),(138,'5320335346757288',173,138,'5326959269990597','2016-02-03 14:24:51','2016-02-16 13:24:34'),(139,'4556766089324228',10,139,'4929129717576','2012-09-13 20:25:59','2015-06-08 04:57:16'),(140,'4556821461342797',258,140,'5414114779480991','2012-02-07 08:21:34','2011-05-18 09:18:46'),(141,'4024007104161096',489,141,'4024007170026745','2017-03-03 21:19:55','2013-12-13 06:55:33'),(142,'5493643629810765',174,142,'4556116489881615','2016-03-10 23:40:08','2014-11-05 13:38:24'),(143,'6011639028850839',358,143,'5572724962769920','2013-04-25 17:11:45','2015-06-08 03:23:02'),(144,'4953815800893',1,144,'4556563308668','2014-08-17 17:15:04','2013-12-08 05:02:01'),(145,'6011602407691736',469,145,'5427827404164719','2019-03-26 20:07:19','2011-07-04 07:27:57'),(146,'5436623696874930',237,146,'5553178539390891','2012-06-06 02:18:40','2018-09-21 20:41:55'),(147,'343808834658206',636,147,'4916927752467986','2017-08-21 07:15:34','2014-09-30 09:26:56'),(148,'5483778154664396',661,148,'5529612962037122','2015-06-17 11:52:28','2019-08-25 16:32:13'),(149,'5396872320345623',585,149,'4024007117756849','2011-06-23 15:50:20','2016-10-17 14:17:25'),(150,'4929979863757334',119,150,'4539937112864','2019-11-24 05:34:32','2015-03-11 10:23:51'),(151,'4716387835570677',656,151,'349511404969865','2010-04-13 04:34:36','2011-01-26 19:26:54'),(152,'4916370249356608',172,152,'4539537559831959','2016-07-22 11:22:06','2019-09-10 01:00:45'),(153,'5472248843834279',88,153,'5231906736025109','2014-09-03 15:17:24','2014-06-12 09:23:56'),(154,'5406120118840777',709,154,'5517010568192769','2018-06-11 08:18:23','2016-05-18 00:23:17'),(155,'5588858926893482',610,155,'5446280852877289','2011-09-22 19:37:29','2020-01-07 12:11:46'),(156,'5107746865212452',827,156,'5509778389110118','2016-02-29 20:56:02','2016-01-26 21:54:41'),(157,'5349480080354711',110,157,'4929190227820886','2019-05-17 21:07:03','2018-03-27 01:44:17'),(158,'5428565916372055',430,158,'6011171667923263','2016-12-27 22:42:53','2018-02-06 13:22:51'),(159,'5386037262693195',573,159,'5300539294630983','2012-02-12 05:04:41','2019-01-20 05:38:39'),(160,'343839186188908',188,160,'4929391125445','2018-11-22 07:55:59','2012-04-01 03:00:35'),(161,'5216110186335339',578,161,'5552180673966259','2010-10-29 14:27:04','2016-09-11 04:52:50'),(162,'378554515643347',368,162,'4929722147411','2014-03-10 18:40:58','2015-07-29 19:52:41'),(163,'5200839079497415',803,163,'4929698936688','2010-08-05 18:44:31','2015-05-28 02:17:20'),(164,'5440610794481908',225,164,'5133769195325590','2018-12-09 06:25:54','2018-12-10 05:09:07'),(165,'4721301171668',947,165,'5307038811273840','2019-03-25 11:07:38','2013-10-04 09:31:56'),(166,'5479044138940935',393,166,'4556882691395','2011-11-09 11:05:35','2012-08-03 05:09:42'),(167,'4716129729334',285,167,'5349133958217967','2017-03-27 05:20:42','2014-07-29 08:17:52'),(168,'5144011043334496',138,168,'5517232406044068','2011-06-29 21:00:34','2018-11-20 05:42:35'),(169,'5426485089915353',643,169,'5553053437714135','2012-01-13 01:29:38','2018-09-01 06:06:56'),(170,'341158374601305',146,170,'4532927999366046','2016-07-10 22:41:51','2017-08-07 08:23:15'),(171,'5199324033525104',906,171,'5147533400041077','2014-04-19 13:07:02','2015-10-17 02:36:53'),(172,'5118412144974568',136,172,'5407831160352383','2012-01-29 12:19:47','2012-05-02 01:43:43'),(173,'4539600795791',58,173,'4024007163628','2017-02-19 05:32:44','2010-04-14 08:08:41'),(174,'4716031790136',676,174,'6011642415454221','2015-12-19 15:10:49','2015-12-15 08:56:18'),(175,'5517127157682314',808,175,'5222809005620562','2011-12-22 22:35:12','2015-02-16 14:22:06'),(176,'4539880856467',396,176,'4929660919613346','2016-09-04 01:14:25','2015-08-08 06:15:11'),(177,'5168366301474310',775,177,'5189021435552300','2013-12-28 12:23:10','2017-10-11 09:38:33'),(178,'5340001817036125',366,178,'4556274388942','2017-04-20 04:32:31','2011-10-06 21:43:06'),(179,'5422022115255425',46,179,'4716440166989','2011-09-20 14:32:28','2016-12-19 21:20:15'),(180,'373864760225314',764,180,'5322507474786559','2015-07-27 04:02:44','2018-07-24 01:36:00'),(181,'5474377298949846',439,181,'4916308736344','2016-11-02 08:19:24','2019-07-07 08:26:30'),(182,'4024007198525857',333,182,'4855046548563817','2015-09-30 16:03:23','2014-09-30 14:24:42'),(183,'6011928165453227',252,183,'5585115129654674','2012-06-26 05:36:43','2014-05-19 02:48:47'),(184,'5299116858800888',946,184,'344218256792057','2018-08-11 06:17:25','2017-05-24 15:03:16'),(185,'5531675701416254',506,185,'6011922037130203','2017-08-27 08:28:50','2010-05-26 18:47:10'),(186,'5529544715727676',471,186,'6011231939493790','2013-07-26 12:41:52','2015-10-14 03:54:06'),(187,'4485909645991',24,187,'5278127770892694','2016-09-25 16:29:01','2011-03-15 15:17:16'),(188,'376264254457072',487,188,'5117565926883238','2016-06-16 13:28:28','2011-01-18 06:34:58'),(189,'376018030361580',182,189,'5190616600568036','2010-09-18 04:40:00','2013-09-14 09:00:15'),(190,'5388375860301666',66,190,'4160948758404','2016-05-07 06:06:30','2014-08-23 23:16:08'),(191,'6011793609601216',665,191,'5347255843275724','2015-02-07 03:53:13','2011-06-10 19:52:37'),(192,'5396839153705914',365,192,'4929839389496138','2013-04-24 22:36:20','2012-02-29 15:31:42'),(193,'4505900771238065',714,193,'4716735163455','2014-01-21 10:55:54','2013-09-13 22:29:26'),(194,'4556308008369260',312,1,'5255029579709133','2014-02-12 13:58:33','2017-09-03 21:29:07'),(195,'5122885855632220',821,2,'4539207139504','2012-08-28 13:13:48','2016-05-17 03:05:29'),(196,'5233810382861130',585,3,'4741138135865','2015-06-04 03:35:35','2011-01-08 12:36:01'),(197,'4485368063728983',114,4,'5295708244769250','2014-11-29 19:19:55','2015-04-03 04:58:29'),(198,'6011875093212157',988,5,'343772181767927','2016-07-03 02:53:22','2014-02-15 01:03:10'),(199,'5471304713442170',851,6,'375869603386382','2013-01-01 00:22:28','2019-12-03 23:40:24'),(200,'347135753169523',883,7,'5220840364365713','2017-08-03 14:00:33','2011-08-03 03:59:54');
/*!40000 ALTER TABLE `payments` ENABLE KEYS */;
UNLOCK TABLES;

--
-- Table structure for table `profile_types`
--

DROP TABLE IF EXISTS `profile_types`;
/*!40101 SET @saved_cs_client     = @@character_set_client */;
/*!50503 SET character_set_client = utf8mb4 */;
CREATE TABLE `profile_types` (
  `id` int unsigned NOT NULL AUTO_INCREMENT,
  `name` varchar(255) DEFAULT NULL,
  `created_at` datetime DEFAULT CURRENT_TIMESTAMP,
  PRIMARY KEY (`id`),
  UNIQUE KEY `name` (`name`)
) ENGINE=InnoDB AUTO_INCREMENT=3 DEFAULT CHARSET=utf8mb4 COLLATE=utf8mb4_0900_ai_ci;
/*!40101 SET character_set_client = @saved_cs_client */;

--
-- Dumping data for table `profile_types`
--

LOCK TABLES `profile_types` WRITE;
/*!40000 ALTER TABLE `profile_types` DISABLE KEYS */;
INSERT INTO `profile_types` VALUES (1,'host','2018-06-11 14:36:32'),(2,'superhost','2018-12-02 17:03:50');
/*!40000 ALTER TABLE `profile_types` ENABLE KEYS */;
UNLOCK TABLES;

--
-- Table structure for table `profiles`
--

DROP TABLE IF EXISTS `profiles`;
/*!40101 SET @saved_cs_client     = @@character_set_client */;
/*!50503 SET character_set_client = utf8mb4 */;
CREATE TABLE `profiles` (
  `user_id` int unsigned NOT NULL,
  `gender` char(1) DEFAULT NULL,
  `birthday` date DEFAULT NULL,
  `city_id` int unsigned DEFAULT NULL,
  `country_id` int unsigned DEFAULT NULL,
  `photo_id` int unsigned DEFAULT NULL,
  `emergency_contact` varchar(120) DEFAULT NULL,
  `id_card_scan_id` int unsigned DEFAULT NULL,
  `profile_type` int unsigned DEFAULT NULL,
  `created_at` datetime DEFAULT CURRENT_TIMESTAMP,
  `updated_at` datetime DEFAULT CURRENT_TIMESTAMP ON UPDATE CURRENT_TIMESTAMP,
  KEY `profiles_city_id_fk` (`city_id`),
  KEY `profiles_country_id_fk` (`country_id`),
  KEY `profiles_photo_id_fk` (`photo_id`),
  KEY `profiles_id_card_scan_id_fk` (`id_card_scan_id`),
  KEY `profiles_profile_type_fk` (`profile_type`),
  KEY `profiles_user_id_birthday_city_country_id_card_scan_id_idx` (`user_id`,`birthday`,`city_id`,`country_id`,`id_card_scan_id`),
  CONSTRAINT `profiles_city_id_fk` FOREIGN KEY (`city_id`) REFERENCES `cities` (`id`),
  CONSTRAINT `profiles_country_id_fk` FOREIGN KEY (`country_id`) REFERENCES `countries` (`id`),
  CONSTRAINT `profiles_id_card_scan_id_fk` FOREIGN KEY (`id_card_scan_id`) REFERENCES `media` (`id`),
  CONSTRAINT `profiles_photo_id_fk` FOREIGN KEY (`photo_id`) REFERENCES `media` (`id`),
  CONSTRAINT `profiles_profile_type_fk` FOREIGN KEY (`profile_type`) REFERENCES `profile_types` (`id`),
  CONSTRAINT `profiles_user_id_fk` FOREIGN KEY (`user_id`) REFERENCES `users` (`id`)
) ENGINE=InnoDB DEFAULT CHARSET=utf8mb4 COLLATE=utf8mb4_0900_ai_ci;
/*!40101 SET character_set_client = @saved_cs_client */;

--
-- Dumping data for table `profiles`
--

LOCK TABLES `profiles` WRITE;
/*!40000 ALTER TABLE `profiles` DISABLE KEYS */;
INSERT INTO `profiles` VALUES (1,'F','1991-11-30',1,1,1,'1-123-252-3401',1,1,'2015-01-25 11:02:38','2014-06-04 11:47:33'),(2,'M','2009-12-23',2,2,2,'(293)972-1800x269',2,2,'2014-04-18 03:38:16','2016-09-10 14:22:55'),(3,'F','1996-08-06',3,3,3,'(716)073-6883x386',3,1,'2017-04-01 13:03:39','2018-01-24 22:38:50'),(4,'M','2003-01-19',4,4,4,'349.670.2000x50670',4,2,'2010-08-10 04:13:41','2012-02-17 21:55:06'),(5,'M','1990-10-10',5,5,5,'095-075-2505x18610',5,1,'2017-10-23 05:28:26','2016-04-08 00:19:27'),(6,'M','1976-03-22',6,6,6,'(679)812-7616x34788',6,2,'2013-03-31 18:48:50','2016-07-31 16:27:31'),(7,'F','2017-03-12',7,7,7,'+11(9)2700602986',7,1,'2017-11-21 08:36:40','2018-09-19 17:26:22'),(8,'F','2007-09-15',8,8,8,'225-775-3286',8,2,'2019-07-24 07:26:02','2010-04-25 14:30:17'),(9,'F','2019-01-07',9,9,9,'786.945.7574',9,1,'2011-09-19 08:35:20','2011-12-03 05:27:12'),(10,'F','2005-06-08',10,10,10,'(367)077-3311x500',10,2,'2010-05-28 06:21:28','2012-11-02 01:30:44'),(11,'M','1999-07-01',11,11,11,'1-555-666-6926',11,1,'2014-01-01 00:52:56','2011-08-26 23:36:50'),(12,'M','2005-06-14',12,12,12,'1-178-999-0565x389',12,2,'2012-04-25 09:44:15','2013-08-24 03:59:56'),(13,'M','1980-07-30',13,13,13,'260.507.1352x055',13,1,'2014-02-05 02:32:37','2018-02-20 20:23:12'),(14,'F','2019-02-26',14,14,14,'708-466-0446',14,2,'2012-09-20 23:03:05','2016-08-05 00:20:51'),(15,'F','1999-07-04',15,15,15,'058-653-4060',15,1,'2014-06-28 22:19:18','2018-03-26 21:56:31'),(16,'M','2009-11-10',16,16,16,'(550)379-8133',16,2,'2015-03-24 18:52:57','2012-12-18 00:59:53'),(17,'M','2013-09-07',17,17,17,'1-650-043-3320',17,1,'2014-06-15 10:21:27','2018-04-26 04:29:48'),(18,'M','2011-09-19',18,18,18,'982-561-7553',18,2,'2016-09-09 21:05:57','2015-05-24 07:21:36'),(19,'M','2013-07-31',19,19,19,'719.670.6265x5242',19,1,'2018-03-02 00:52:53','2017-07-08 03:36:27'),(20,'M','2011-03-11',20,20,20,'075-454-6365',20,2,'2018-05-10 04:08:59','2011-08-15 12:56:06'),(21,'F','1992-10-12',21,21,21,'190-011-2410x7800',21,1,'2015-07-22 07:32:22','2012-03-14 00:17:45'),(22,'M','1981-07-08',22,22,22,'106.511.5657x03982',22,2,'2016-08-18 23:35:56','2017-09-18 14:02:06'),(23,'M','1995-10-20',23,23,23,'723-839-1640x1738',23,1,'2019-01-19 11:58:47','2014-11-13 17:54:08'),(24,'F','1985-07-31',24,24,24,'01030688867',24,2,'2014-06-27 11:40:40','2016-02-28 02:49:07'),(25,'F','1975-05-04',25,25,25,'(005)057-8033x521',25,1,'2015-09-17 13:56:14','2012-01-18 14:41:33'),(26,'M','1970-10-03',26,26,26,'215.854.4462x6285',26,2,'2019-07-15 04:08:22','2018-06-02 09:21:22'),(27,'F','2005-09-28',27,27,27,'634-791-5298x08371',27,1,'2018-06-10 17:40:01','2018-12-06 10:54:47'),(28,'F','1997-07-19',28,28,28,'(034)590-0103',28,2,'2013-11-14 15:39:57','2010-10-21 00:53:23'),(29,'F','2010-11-14',29,29,29,'06915284070',29,1,'2017-01-18 20:19:11','2012-09-13 08:34:40'),(30,'M','1987-10-16',30,30,30,'280-589-2968x428',30,2,'2017-04-13 05:18:03','2018-03-12 04:10:47'),(31,'F','1998-06-17',31,31,31,'+07(2)9241422455',31,1,'2019-09-24 16:51:23','2011-10-18 11:58:55'),(32,'F','2010-05-13',32,32,32,'(452)944-4142',32,2,'2018-10-26 19:32:58','2015-10-16 12:36:40'),(33,'F','1996-07-13',33,33,33,'+96(4)8999717290',33,1,'2017-05-16 10:20:43','2016-06-03 19:44:46'),(34,'M','1990-05-17',34,34,34,'+54(8)8390729688',34,2,'2012-06-19 16:55:29','2017-05-17 14:15:58'),(35,'M','1993-07-28',35,35,35,'473-573-9101x86618',35,1,'2018-04-09 07:19:41','2017-12-21 18:51:13'),(36,'F','1975-03-22',36,36,36,'058-421-0926',36,2,'2019-01-04 17:58:59','2012-09-30 19:39:08'),(37,'M','1978-11-23',37,37,37,'1-744-268-7403x386',37,1,'2010-11-29 04:40:12','2018-11-12 19:30:16'),(38,'M','2015-08-02',38,38,38,'(896)868-3432x1516',38,2,'2013-01-19 19:45:42','2012-09-04 20:44:46'),(39,'M','1992-10-05',39,39,39,'792-253-7100x0512',39,1,'2018-08-27 22:56:50','2014-01-28 16:36:14'),(40,'F','1977-08-12',40,40,40,'(323)569-7800',40,2,'2012-05-06 09:20:37','2015-11-25 00:07:19'),(41,'F','1992-10-06',41,41,41,'307.514.8901x619',41,1,'2011-10-16 17:06:58','2015-02-16 03:06:14'),(42,'M','1980-02-22',42,42,42,'1-773-606-4274x63234',42,2,'2016-11-30 13:06:19','2013-06-18 04:04:41'),(43,'F','2014-12-21',43,43,43,'1-774-262-9959',43,1,'2017-12-16 14:01:24','2017-01-12 02:22:36'),(44,'M','2012-03-30',44,44,44,'204-206-6816',44,2,'2017-12-17 18:29:55','2017-06-04 23:01:23'),(45,'M','2009-03-18',45,45,45,'553-551-6083x9914',45,1,'2012-03-19 19:50:53','2018-02-18 11:26:37'),(46,'M','1981-04-18',46,46,46,'09068825970',46,2,'2010-11-02 10:29:29','2017-06-24 07:45:49'),(47,'F','1981-09-19',47,47,47,'(871)830-1323',47,1,'2010-07-16 09:25:35','2011-11-22 17:49:26'),(48,'M','1994-06-06',48,48,48,'(533)805-3378',48,2,'2017-07-23 20:08:08','2013-02-08 15:33:30'),(49,'M','1999-11-27',49,49,49,'+96(8)1213528051',49,1,'2013-02-02 06:54:42','2013-03-26 19:37:03'),(50,'F','1974-09-21',50,50,50,'(992)142-2088',50,2,'2011-06-18 09:07:06','2016-01-07 09:22:27'),(51,'F','2004-03-02',51,51,51,'(984)849-9897',51,1,'2011-05-25 20:30:54','2019-11-11 14:26:05'),(52,'F','2007-01-26',52,52,52,'318.541.8397',52,2,'2016-01-01 08:15:08','2010-09-20 16:51:51'),(53,'M','1983-03-15',53,53,53,'604.932.5582',53,1,'2017-12-15 14:43:09','2011-09-24 00:33:31'),(54,'F','2015-02-27',54,54,54,'828.153.2185x150',54,2,'2018-07-17 14:22:00','2015-08-14 05:45:44'),(55,'F','1991-02-24',55,55,55,'(341)629-2985',55,1,'2019-12-06 13:07:32','2013-10-15 07:10:50'),(56,'F','2015-01-22',56,56,56,'(410)311-3787x35868',56,2,'2011-02-01 12:56:02','2012-01-06 14:58:03'),(57,'M','1986-07-25',57,57,57,'(010)273-3722x74710',57,1,'2015-06-09 14:46:49','2018-07-19 07:05:41'),(58,'M','1976-09-25',58,58,58,'797-980-0072x246',58,2,'2020-02-11 14:46:53','2019-06-12 22:26:43'),(59,'F','2010-10-12',59,59,59,'(538)918-9523x100',59,1,'2012-08-18 23:19:29','2016-01-21 09:42:46'),(60,'F','2002-04-19',60,60,60,'103.669.7421x885',60,2,'2011-07-11 03:52:52','2013-08-01 20:18:14'),(61,'F','2013-06-17',61,61,61,'(708)481-0526',61,1,'2014-05-20 20:29:29','2017-06-25 01:14:19'),(62,'M','2017-12-14',62,62,62,'243-688-4834',62,2,'2010-11-05 14:17:13','2019-06-09 13:16:12'),(63,'M','1977-05-20',63,63,63,'397-225-3907x10416',63,1,'2011-10-30 15:15:59','2014-05-09 11:58:54'),(64,'M','1999-05-10',64,64,64,'1-611-521-0198',64,2,'2018-07-05 17:48:27','2012-05-05 04:18:17'),(65,'F','2005-05-03',65,65,65,'(123)691-1016',65,1,'2018-09-27 00:19:25','2017-04-14 05:50:52'),(66,'F','1980-03-21',66,66,66,'04801550682',66,2,'2015-12-19 07:54:46','2017-03-28 06:23:05'),(67,'F','1989-10-22',67,67,67,'803-303-6257x280',67,1,'2013-05-18 03:28:57','2020-02-26 21:32:33'),(68,'F','1990-04-12',68,68,68,'1-992-677-6948x4199',68,2,'2011-11-23 04:34:24','2015-05-03 17:23:21'),(69,'F','1970-01-05',69,69,69,'571-737-1864x901',69,1,'2015-01-10 23:00:11','2012-10-05 12:02:23'),(70,'F','2003-06-12',70,70,70,'(123)858-6544x068',70,2,'2012-06-25 16:50:20','2013-08-15 06:20:27'),(71,'F','1982-05-22',71,71,71,'986-193-1071x253',71,1,'2011-10-07 08:11:16','2014-06-23 16:06:36'),(72,'F','1979-02-14',72,72,72,'622.940.1364',72,2,'2018-06-01 14:45:16','2018-06-20 04:06:12'),(73,'F','1979-06-29',73,73,73,'188-358-0161',73,1,'2015-08-28 08:58:50','2010-08-24 01:34:29'),(74,'M','1998-04-16',74,74,74,'019.264.8055',74,2,'2017-11-15 14:09:38','2013-10-21 21:38:41'),(75,'M','1970-11-20',75,75,75,'(294)099-3627x0240',75,1,'2011-10-06 01:56:20','2013-07-23 12:12:16'),(76,'M','1982-06-02',76,76,76,'055.720.4154',76,2,'2020-01-14 02:06:53','2015-12-18 08:49:14'),(77,'M','1984-03-16',77,77,77,'144-905-2308',77,1,'2019-05-14 23:54:29','2013-08-01 19:34:49'),(78,'F','1975-06-25',78,78,78,'(231)255-6104x1846',78,2,'2015-05-18 02:02:25','2012-08-01 02:52:52'),(79,'F','1972-05-02',79,79,79,'473.012.3367',79,1,'2013-12-04 19:06:34','2018-05-27 12:30:57'),(80,'F','1972-11-23',80,80,80,'413-547-7666',80,2,'2012-04-27 04:14:01','2012-09-26 09:27:48'),(81,'M','1995-03-29',81,81,81,'909-274-8638x708',81,1,'2014-07-23 14:45:56','2018-10-13 23:53:46'),(82,'M','2001-12-22',82,82,82,'953.600.1090',82,2,'2015-04-05 11:18:30','2020-01-01 09:08:36'),(83,'F','1975-06-14',83,83,83,'04301598903',83,1,'2015-11-30 12:53:18','2014-06-04 20:44:22'),(84,'M','1976-11-13',84,84,84,'(458)847-6529x757',84,2,'2012-06-30 12:43:01','2010-03-31 11:02:25'),(85,'F','1996-05-23',85,85,85,'1-117-633-1493x852',85,1,'2011-07-16 19:20:45','2013-09-27 23:51:17'),(86,'M','1977-04-22',86,86,86,'1-746-193-1607x9274',86,2,'2010-06-20 22:15:00','2012-05-31 23:44:38'),(87,'F','2011-05-12',87,87,87,'871.727.2646x340',87,1,'2019-04-09 10:22:29','2014-07-10 14:43:58'),(88,'M','1999-11-12',88,88,88,'768-633-9979',88,2,'2010-08-08 19:47:44','2018-10-16 02:31:39'),(89,'F','1978-07-23',89,89,89,'727-468-7929x2864',89,1,'2014-06-14 16:05:44','2012-06-05 14:16:30'),(90,'F','2009-03-12',90,90,90,'08645367020',90,2,'2014-09-27 15:23:51','2015-01-31 17:38:27'),(91,'F','1980-07-20',91,91,91,'712-478-7108x232',91,1,'2010-06-12 11:46:52','2011-04-30 06:56:55'),(92,'F','1999-11-11',92,92,92,'(116)978-7290',92,2,'2016-03-12 14:14:16','2019-05-02 12:31:31'),(93,'M','1979-12-22',93,93,93,'470.242.8252',93,1,'2018-02-13 16:29:23','2018-07-14 17:43:05'),(94,'F','1993-10-10',94,94,94,'(714)718-6158',94,2,'2018-11-09 11:48:48','2019-12-05 01:57:36'),(95,'F','2010-05-26',95,95,95,'(090)787-0416x158',95,1,'2014-01-24 17:10:07','2019-01-06 14:31:35'),(96,'F','1974-10-11',96,96,96,'351.254.6349x598',96,2,'2010-07-26 15:45:44','2013-02-24 20:18:34'),(97,'F','1977-09-11',97,97,97,'967.155.1408x2025',97,1,'2015-12-15 20:09:11','2013-02-27 18:27:20'),(98,'F','1990-12-30',98,98,98,'1-877-556-9693x428',98,2,'2015-07-19 10:02:37','2015-12-30 07:21:05'),(99,'M','2016-04-15',99,99,99,'+49(2)4998280418',99,1,'2019-01-08 02:54:51','2016-10-04 01:45:54'),(100,'F','2010-10-11',100,100,100,'009-569-7850x11783',100,2,'2016-10-03 01:54:56','2011-09-07 03:17:07'),(101,'F','1983-04-27',101,101,101,'953.410.3246x4076',101,1,'2014-10-18 04:14:50','2010-07-02 07:05:59'),(102,'M','2015-01-15',102,102,102,'280-052-2323',102,2,'2010-03-31 00:05:12','2014-06-05 02:46:15'),(103,'M','1986-02-16',103,103,103,'599-671-9916x651',103,1,'2018-08-17 10:48:55','2012-04-24 21:44:31'),(104,'F','2015-04-11',104,104,104,'886-569-3585',104,2,'2014-12-25 00:39:13','2018-05-10 21:09:15'),(105,'M','1979-08-26',105,105,105,'1-008-398-3569',105,1,'2017-02-26 18:01:57','2014-01-01 11:01:26'),(106,'F','1988-08-31',106,106,106,'1-972-334-7683',106,2,'2016-11-20 02:21:36','2010-07-18 17:07:09'),(107,'M','1991-03-28',107,107,107,'846.900.4767',107,1,'2018-06-16 06:05:09','2015-06-14 23:06:39'),(108,'F','2015-02-08',108,108,108,'619-740-5891',108,2,'2013-08-11 01:44:00','2014-01-05 06:33:31'),(109,'M','2011-08-12',109,109,109,'03855907109',109,1,'2020-02-22 04:58:20','2015-07-07 18:12:25'),(110,'F','2019-02-21',110,110,110,'1-644-307-9432',110,2,'2015-03-13 22:14:06','2017-06-08 20:55:55'),(111,'F','2008-08-10',111,111,111,'551-217-0781',111,1,'2012-05-10 19:20:29','2015-11-16 23:24:31'),(112,'F','2009-04-20',112,112,112,'526.810.1412x8552',112,2,'2019-01-23 02:21:23','2014-03-08 23:52:27'),(113,'M','2000-11-04',113,113,113,'947.281.2232x298',113,1,'2016-02-12 09:30:01','2017-10-11 22:05:14'),(114,'M','2016-12-07',114,114,114,'836-479-3614',114,2,'2016-12-28 12:14:31','2016-06-17 00:49:02'),(115,'F','1987-10-12',115,115,115,'(865)427-0347',115,1,'2014-11-23 00:53:19','2016-11-17 23:37:45'),(116,'M','1972-01-29',116,116,116,'646-221-4519x5178',116,2,'2019-12-17 04:33:55','2011-07-15 16:08:37'),(117,'F','1993-01-06',117,117,117,'1-578-796-2963',117,1,'2014-11-12 13:38:59','2017-02-12 15:03:50'),(118,'F','2016-12-14',118,118,118,'+08(0)1938370151',118,2,'2016-06-25 15:59:47','2016-10-09 07:54:39'),(119,'M','1991-08-31',119,119,119,'682-323-8083',119,1,'2017-09-21 17:53:46','2017-09-21 05:31:31'),(120,'F','1995-03-28',120,120,120,'08823761384',120,2,'2014-01-20 00:52:20','2016-11-04 21:35:04'),(121,'F','2014-11-25',121,121,121,'814.735.2715x65901',121,1,'2011-12-10 11:21:48','2018-10-12 09:47:50'),(122,'F','1998-03-16',122,122,122,'07561578920',122,2,'2011-01-17 10:12:43','2016-05-02 08:00:39'),(123,'M','2009-05-10',123,123,123,'463-566-1019',123,1,'2018-09-25 20:30:15','2019-12-27 04:33:57'),(124,'M','1979-04-09',124,124,124,'493-763-6935x6058',124,2,'2015-03-21 16:02:21','2019-08-10 01:47:04'),(125,'F','2012-06-24',125,125,125,'+50(4)1550080641',125,1,'2017-07-15 20:41:03','2012-05-09 00:13:37'),(126,'F','1995-04-07',126,126,126,'+96(1)7319664608',126,2,'2011-08-31 18:17:30','2012-01-10 10:50:41'),(127,'M','1976-08-13',127,127,127,'868-148-7995x8143',127,1,'2010-05-24 10:30:56','2020-03-03 12:47:27'),(128,'M','1977-04-23',128,128,128,'323-485-7463',128,2,'2013-11-16 18:59:33','2018-02-10 20:54:58'),(129,'F','2007-12-03',129,129,129,'262.306.2006x4680',129,1,'2016-11-09 10:02:45','2013-06-23 20:59:58'),(130,'F','1981-04-06',130,130,130,'(833)304-5775x3527',130,2,'2019-06-29 03:29:26','2016-04-22 19:03:37'),(131,'M','2007-05-10',131,131,131,'02244511755',131,1,'2019-07-19 15:09:39','2013-03-07 08:37:28'),(132,'M','2006-05-11',132,132,132,'946.015.9509',132,2,'2012-08-02 13:15:13','2016-12-25 04:58:20'),(133,'M','2003-11-18',133,133,133,'05648840122',133,1,'2015-11-06 16:17:24','2012-06-15 06:25:51'),(134,'M','1971-04-15',134,134,134,'506.859.6788x971',134,2,'2012-07-27 11:28:41','2014-12-11 22:41:49'),(135,'M','2001-06-13',135,135,135,'040.873.9891x82923',135,1,'2016-04-07 11:51:05','2010-11-24 19:45:23'),(136,'F','2007-04-28',136,136,136,'(132)942-5113x63569',136,2,'2019-08-10 19:53:05','2015-05-23 06:08:27'),(137,'F','1977-10-13',137,137,137,'786-409-3603x63869',137,1,'2012-02-25 03:23:26','2020-02-09 22:17:40'),(138,'F','2000-01-15',138,138,138,'1-958-418-8860x261',138,2,'2012-01-06 13:28:52','2019-06-22 02:54:26'),(139,'F','1973-09-19',139,139,139,'1-410-002-6225x3902',139,1,'2017-12-13 11:38:40','2018-03-27 22:06:18'),(140,'F','1996-12-12',140,140,140,'(159)256-7321x566',140,2,'2015-05-14 02:08:09','2010-09-30 02:58:40'),(141,'M','1997-12-02',141,141,141,'330.765.2625x101',141,1,'2018-12-27 06:54:44','2017-06-25 10:46:45'),(142,'F','2011-04-07',142,142,142,'05145070796',142,2,'2013-06-24 00:51:48','2018-07-23 20:04:42'),(143,'F','1988-04-03',143,143,143,'(349)829-7994',143,1,'2011-03-14 23:12:56','2010-08-08 23:20:55'),(144,'F','2016-10-13',144,144,144,'746.146.9590',144,2,'2016-09-02 20:27:26','2011-08-03 10:23:22'),(145,'M','1988-09-07',145,145,145,'1-570-075-6770',145,1,'2013-07-12 04:43:43','2018-01-02 09:21:06'),(146,'M','2008-04-16',146,146,146,'1-333-702-1208x428',146,2,'2011-01-13 08:18:46','2018-09-13 13:35:13'),(147,'M','1976-09-20',147,147,147,'1-425-505-9946x2148',147,1,'2013-05-22 10:38:49','2014-11-09 00:16:18'),(148,'M','2017-03-18',148,148,148,'869-399-5934x956',148,2,'2015-06-29 17:18:04','2015-11-08 12:09:12'),(149,'M','1970-08-09',149,149,149,'493.291.1988x03136',149,1,'2012-05-24 08:22:24','2011-10-13 06:13:16'),(150,'F','1989-03-14',150,150,150,'00906245784',150,2,'2012-05-24 17:51:41','2014-02-06 04:13:55'),(151,'M','2004-05-28',151,151,151,'481-738-9710x80068',151,1,'2014-01-10 02:43:32','2013-06-12 02:34:47'),(152,'M','1989-06-22',152,152,152,'1-695-148-8681',152,2,'2017-09-24 22:46:07','2019-06-07 13:47:11'),(153,'F','1997-05-11',153,153,153,'117.347.0564',153,1,'2012-06-21 23:13:22','2012-10-12 08:04:35'),(154,'F','2010-07-31',154,154,154,'725-103-4937x28822',154,2,'2016-05-25 00:04:03','2017-08-25 20:31:23'),(155,'M','1974-12-23',155,155,155,'748.615.5108x884',155,1,'2013-02-10 14:38:14','2012-03-31 09:37:01'),(156,'M','1998-03-16',156,156,156,'(266)216-6934',156,2,'2012-04-16 01:58:25','2014-08-08 07:17:04'),(157,'F','1970-01-16',157,157,157,'162-663-0747x60975',157,1,'2015-02-20 12:54:00','2015-12-17 16:22:34'),(158,'F','2019-04-02',158,158,158,'(575)764-5446',158,2,'2011-09-02 17:05:05','2020-01-13 13:28:54'),(159,'F','1980-02-01',159,159,159,'+57(7)6138308454',159,1,'2014-07-16 06:32:56','2016-03-17 23:45:44'),(160,'M','1971-06-11',160,160,160,'+39(6)4643064667',160,2,'2015-09-25 19:08:50','2019-03-25 14:25:46'),(161,'F','1974-03-07',161,161,161,'(316)614-8429x1597',161,1,'2016-11-17 01:59:23','2018-05-02 23:49:05'),(162,'F','2019-12-24',162,162,162,'+37(4)6200893423',162,2,'2019-03-18 02:29:58','2011-02-11 19:21:51'),(163,'F','2012-10-06',163,163,163,'1-592-259-1192',163,1,'2016-03-31 23:30:09','2014-10-22 08:55:49'),(164,'F','1999-10-18',164,164,164,'02019599263',164,2,'2018-11-02 05:53:30','2019-07-03 05:18:10'),(165,'M','2019-02-08',165,165,165,'02865571441',165,1,'2019-05-02 09:13:19','2015-03-24 13:01:57'),(166,'F','1971-04-13',166,166,166,'350-232-3404x4178',166,2,'2018-03-09 01:46:03','2019-12-07 03:44:23'),(167,'F','2016-10-05',167,167,167,'1-775-393-9097x616',167,1,'2019-02-27 08:43:32','2019-06-29 05:47:04'),(168,'F','1989-10-01',168,168,168,'+15(3)7503630071',168,2,'2017-10-27 04:53:20','2015-07-05 17:59:09'),(169,'F','2005-03-04',169,169,169,'1-113-958-8647x438',169,1,'2015-06-20 08:10:17','2014-12-22 17:35:11'),(170,'M','1992-04-24',170,170,170,'024.981.4892',170,2,'2014-03-16 17:23:56','2010-04-12 11:08:55'),(171,'M','2001-04-20',171,171,171,'500-638-2837x2221',171,1,'2015-10-05 14:48:33','2016-09-04 14:35:58'),(172,'F','1993-09-27',172,172,172,'1-524-353-2994',172,2,'2011-04-20 15:59:45','2012-08-05 00:21:16'),(173,'F','2005-02-17',173,173,173,'077.797.2521x3718',173,1,'2011-04-25 05:07:03','2016-04-02 02:22:40'),(174,'F','2011-04-07',174,174,174,'281.618.0697x268',174,2,'2018-03-28 11:04:15','2018-11-11 22:10:44'),(175,'F','1979-09-22',175,175,175,'770-715-5063x50942',175,1,'2020-01-14 06:02:37','2016-10-11 23:13:32'),(176,'M','2017-01-15',176,176,176,'786.153.9941x78213',176,2,'2015-12-05 09:52:10','2012-02-03 09:30:11'),(177,'F','1985-05-24',177,177,177,'695-574-5230x3467',177,1,'2011-05-30 01:10:08','2020-02-09 06:00:39'),(178,'M','1977-03-05',178,178,178,'+53(0)3667891466',178,2,'2019-01-15 18:36:49','2012-05-28 16:45:06'),(179,'M','1997-08-09',179,179,179,'1-904-531-4920x661',179,1,'2010-12-24 03:52:52','2014-11-24 21:42:41'),(180,'M','1994-12-09',180,180,180,'07182308337',180,2,'2010-09-24 16:41:53','2010-04-28 05:18:56'),(181,'M','2014-11-09',181,181,181,'08263338459',181,1,'2013-08-28 09:15:06','2013-05-24 10:16:53'),(182,'M','1970-03-22',182,182,182,'+89(4)0918635263',182,2,'2013-05-08 03:53:35','2012-03-23 11:39:01'),(183,'F','1992-01-05',183,183,183,'561.747.4882x34777',183,1,'2010-12-05 10:26:11','2019-10-08 08:49:11'),(184,'M','1989-01-12',184,184,184,'08097595919',184,2,'2011-05-23 11:59:05','2019-11-06 19:08:46'),(185,'F','2018-03-10',185,185,185,'187-913-3383',185,1,'2019-04-19 17:30:35','2010-12-07 04:47:03'),(186,'F','1999-02-13',186,186,186,'891-408-6025',186,2,'2010-12-13 04:01:01','2017-08-14 21:45:17'),(187,'M','1980-03-26',187,187,187,'867.013.9539x19404',187,1,'2015-03-10 10:27:30','2015-05-22 14:11:40'),(188,'M','1999-04-28',188,188,188,'770.301.5188x7287',188,2,'2013-05-23 03:27:45','2012-12-25 14:03:47'),(189,'F','1993-09-28',189,189,189,'06375751088',189,1,'2013-03-24 14:23:54','2020-01-01 08:10:27'),(190,'M','1975-09-03',190,190,190,'(120)662-1189x6002',190,2,'2015-05-21 05:01:35','2010-05-29 19:45:03'),(191,'F','1974-07-06',191,191,191,'730.936.4280x8000',191,1,'2014-05-14 13:48:40','2011-05-08 01:40:32'),(192,'F','1975-09-24',192,192,192,'603-513-8479',192,2,'2015-01-09 06:04:22','2016-01-03 03:41:27'),(193,'M','1976-01-26',193,193,193,'(617)529-5371',193,1,'2019-03-18 01:42:28','2017-02-14 06:01:45'),(194,'F','2017-12-31',194,1,194,'01331978305',194,2,'2012-12-01 09:21:57','2015-06-22 12:01:28'),(195,'F','1976-02-24',195,2,195,'1-898-864-0478',195,1,'2011-04-30 10:14:35','2019-12-20 00:10:28'),(196,'M','2002-07-28',196,3,196,'(639)929-3476x575',196,2,'2014-10-24 06:41:03','2013-03-10 02:34:42'),(197,'F','2011-07-07',197,4,197,'1-282-567-0464',197,1,'2015-06-25 08:49:49','2014-10-22 20:34:16'),(198,'M','2006-07-25',198,5,198,'176.040.2559x40137',198,2,'2015-11-18 02:18:18','2019-06-19 04:42:16'),(199,'M','1973-03-02',199,6,199,'(428)575-9350x8109',199,1,'2019-03-10 13:42:15','2019-07-14 06:47:04'),(200,'F','1988-10-03',200,7,200,'1-994-732-5853',200,2,'2010-06-10 18:30:00','2013-03-25 21:27:09');
/*!40000 ALTER TABLE `profiles` ENABLE KEYS */;
UNLOCK TABLES;

--
-- Temporary view structure for view `profiles_data`
--

DROP TABLE IF EXISTS `profiles_data`;
/*!50001 DROP VIEW IF EXISTS `profiles_data`*/;
SET @saved_cs_client     = @@character_set_client;
/*!50503 SET character_set_client = utf8mb4 */;
/*!50001 CREATE VIEW `profiles_data` AS SELECT 
 1 AS `id`,
 1 AS `fullname`,
 1 AS `profile_type`,
 1 AS `review_body`,
 1 AS `from`,
 1 AS `since`*/;
SET character_set_client = @saved_cs_client;

--
-- Table structure for table `rates`
--

DROP TABLE IF EXISTS `rates`;
/*!40101 SET @saved_cs_client     = @@character_set_client */;
/*!50503 SET character_set_client = utf8mb4 */;
CREATE TABLE `rates` (
  `id` int unsigned NOT NULL AUTO_INCREMENT,
  `user_id` int unsigned NOT NULL,
  `ad_id` int unsigned NOT NULL,
  `created_at` datetime DEFAULT CURRENT_TIMESTAMP,
  PRIMARY KEY (`id`),
  KEY `rates_ad_id` (`ad_id`),
  KEY `rates_user_id_ad_id_idx` (`user_id`,`ad_id`),
  CONSTRAINT `rates_ad_id` FOREIGN KEY (`ad_id`) REFERENCES `ads` (`id`),
  CONSTRAINT `rates_user_id_fk` FOREIGN KEY (`user_id`) REFERENCES `users` (`id`)
) ENGINE=InnoDB AUTO_INCREMENT=501 DEFAULT CHARSET=utf8mb4 COLLATE=utf8mb4_0900_ai_ci;
/*!40101 SET character_set_client = @saved_cs_client */;

--
-- Dumping data for table `rates`
--

LOCK TABLES `rates` WRITE;
/*!40000 ALTER TABLE `rates` DISABLE KEYS */;
INSERT INTO `rates` VALUES (1,1,54,'2013-10-14 17:15:11'),(2,2,11,'2015-04-24 23:59:02'),(3,3,90,'2010-03-27 08:41:19'),(4,4,18,'2014-01-08 11:59:30'),(5,5,21,'2016-04-06 16:56:47'),(6,6,48,'2015-10-24 07:50:35'),(7,7,77,'2014-07-22 22:13:09'),(8,8,42,'2011-01-15 08:00:49'),(9,9,79,'2016-03-10 03:34:31'),(10,10,67,'2019-02-12 22:11:09'),(11,11,100,'2010-07-23 15:22:52'),(12,12,96,'2013-11-10 11:26:04'),(13,13,78,'2012-12-25 10:23:36'),(14,14,4,'2011-11-09 21:07:00'),(15,15,83,'2013-01-27 17:51:08'),(16,16,3,'2015-02-05 12:51:16'),(17,17,65,'2011-05-20 12:10:14'),(18,18,15,'2013-05-23 11:55:55'),(19,19,79,'2011-03-14 11:42:18'),(20,20,51,'2017-09-11 19:01:12'),(21,21,17,'2014-09-17 13:57:22'),(22,22,30,'2015-10-20 11:14:07'),(23,23,98,'2012-02-05 14:05:38'),(24,24,3,'2013-07-08 10:27:56'),(25,25,17,'2011-03-31 00:51:32'),(26,26,78,'2017-08-05 22:00:44'),(27,27,37,'2013-12-16 07:00:11'),(28,28,51,'2017-04-06 08:50:40'),(29,29,44,'2014-06-18 06:41:43'),(30,30,64,'2011-08-10 17:18:56'),(31,31,91,'2014-01-18 09:06:04'),(32,32,61,'2014-09-13 12:49:24'),(33,33,28,'2011-12-28 17:57:12'),(34,34,81,'2016-10-19 01:39:32'),(35,35,6,'2017-04-30 14:08:27'),(36,36,86,'2010-10-19 09:08:39'),(37,37,11,'2010-06-01 13:40:21'),(38,38,98,'2014-04-13 22:46:42'),(39,39,54,'2019-06-09 14:03:09'),(40,40,76,'2019-03-02 06:34:05'),(41,41,17,'2014-08-22 02:21:39'),(42,42,58,'2017-10-08 02:32:24'),(43,43,39,'2012-10-01 02:18:59'),(44,44,20,'2017-01-06 14:17:36'),(45,45,84,'2014-02-26 17:44:09'),(46,46,57,'2017-03-01 05:20:16'),(47,47,34,'2016-08-26 11:26:59'),(48,48,97,'2014-05-11 05:46:37'),(49,49,82,'2019-11-30 10:37:49'),(50,50,21,'2017-05-24 20:52:33'),(51,51,58,'2017-11-24 20:46:42'),(52,52,26,'2017-10-29 01:28:05'),(53,53,56,'2014-12-24 07:57:03'),(54,54,100,'2018-08-10 20:40:05'),(55,55,34,'2010-04-06 19:59:30'),(56,56,69,'2019-05-17 17:43:00'),(57,57,40,'2012-01-18 18:30:30'),(58,58,94,'2015-07-08 08:12:50'),(59,59,51,'2018-03-27 04:16:59'),(60,60,73,'2011-11-18 15:02:24'),(61,61,8,'2010-07-03 13:19:34'),(62,62,24,'2017-07-07 08:49:30'),(63,63,96,'2018-01-20 21:55:06'),(64,64,4,'2016-10-14 13:53:39'),(65,65,35,'2010-09-12 21:23:35'),(66,66,62,'2017-11-21 00:47:42'),(67,67,4,'2012-08-13 09:04:02'),(68,68,34,'2015-02-09 08:45:20'),(69,69,55,'2019-06-25 23:03:38'),(70,70,74,'2018-12-15 09:43:39'),(71,71,4,'2010-04-16 05:38:14'),(72,72,96,'2017-08-27 01:53:51'),(73,73,69,'2013-10-04 08:30:33'),(74,74,58,'2012-11-26 20:26:38'),(75,75,80,'2011-08-12 23:02:19'),(76,76,25,'2013-08-21 01:44:28'),(77,77,86,'2015-09-25 04:10:23'),(78,78,53,'2013-11-11 13:54:12'),(79,79,9,'2015-12-28 12:39:34'),(80,80,86,'2016-10-11 09:00:49'),(81,81,100,'2019-06-24 10:12:04'),(82,82,42,'2016-10-22 21:25:23'),(83,83,11,'2013-07-07 21:27:51'),(84,84,28,'2012-12-13 15:14:25'),(85,85,4,'2014-12-28 11:58:27'),(86,86,39,'2012-03-02 21:54:28'),(87,87,79,'2018-10-11 20:32:20'),(88,88,81,'2011-02-05 20:05:30'),(89,89,67,'2011-02-18 21:03:49'),(90,90,89,'2017-03-31 20:34:23'),(91,91,47,'2014-02-20 11:55:06'),(92,92,66,'2011-08-29 13:20:07'),(93,93,86,'2012-02-15 06:17:41'),(94,94,35,'2016-08-28 10:19:05'),(95,95,16,'2012-06-05 15:27:07'),(96,96,73,'2011-10-18 17:47:13'),(97,97,18,'2017-07-07 20:58:40'),(98,98,72,'2013-12-11 04:11:41'),(99,99,3,'2016-10-31 12:55:16'),(100,100,1,'2019-07-18 05:44:09'),(101,101,95,'2016-01-02 22:24:25'),(102,102,69,'2010-05-30 14:32:51'),(103,103,63,'2018-03-14 05:05:00'),(104,104,6,'2017-11-04 00:49:28'),(105,105,40,'2016-05-06 13:49:03'),(106,106,82,'2015-12-23 15:38:15'),(107,107,91,'2018-02-12 21:28:56'),(108,108,6,'2011-03-16 13:36:19'),(109,109,57,'2020-01-31 11:05:50'),(110,110,65,'2018-07-13 07:42:46'),(111,111,55,'2012-06-17 07:22:35'),(112,112,79,'2012-09-16 06:25:05'),(113,113,31,'2017-11-22 06:46:17'),(114,114,18,'2018-11-01 13:17:49'),(115,115,96,'2017-05-14 01:01:45'),(116,116,24,'2019-09-10 12:07:05'),(117,117,31,'2011-01-04 02:12:31'),(118,118,85,'2013-03-31 18:29:18'),(119,119,30,'2019-10-29 20:19:11'),(120,120,96,'2010-08-01 10:23:13'),(121,121,91,'2011-04-23 22:45:59'),(122,122,63,'2010-08-25 20:51:13'),(123,123,43,'2015-05-19 05:04:05'),(124,124,23,'2010-08-23 12:06:59'),(125,125,89,'2012-12-08 23:23:11'),(126,126,75,'2015-01-17 17:39:19'),(127,127,8,'2017-11-28 18:27:52'),(128,128,15,'2012-05-24 13:15:21'),(129,129,51,'2017-02-10 05:33:51'),(130,130,8,'2016-05-11 16:16:57'),(131,131,89,'2019-10-08 04:08:32'),(132,132,18,'2013-03-24 19:54:46'),(133,133,25,'2017-11-20 02:29:35'),(134,134,68,'2015-07-07 07:43:17'),(135,135,65,'2010-09-19 01:10:02'),(136,136,21,'2018-03-13 02:12:23'),(137,137,11,'2010-07-23 00:54:53'),(138,138,91,'2011-01-22 09:57:29'),(139,139,21,'2012-07-27 15:10:21'),(140,140,32,'2018-05-24 17:50:59'),(141,141,94,'2017-08-12 12:33:00'),(142,142,76,'2012-08-13 08:30:57'),(143,143,97,'2016-12-01 15:45:37'),(144,144,56,'2019-06-28 11:40:43'),(145,145,88,'2011-06-14 06:20:04'),(146,146,71,'2010-08-27 02:29:12'),(147,147,91,'2012-12-12 09:03:27'),(148,148,40,'2015-10-23 05:22:02'),(149,149,28,'2013-06-22 20:14:26'),(150,150,17,'2017-07-10 16:51:56'),(151,151,3,'2014-09-05 16:14:41'),(152,152,62,'2010-07-13 05:45:40'),(153,153,2,'2014-06-19 05:58:29'),(154,154,22,'2010-12-13 13:41:19'),(155,155,3,'2015-07-04 22:36:16'),(156,156,48,'2019-12-28 11:41:28'),(157,157,32,'2016-05-18 06:30:16'),(158,158,15,'2016-12-24 07:34:50'),(159,159,76,'2016-09-14 06:18:20'),(160,160,38,'2011-12-04 19:40:24'),(161,161,60,'2014-11-03 10:55:26'),(162,162,88,'2012-12-25 06:28:27'),(163,163,56,'2018-11-26 20:00:42'),(164,164,18,'2016-03-26 03:57:58'),(165,165,20,'2017-07-06 03:22:52'),(166,166,44,'2018-11-11 21:15:12'),(167,167,60,'2013-05-16 04:10:45'),(168,168,69,'2012-11-24 18:03:57'),(169,169,63,'2018-05-19 18:13:20'),(170,170,7,'2019-04-17 02:07:41'),(171,171,45,'2014-08-26 12:41:25'),(172,172,6,'2019-06-20 15:25:54'),(173,173,95,'2017-11-28 22:47:09'),(174,174,57,'2011-10-01 11:28:06'),(175,175,98,'2016-01-28 15:00:13'),(176,176,21,'2017-04-01 15:03:50'),(177,177,8,'2012-09-16 12:23:41'),(178,178,77,'2016-04-18 08:26:40'),(179,179,59,'2014-04-28 08:41:20'),(180,180,63,'2011-07-14 18:44:13'),(181,181,41,'2011-03-15 13:12:18'),(182,182,13,'2014-05-05 12:51:34'),(183,183,40,'2017-04-03 15:09:55'),(184,184,64,'2018-02-08 17:30:04'),(185,185,98,'2016-10-09 08:28:42'),(186,186,96,'2015-07-02 02:14:39'),(187,187,88,'2010-09-23 14:12:26'),(188,188,51,'2015-03-11 17:05:52'),(189,189,91,'2011-10-14 13:18:11'),(190,190,3,'2017-05-17 13:48:37'),(191,191,38,'2010-12-02 11:42:37'),(192,192,84,'2017-12-30 16:10:51'),(193,193,3,'2012-04-11 13:25:56'),(194,194,63,'2013-08-11 00:23:07'),(195,195,8,'2012-02-01 13:31:52'),(196,196,48,'2014-01-04 16:38:33'),(197,197,14,'2018-09-21 07:26:31'),(198,198,29,'2018-11-13 13:21:24'),(199,199,1,'2015-06-28 16:18:37'),(200,200,18,'2012-01-16 21:16:54'),(201,1,85,'2015-09-11 22:04:35'),(202,2,71,'2012-11-06 21:55:57'),(203,3,100,'2010-09-22 15:23:30'),(204,4,85,'2015-04-08 07:03:03'),(205,5,25,'2014-07-16 15:11:13'),(206,6,70,'2020-01-31 17:36:00'),(207,7,76,'2012-08-28 01:18:29'),(208,8,69,'2017-01-14 16:21:26'),(209,9,17,'2016-05-17 20:57:47'),(210,10,78,'2018-07-15 00:29:45'),(211,11,37,'2015-09-03 17:48:21'),(212,12,50,'2017-08-16 04:10:56'),(213,13,38,'2010-06-25 15:45:55'),(214,14,42,'2015-11-03 19:01:14'),(215,15,92,'2019-09-12 01:04:57'),(216,16,37,'2010-12-05 14:13:42'),(217,17,6,'2017-04-11 19:50:13'),(218,18,8,'2013-03-17 14:03:43'),(219,19,72,'2019-03-13 03:35:18'),(220,20,7,'2010-11-26 01:13:19'),(221,21,17,'2013-04-14 07:05:22'),(222,22,63,'2018-04-02 22:14:18'),(223,23,66,'2010-05-17 04:47:50'),(224,24,38,'2011-07-30 21:46:21'),(225,25,94,'2016-12-29 09:06:25'),(226,26,54,'2012-08-01 23:34:53'),(227,27,87,'2012-06-18 07:56:21'),(228,28,74,'2010-05-31 07:49:58'),(229,29,10,'2013-07-15 23:03:53'),(230,30,25,'2015-08-09 15:08:24'),(231,31,94,'2019-06-30 04:09:12'),(232,32,94,'2014-11-07 04:20:40'),(233,33,88,'2014-07-01 11:44:29'),(234,34,56,'2013-08-05 07:43:56'),(235,35,16,'2011-01-24 02:33:02'),(236,36,10,'2018-05-28 02:02:34'),(237,37,3,'2012-10-19 10:12:12'),(238,38,86,'2013-03-09 13:09:36'),(239,39,18,'2017-04-28 01:41:46'),(240,40,33,'2017-10-06 06:07:52'),(241,41,11,'2012-11-25 21:43:40'),(242,42,56,'2013-10-28 16:22:24'),(243,43,44,'2017-11-03 10:05:50'),(244,44,54,'2019-12-07 02:49:44'),(245,45,36,'2012-09-12 07:05:28'),(246,46,18,'2016-07-24 18:49:15'),(247,47,80,'2016-09-11 12:50:13'),(248,48,45,'2017-01-09 04:08:32'),(249,49,85,'2014-07-06 10:03:22'),(250,50,89,'2014-07-01 10:50:58'),(251,51,89,'2016-04-11 14:47:21'),(252,52,79,'2015-07-28 21:27:04'),(253,53,28,'2015-09-12 00:38:35'),(254,54,100,'2016-08-18 10:13:52'),(255,55,18,'2017-06-24 07:14:57'),(256,56,88,'2020-01-10 23:46:45'),(257,57,85,'2017-04-24 13:38:50'),(258,58,60,'2011-02-07 22:47:48'),(259,59,44,'2017-06-22 13:41:49'),(260,60,42,'2012-10-09 21:52:32'),(261,61,77,'2013-06-24 20:44:56'),(262,62,57,'2015-05-22 05:17:17'),(263,63,54,'2014-02-21 17:42:42'),(264,64,98,'2015-06-08 19:18:37'),(265,65,28,'2018-12-24 14:17:50'),(266,66,47,'2013-12-23 12:54:04'),(267,67,48,'2010-09-10 06:14:12'),(268,68,1,'2017-04-03 01:37:18'),(269,69,61,'2012-11-03 14:16:02'),(270,70,99,'2012-09-04 12:39:51'),(271,71,12,'2015-07-18 02:03:09'),(272,72,65,'2016-04-09 04:58:59'),(273,73,86,'2017-08-05 07:47:51'),(274,74,33,'2011-05-17 02:13:43'),(275,75,10,'2011-04-21 13:58:26'),(276,76,49,'2019-11-24 04:05:11'),(277,77,13,'2018-12-26 21:51:01'),(278,78,19,'2014-01-23 17:36:00'),(279,79,57,'2011-10-14 02:34:03'),(280,80,27,'2018-04-07 14:21:02'),(281,81,63,'2013-05-22 00:32:39'),(282,82,34,'2015-07-20 19:36:24'),(283,83,79,'2017-07-10 15:46:25'),(284,84,93,'2014-12-13 19:02:37'),(285,85,27,'2012-07-31 13:10:52'),(286,86,58,'2019-05-14 07:14:47'),(287,87,5,'2017-08-20 02:23:30'),(288,88,52,'2016-10-28 20:49:30'),(289,89,45,'2017-02-20 11:38:05'),(290,90,69,'2010-11-09 06:43:57'),(291,91,9,'2019-02-03 09:18:28'),(292,92,38,'2013-07-22 20:19:46'),(293,93,64,'2014-07-07 22:54:22'),(294,94,3,'2010-12-29 04:50:54'),(295,95,22,'2014-01-14 03:58:53'),(296,96,100,'2016-03-15 02:12:03'),(297,97,33,'2014-08-27 06:09:10'),(298,98,66,'2011-11-05 15:54:15'),(299,99,30,'2016-12-24 22:44:23'),(300,100,53,'2017-02-25 12:41:08'),(301,101,76,'2011-04-20 14:23:01'),(302,102,17,'2020-03-09 22:48:02'),(303,103,58,'2012-09-04 21:40:14'),(304,104,39,'2016-10-27 03:50:09'),(305,105,21,'2015-06-29 00:56:03'),(306,106,87,'2014-06-16 18:35:57'),(307,107,73,'2014-09-26 01:40:50'),(308,108,3,'2019-10-19 18:02:34'),(309,109,95,'2014-06-26 13:56:57'),(310,110,65,'2014-02-04 03:29:10'),(311,111,40,'2016-04-23 08:01:25'),(312,112,3,'2020-01-03 00:57:43'),(313,113,93,'2019-03-27 01:47:36'),(314,114,59,'2017-08-28 22:28:20'),(315,115,13,'2018-10-01 01:39:16'),(316,116,90,'2017-03-26 03:34:52'),(317,117,11,'2012-03-02 15:25:18'),(318,118,85,'2019-07-09 19:19:56'),(319,119,90,'2010-08-28 10:16:38'),(320,120,95,'2019-07-06 17:21:17'),(321,121,4,'2011-06-19 01:21:24'),(322,122,34,'2012-06-05 06:56:23'),(323,123,57,'2017-11-02 06:38:22'),(324,124,81,'2016-02-16 21:14:33'),(325,125,36,'2012-04-18 05:31:13'),(326,126,36,'2018-03-15 23:06:20'),(327,127,72,'2012-10-27 12:10:06'),(328,128,50,'2012-08-28 12:06:23'),(329,129,34,'2012-10-26 17:55:23'),(330,130,21,'2019-05-02 12:49:52'),(331,131,4,'2010-05-09 02:11:49'),(332,132,53,'2018-02-05 14:36:54'),(333,133,56,'2013-09-27 08:16:15'),(334,134,18,'2012-10-05 23:04:33'),(335,135,23,'2010-03-26 19:42:15'),(336,136,60,'2013-07-25 08:33:04'),(337,137,29,'2017-04-04 23:22:21'),(338,138,65,'2017-02-24 01:49:34'),(339,139,38,'2017-12-06 13:25:35'),(340,140,96,'2013-01-20 18:22:37'),(341,141,65,'2010-08-29 14:43:56'),(342,142,35,'2018-08-24 12:32:10'),(343,143,82,'2011-04-15 02:54:24'),(344,144,3,'2015-11-03 16:33:39'),(345,145,71,'2019-01-05 21:57:37'),(346,146,43,'2014-04-12 14:22:16'),(347,147,3,'2018-03-15 08:46:10'),(348,148,84,'2017-09-09 05:24:20'),(349,149,10,'2011-01-26 20:20:37'),(350,150,97,'2017-09-20 10:44:49'),(351,151,55,'2015-09-17 21:48:52'),(352,152,86,'2016-03-27 01:41:33'),(353,153,62,'2018-03-09 03:16:03'),(354,154,53,'2012-11-10 16:14:57'),(355,155,76,'2019-03-09 02:13:57'),(356,156,21,'2012-01-23 20:26:30'),(357,157,77,'2011-07-02 09:16:35'),(358,158,21,'2012-12-12 14:43:19'),(359,159,72,'2011-06-20 04:25:38'),(360,160,97,'2011-10-04 19:16:34'),(361,161,68,'2015-06-12 17:16:20'),(362,162,50,'2017-07-09 09:53:04'),(363,163,44,'2015-12-21 00:31:00'),(364,164,72,'2014-04-05 12:57:45'),(365,165,26,'2014-08-15 10:56:35'),(366,166,12,'2018-08-02 04:45:07'),(367,167,85,'2015-12-05 14:24:54'),(368,168,86,'2014-03-19 06:59:04'),(369,169,74,'2018-09-26 21:02:38'),(370,170,11,'2014-08-13 03:45:39'),(371,171,33,'2019-08-08 13:24:54'),(372,172,30,'2012-10-07 00:35:58'),(373,173,53,'2020-01-30 11:58:47'),(374,174,76,'2016-04-08 06:25:28'),(375,175,18,'2018-08-11 18:14:16'),(376,176,61,'2011-04-17 09:44:32'),(377,177,52,'2020-02-25 19:19:42'),(378,178,75,'2010-06-28 16:59:06'),(379,179,21,'2018-03-11 08:09:35'),(380,180,78,'2015-01-03 03:34:25'),(381,181,25,'2012-12-24 14:03:40'),(382,182,93,'2018-12-17 21:31:35'),(383,183,88,'2019-06-11 12:47:28'),(384,184,59,'2018-10-30 17:11:03'),(385,185,31,'2012-03-19 19:36:32'),(386,186,78,'2011-12-18 12:05:34'),(387,187,95,'2014-10-12 01:08:46'),(388,188,40,'2015-06-25 00:08:53'),(389,189,16,'2017-10-22 01:42:59'),(390,190,58,'2015-01-15 00:30:13'),(391,191,43,'2020-02-07 17:45:12'),(392,192,39,'2013-02-15 13:18:10'),(393,193,67,'2012-06-25 14:16:45'),(394,194,17,'2019-12-14 15:49:33'),(395,195,85,'2011-07-19 08:13:45'),(396,196,73,'2015-01-06 23:26:07'),(397,197,10,'2017-08-20 09:32:32'),(398,198,30,'2015-02-27 01:32:24'),(399,199,21,'2013-06-12 04:35:02'),(400,200,13,'2017-01-05 20:21:20'),(401,1,53,'2017-01-24 09:46:30'),(402,2,67,'2019-09-11 20:47:59'),(403,3,32,'2018-08-15 06:15:45'),(404,4,59,'2016-09-13 19:00:14'),(405,5,97,'2020-01-03 16:17:36'),(406,6,7,'2015-08-10 16:51:29'),(407,7,46,'2011-09-01 08:51:23'),(408,8,43,'2015-11-27 13:51:20'),(409,9,2,'2011-05-23 19:10:15'),(410,10,84,'2012-06-15 08:53:43'),(411,11,16,'2012-03-09 10:36:32'),(412,12,24,'2013-10-05 11:10:03'),(413,13,74,'2020-03-15 01:16:58'),(414,14,97,'2016-08-12 12:25:44'),(415,15,61,'2018-02-21 00:33:44'),(416,16,13,'2012-05-17 19:21:58'),(417,17,82,'2018-12-28 14:05:09'),(418,18,69,'2019-05-25 03:39:35'),(419,19,1,'2017-02-11 17:02:55'),(420,20,97,'2018-06-27 17:44:31'),(421,21,82,'2013-06-19 15:06:20'),(422,22,17,'2014-04-21 08:17:03'),(423,23,38,'2016-02-10 22:42:02'),(424,24,41,'2016-04-22 09:00:05'),(425,25,91,'2013-06-08 00:42:49'),(426,26,30,'2010-12-13 20:23:34'),(427,27,76,'2014-05-16 13:04:14'),(428,28,91,'2012-03-22 02:35:42'),(429,29,26,'2018-09-06 21:17:24'),(430,30,55,'2014-08-02 05:55:43'),(431,31,97,'2011-01-30 01:20:43'),(432,32,20,'2019-01-04 21:31:34'),(433,33,8,'2014-11-18 00:21:49'),(434,34,79,'2019-08-09 05:06:56'),(435,35,71,'2013-01-25 14:38:29'),(436,36,16,'2019-03-15 07:55:04'),(437,37,69,'2014-12-11 08:21:43'),(438,38,97,'2018-10-06 19:50:04'),(439,39,77,'2014-04-06 06:14:07'),(440,40,92,'2017-06-25 07:59:12'),(441,41,29,'2012-01-13 03:44:31'),(442,42,70,'2010-07-06 16:42:54'),(443,43,63,'2010-08-28 14:32:55'),(444,44,5,'2012-05-26 00:51:55'),(445,45,33,'2012-01-29 08:09:03'),(446,46,51,'2018-12-05 07:31:18'),(447,47,57,'2015-06-22 00:50:03'),(448,48,31,'2013-12-25 00:08:43'),(449,49,85,'2015-08-28 16:24:24'),(450,50,30,'2014-05-12 16:48:24'),(451,51,93,'2011-11-13 15:00:10'),(452,52,74,'2014-06-03 07:53:20'),(453,53,94,'2010-11-29 14:19:47'),(454,54,44,'2017-07-25 20:16:36'),(455,55,38,'2018-06-02 07:08:33'),(456,56,58,'2012-05-08 22:56:03'),(457,57,74,'2019-01-02 04:27:11'),(458,58,99,'2019-04-14 13:51:27'),(459,59,69,'2017-12-19 15:06:42'),(460,60,48,'2019-03-20 16:38:44'),(461,61,34,'2010-06-27 06:53:15'),(462,62,23,'2019-02-27 00:40:09'),(463,63,13,'2019-04-07 00:26:00'),(464,64,98,'2019-11-27 19:35:26'),(465,65,48,'2016-02-14 01:20:24'),(466,66,45,'2012-11-30 09:38:08'),(467,67,81,'2016-07-05 14:56:03'),(468,68,70,'2014-09-12 19:28:06'),(469,69,8,'2017-03-21 15:03:43'),(470,70,29,'2019-04-11 02:58:30'),(471,71,22,'2017-03-14 03:59:30'),(472,72,20,'2017-06-03 13:44:51'),(473,73,33,'2013-07-05 03:50:57'),(474,74,5,'2015-11-04 19:04:32'),(475,75,25,'2012-03-07 23:44:14'),(476,76,11,'2013-01-24 20:23:33'),(477,77,80,'2015-10-19 11:45:58'),(478,78,67,'2017-02-22 21:32:08'),(479,79,95,'2010-11-05 19:25:13'),(480,80,74,'2013-01-06 15:29:16'),(481,81,83,'2015-08-04 00:28:58'),(482,82,92,'2020-01-23 18:00:45'),(483,83,11,'2011-07-11 07:20:28'),(484,84,78,'2019-06-04 16:52:31'),(485,85,59,'2017-07-23 10:09:57'),(486,86,59,'2017-08-31 18:10:06'),(487,87,17,'2016-12-01 20:57:53'),(488,88,9,'2013-12-20 00:50:22'),(489,89,91,'2015-09-25 07:50:14'),(490,90,30,'2013-12-02 12:57:30'),(491,91,77,'2012-10-06 13:35:02'),(492,92,55,'2018-10-21 18:01:15'),(493,93,30,'2020-01-01 19:07:46'),(494,94,72,'2018-06-29 00:05:38'),(495,95,72,'2016-04-08 08:33:54'),(496,96,44,'2016-08-17 10:26:08'),(497,97,3,'2012-04-28 15:39:18'),(498,98,81,'2012-10-06 12:59:16'),(499,99,98,'2010-07-28 08:57:19'),(500,100,44,'2012-09-16 11:43:56');
/*!40000 ALTER TABLE `rates` ENABLE KEYS */;
UNLOCK TABLES;

--
-- Table structure for table `reviews`
--

DROP TABLE IF EXISTS `reviews`;
/*!40101 SET @saved_cs_client     = @@character_set_client */;
/*!50503 SET character_set_client = utf8mb4 */;
CREATE TABLE `reviews` (
  `id` int unsigned NOT NULL AUTO_INCREMENT,
  `user_id` int unsigned NOT NULL,
  `ad_id` int unsigned NOT NULL,
  `body` text,
  `created_at` datetime DEFAULT CURRENT_TIMESTAMP,
  PRIMARY KEY (`id`),
  UNIQUE KEY `id` (`id`,`user_id`,`ad_id`),
  KEY `reviews_user_id_fk` (`user_id`),
  KEY `reviews_ad_id_fk` (`ad_id`),
  CONSTRAINT `reviews_ad_id_fk` FOREIGN KEY (`ad_id`) REFERENCES `ads` (`id`),
  CONSTRAINT `reviews_user_id_fk` FOREIGN KEY (`user_id`) REFERENCES `users` (`id`)
) ENGINE=InnoDB AUTO_INCREMENT=501 DEFAULT CHARSET=utf8mb4 COLLATE=utf8mb4_0900_ai_ci;
/*!40101 SET character_set_client = @saved_cs_client */;

--
-- Dumping data for table `reviews`
--

LOCK TABLES `reviews` WRITE;
/*!40000 ALTER TABLE `reviews` DISABLE KEYS */;
INSERT INTO `reviews` VALUES (1,147,57,'Amet praesentium rerum expedita magnam. Fugiat reiciendis qui consequatur eos quam. Autem enim fugit non voluptas in voluptas quos. Sit tenetur et occaecati eos velit aut et.','2010-12-25 10:59:26'),(2,115,40,'Aut consequatur reiciendis quos sequi nemo vel porro. Sed occaecati voluptatem quia qui delectus. Totam aliquid at sed dicta officia. Repudiandae in cum nam velit magni dolor.','2012-07-10 01:16:02'),(3,161,24,'Soluta ut sequi illo dolorem omnis nemo non. Est aut aut debitis qui. Temporibus unde mollitia aut et ab in enim non.','2016-10-14 15:43:49'),(4,174,13,'Sed modi ratione expedita non consectetur et quod ullam. Porro et laborum aliquid repellendus veniam harum. Tempore id accusantium rem earum qui corrupti similique. Temporibus possimus quisquam distinctio inventore tempore amet.','2018-03-25 20:38:35'),(5,171,90,'Consequuntur esse et velit sequi dolores. Repellat tenetur et aperiam ullam molestiae minus et expedita.','2012-08-20 22:38:49'),(6,176,48,'Repudiandae placeat non aut voluptate rerum consequatur. Sapiente saepe aperiam reprehenderit cupiditate nisi doloremque rerum porro. Eum dolorum distinctio dolorum.','2018-04-23 22:14:56'),(7,124,55,'Est voluptatibus voluptatem dignissimos quia et odio. Voluptatibus velit dolorem doloremque totam illo debitis culpa deserunt. Reiciendis voluptas molestiae et quibusdam facilis dolores fugiat.','2012-11-06 00:46:00'),(8,158,64,'Natus est illum sed. Nam assumenda et aut placeat repellat quae. Libero et ut alias necessitatibus. Consequatur aut non assumenda eligendi ut tenetur quaerat. Ut voluptates omnis saepe quo dolores veniam.','2016-09-12 06:37:27'),(9,176,7,'Culpa aut nobis atque quas. Dolore libero quo ut ut. Quod inventore sint quaerat non temporibus totam. Labore quis mollitia quos aut.','2016-02-12 04:25:31'),(10,190,86,'Voluptatibus occaecati dolor rerum ea. In fugit sint nostrum omnis. Consequatur exercitationem id ut consectetur porro ut. Numquam delectus cum et excepturi voluptatem sapiente soluta.','2017-01-26 00:46:05'),(11,143,69,'Temporibus consequatur saepe quos occaecati quia deleniti. Dicta ea soluta qui ea qui autem. Et et voluptas blanditiis officia dolorem.','2013-05-14 12:09:41'),(12,189,38,'Sit est sunt temporibus et. Architecto sit ut illo corporis.','2013-07-20 03:49:40'),(13,181,14,'Ut sed incidunt aut. Pariatur rerum aliquid aut quae modi qui.','2018-01-02 01:05:25'),(14,155,96,'Nostrum pariatur molestiae omnis at voluptatem enim. Qui quia ut repellat laudantium quas sint similique. Et voluptatem dolorem ut ratione excepturi molestias. Sed aliquid quod ut unde. Unde aut et ullam temporibus ratione iusto.','2017-04-02 13:18:49'),(15,150,57,'Ut illum eligendi velit unde laboriosam. Necessitatibus voluptas expedita incidunt sapiente. Fugit ut ipsam cum sit.','2015-04-07 05:58:27'),(16,103,52,'Commodi id omnis quae maiores est. Maiores consequatur et quia esse quia est. Et laboriosam eius quidem omnis.','2015-02-16 17:41:32'),(17,160,63,'Architecto officia et qui magni voluptatem quis incidunt qui. Rerum odit voluptatem perferendis quibusdam. Non sed aut ipsa. Atque in quis vel voluptas.','2013-01-09 13:42:09'),(18,172,71,'Accusantium sit nemo animi quidem. Explicabo doloremque iusto porro alias et. Eius hic tenetur nulla ratione incidunt. Corrupti nihil optio doloremque distinctio dicta ex veritatis. Tempora ducimus similique ipsam incidunt voluptas.','2010-10-19 12:49:08'),(19,116,45,'Hic ipsam labore quod deserunt nemo doloremque. Impedit mollitia dolores necessitatibus quas. Sequi dolorum voluptates aperiam qui.','2016-06-19 01:00:01'),(20,130,48,'Beatae autem autem et excepturi soluta omnis. Unde atque provident vitae dolores. Sed veniam sed asperiores autem ipsam. Atque delectus ea numquam ullam nam nihil ullam.','2016-05-31 04:22:09'),(21,122,89,'Nisi eos necessitatibus officia est. Asperiores aut deleniti quia quidem praesentium. Neque necessitatibus odit esse sit eligendi ut aliquid.','2015-11-05 15:51:15'),(22,190,92,'Porro ut inventore repellat non adipisci inventore voluptatem ea. Reiciendis fugit quia perspiciatis dolorum consectetur. Earum velit eligendi voluptatem sint aut quibusdam accusantium.','2013-01-09 09:40:30'),(23,165,80,'Quae modi possimus nesciunt aliquid dignissimos unde libero. Aspernatur mollitia quia atque assumenda quo rerum. Soluta molestiae ipsam voluptatem quos.','2016-02-29 17:13:02'),(24,198,19,'Eum voluptates molestias nesciunt aliquam. Omnis doloribus in enim non. Quod quia eveniet molestiae odit.','2018-06-22 21:26:27'),(25,132,38,'Sed quo laudantium nihil laborum delectus sit. Doloribus deserunt optio eligendi vel rerum nesciunt. Voluptatem dignissimos eos sapiente provident odit corrupti mollitia.','2018-01-02 19:20:59'),(26,122,87,'Iure est suscipit cupiditate rerum dolores at. Qui sit hic odit quis voluptatem est qui culpa. Ad sunt exercitationem quas voluptatibus. Minus voluptas voluptatem voluptates ut architecto consequuntur sit. Non expedita iusto tenetur velit doloribus nemo consectetur.','2018-05-03 09:00:38'),(27,159,51,'Ut eos sed autem commodi. Molestiae nulla eveniet harum. Qui sed velit optio autem voluptatem. Sed fugit quae minus.','2015-02-11 13:44:44'),(28,130,45,'Voluptatem doloribus rerum saepe id qui. Voluptatem commodi magnam et et laborum. Quia quae aut odio et sint velit eum sed.','2015-02-25 15:57:02'),(29,165,74,'Aspernatur ex voluptas reiciendis iure tempore. Voluptatum iure fugit blanditiis optio. Cumque molestias id autem eum sed eos.','2013-12-29 21:54:47'),(30,131,68,'Neque iste enim reprehenderit sed exercitationem accusamus sit. Illo doloremque et dolor praesentium. Earum commodi aspernatur itaque.','2011-05-16 05:21:25'),(31,173,99,'Et nesciunt cum asperiores hic. Ut porro omnis numquam natus provident molestias. Tempora nisi voluptatum quia aliquid maxime vero vero. Commodi facere hic et esse pariatur dolorem amet dicta.','2019-01-26 08:32:31'),(32,170,51,'Adipisci omnis numquam qui modi officiis laudantium. Aut praesentium officia eveniet consequatur temporibus aut. Tenetur asperiores non harum neque. Debitis sunt molestiae reprehenderit maiores id minus consequatur. Cupiditate laboriosam sed assumenda eum.','2018-10-29 12:13:55'),(33,180,50,'Voluptas repellat sint incidunt voluptatem sed. Odio vel consequuntur ut consequuntur et tempore totam. Distinctio expedita impedit facere iure totam error accusamus. Laborum dolorem id ut ea vitae assumenda et non.','2016-03-14 21:04:30'),(34,178,97,'Maiores alias mollitia ea aut eum. Voluptatem qui voluptatum corporis pariatur suscipit perspiciatis qui. Aut aliquam reiciendis corrupti. Nemo nam voluptatem consequatur commodi.','2018-08-08 23:06:59'),(35,154,93,'Qui quia amet eveniet ut voluptates. Sequi velit consectetur quos nesciunt eius voluptas quaerat. Fuga id occaecati atque totam perferendis iste.','2010-11-21 16:13:38'),(36,186,36,'Ad perferendis animi ea et qui a quo. Aut vero non eius consectetur ullam voluptatum eum. Quia voluptatibus incidunt officia.','2017-05-25 19:30:01'),(37,185,79,'Officia sapiente ipsum possimus enim ut. Quidem eum similique repellendus laudantium veritatis qui sequi. Est et quidem natus ut qui. Voluptates animi velit tenetur autem. Sed iure eligendi molestiae sit.','2018-02-21 18:35:00'),(38,120,52,'Error veniam nesciunt soluta provident vel. Omnis quia a nesciunt odit doloremque. Quidem sit sit iusto magnam dignissimos id.','2012-10-21 05:20:43'),(39,189,83,'Voluptatem facere labore aut quo dolor illum. Eos facilis quos molestiae voluptas ut officiis aspernatur. Provident reprehenderit magnam velit sed eligendi deleniti mollitia. Vel impedit dolorum quia repellendus qui eius ut.','2010-07-25 05:56:52'),(40,137,66,'Beatae eos velit iste ea in. Aut repellendus illo doloremque praesentium corporis quasi. Et eaque quis dolorum numquam nam. Architecto eum cupiditate laudantium sequi iusto.','2010-09-26 00:27:12'),(41,152,9,'Aut et doloribus rerum ex. Neque in et eum assumenda labore. Ut facilis quo harum ut qui magnam quas. Cumque dolores esse voluptatem est officiis rerum distinctio. Rerum quam porro beatae error dicta magni rerum.','2013-10-19 07:25:03'),(42,192,73,'Sed voluptatem quod cumque aut nihil facilis vel ut. Ad tempora aut libero voluptatum ratione ut. Nesciunt assumenda eos iste neque reiciendis neque nam dolorem.','2018-06-21 12:23:34'),(43,110,13,'Fugit quibusdam rem suscipit fuga dolores. Et cupiditate consequatur ut architecto pariatur. Aperiam aut quia et qui molestias tempora itaque. Minima perspiciatis quisquam ea.','2012-10-15 19:39:11'),(44,163,42,'Perferendis voluptatum est est officiis cupiditate officia ut. Veritatis vero corporis maiores et. Velit voluptas quisquam recusandae similique eum et doloremque. Debitis possimus voluptas quia ut est voluptas. Officia ea repellat et nihil minus consequatur totam.','2011-04-18 23:13:24'),(45,115,71,'Sit impedit sint quam dolore enim. Deserunt ut et nihil sit sed. Laudantium cumque quo laudantium consequatur molestiae molestiae. Et molestias ipsum et fuga rerum earum numquam. Doloribus maiores voluptatibus aspernatur ut repellendus eum voluptas.','2015-06-11 15:17:32'),(46,178,12,'Nihil dolores culpa et necessitatibus. Rerum velit et dolor repellendus atque. Tempore qui in animi.','2012-01-02 19:47:47'),(47,164,95,'Reiciendis pariatur enim qui vel. Sit consectetur necessitatibus molestias et. Non cupiditate dolores magni omnis. Expedita distinctio odit cumque voluptatem alias.','2012-10-27 00:08:27'),(48,129,67,'Sapiente quas rerum voluptatum. Quia odit voluptatem qui sit voluptatum. Quibusdam quis nihil et soluta consectetur fuga. Sapiente consequatur ipsam nisi aut.','2012-08-11 00:32:04'),(49,171,11,'Sequi asperiores porro perspiciatis ducimus officiis. Et in ducimus assumenda natus dolor et. Accusantium expedita et et modi molestiae doloribus. Voluptatem numquam minus a consequatur molestias et impedit.','2019-10-30 23:03:28'),(50,157,79,'Culpa at praesentium enim ut eum nesciunt consequuntur. Vel iusto id ex porro id. Non dolores architecto eligendi. Molestiae quidem voluptatem explicabo non eius nesciunt. Explicabo maiores itaque ut aut sint facilis distinctio non.','2017-04-18 18:35:40'),(51,107,96,'Illum placeat velit porro sunt eum molestiae non. Et sed mollitia quaerat consequatur quibusdam eum. Qui atque nihil consequatur voluptate illo quas assumenda.','2016-03-04 09:05:35'),(52,133,8,'Dolorum officia ratione minima in aliquam consectetur velit non. Tempore est quasi quis libero consectetur. Alias aut aspernatur corporis ut in. Autem sunt vel modi autem corporis nesciunt consequuntur. Error et voluptatibus facilis at quis maxime aut.','2014-06-10 02:42:00'),(53,178,59,'Quisquam commodi numquam sapiente et sint optio. Nihil dolore non et eos voluptates fugit. Nostrum dolores unde dolor et eligendi ad. Voluptatibus labore cum sunt eligendi consectetur dolores omnis esse.','2011-12-11 06:59:04'),(54,138,16,'Ut exercitationem velit aut et. Ea illum consequatur voluptate eos. Voluptas temporibus provident ducimus recusandae. Et dolorum labore aut repellat explicabo.','2017-10-19 18:47:10'),(55,195,73,'Aut sit vel aut ut asperiores sed dolores id. Id quisquam reiciendis veniam incidunt animi veritatis.','2019-11-11 10:24:58'),(56,116,99,'Aliquid aut porro veniam necessitatibus assumenda ut. Earum voluptas a quidem facilis nobis aspernatur voluptas. Tenetur perspiciatis quas perferendis omnis.','2017-08-16 15:40:22'),(57,150,11,'Dolor soluta quis fuga praesentium. Nemo et et est atque repellat eum. Ratione rerum nisi magnam quae. Est soluta sequi perferendis maxime et rerum voluptas.','2010-06-08 21:02:35'),(58,121,55,'Sint temporibus rerum magnam modi et. Totam aspernatur ut omnis rerum at porro. Eum corrupti cumque optio aliquid odio alias.','2015-03-12 02:14:24'),(59,117,81,'Optio velit cumque nam sint id eum cum. Labore voluptas et cum pariatur ea repellendus.','2014-07-29 18:46:05'),(60,196,81,'Eveniet dignissimos nesciunt consequatur consequatur perferendis. Beatae consectetur delectus qui inventore aut. Repellat rem minima magni rem modi molestiae deleniti autem.','2012-06-27 20:13:32'),(61,169,82,'Quidem excepturi aspernatur nihil qui recusandae. Ut non saepe et esse quis autem minus. Aliquam accusamus aspernatur cupiditate nostrum ipsam sit consequatur perspiciatis. Odit quisquam molestiae sit distinctio autem qui.','2017-06-15 18:49:16'),(62,192,2,'Omnis ratione odit magnam natus. Tempora eligendi et voluptatem. Minima exercitationem illum odio. Repellat sint eius rerum aliquam at dignissimos.','2015-11-12 14:49:25'),(63,115,77,'Consequuntur ipsam iusto quae totam nulla rem. Eum soluta nobis expedita alias ut dolor tempora id. Expedita maxime ut quis. Et nesciunt molestiae architecto et cupiditate.','2018-05-29 19:21:11'),(64,106,99,'Eius mollitia repellat ea consequatur quibusdam sapiente soluta. At delectus exercitationem sit sint vitae. Commodi explicabo reprehenderit voluptas eius cupiditate consequatur dolorem. Ipsam aut eveniet placeat eligendi maxime placeat molestias. Neque recusandae dolores qui soluta eum molestiae rerum.','2013-09-25 05:46:27'),(65,162,71,'Ipsam maiores minima sapiente. Inventore doloremque molestias velit sed doloribus. Delectus velit veniam excepturi culpa consequatur.','2012-01-09 22:00:56'),(66,191,41,'Quisquam laborum libero id perspiciatis rem ut. Quaerat et voluptatum nisi dolor voluptatum non corrupti. Officiis impedit maxime quos maiores. At consectetur quod qui cupiditate.','2011-06-13 14:25:17'),(67,176,93,'Nobis aut in labore eveniet sunt. Dolores ut necessitatibus est. Nobis aliquam quae velit fugit et autem.','2013-09-15 06:18:55'),(68,117,51,'Qui dicta architecto est rem. Dolorem doloremque explicabo voluptatum. Dolorem labore cumque sunt necessitatibus consequatur. Rem sequi odit consequuntur perferendis distinctio reprehenderit et quaerat. Architecto porro corporis rerum ut omnis totam.','2014-08-28 21:29:26'),(69,177,61,'Quis qui et esse quos excepturi. Similique vitae magni soluta saepe autem incidunt. Aliquid molestiae maxime iusto quaerat labore quod nihil.','2011-06-08 09:44:23'),(70,104,94,'A dolor optio eligendi. Vitae adipisci sint at rerum eos in earum nulla. Sed nam explicabo mollitia velit tempore ea eaque.','2018-08-18 04:17:37'),(71,112,21,'Nihil dolorem occaecati tempora qui eum et velit. Iste in magnam id aut.','2010-11-26 13:30:07'),(72,141,42,'Velit laborum omnis delectus qui in. Perferendis necessitatibus commodi a. Excepturi assumenda aliquam iste inventore odit. Et pariatur quis at sed.','2013-08-20 17:13:19'),(73,172,8,'Voluptas quia saepe eveniet illum. Omnis nobis consequatur eos laboriosam vero. At impedit ut quas atque enim.','2014-03-15 13:27:10'),(74,184,24,'Sit molestiae rerum aspernatur optio repellendus consequatur deserunt. Laudantium assumenda quis esse odit nostrum quo. Magnam suscipit et sit. Nobis omnis veritatis neque blanditiis ab dignissimos.','2011-02-16 12:20:56'),(75,147,66,'Nisi aperiam eius provident illum. Provident pariatur quae labore quisquam et qui in. Ut quia dolor cumque impedit eum reprehenderit amet. Quod voluptatem repellendus quod facilis vel ut pariatur harum.','2017-09-26 21:38:59'),(76,160,98,'Odit ea sapiente placeat soluta. Ipsum consectetur ex ea qui earum repellendus. Nihil nemo quam pariatur maiores. Laboriosam et et qui asperiores. Nisi corrupti a reprehenderit architecto voluptates.','2019-06-12 16:35:14'),(77,121,54,'Ea quisquam cum et illum quos. Sed fugit illo blanditiis ut laudantium natus aperiam.','2010-10-29 09:36:00'),(78,145,44,'Quia molestiae ut in et quidem harum. Ut ipsam excepturi eos odit laudantium in omnis. Exercitationem doloribus sit animi ut. Est sit reiciendis corporis a qui enim voluptas dolorum. Autem architecto autem nihil error ut totam facere magnam.','2014-07-12 10:46:54'),(79,194,89,'Reiciendis corrupti nisi sunt eos et ipsa excepturi. Illo occaecati expedita earum. Eum eligendi libero sit aut vel eum.','2014-05-20 02:49:26'),(80,114,43,'Nulla alias et cum. Laudantium veritatis itaque atque aut sit harum autem. Necessitatibus est veritatis nesciunt qui et consectetur autem.','2014-08-28 09:26:47'),(81,152,59,'Qui nisi nobis vitae consequatur et animi minima. Aut beatae placeat itaque ut tempore delectus. Earum quia qui in molestias.','2013-01-10 22:58:56'),(82,140,23,'Labore sit aut quia dolorem odit dignissimos repudiandae. Qui totam ea atque veniam. Temporibus ratione dolorum labore natus.','2018-08-13 00:23:17'),(83,196,10,'Vel quam explicabo autem sapiente repudiandae provident consectetur incidunt. Ducimus laborum tenetur dolorem fugiat numquam est. Qui eius repellendus qui est dicta.','2018-11-29 14:08:06'),(84,172,69,'Sunt voluptatem consectetur consequuntur officia perferendis est et. Quibusdam qui nulla distinctio consectetur fugiat eum. Eum ab sunt et est at qui animi. Atque commodi voluptatem facilis delectus nihil.','2015-09-21 22:15:31'),(85,144,77,'Molestias culpa fugit temporibus sunt labore. Atque repudiandae temporibus veritatis aut. Sed aut laborum incidunt ea quo sint facilis hic.','2020-02-15 15:08:30'),(86,123,26,'Voluptatem dolor qui aut quasi ducimus at rem. Eligendi labore perferendis molestiae et. Est eveniet eveniet qui eos ut. Nam beatae ducimus est dolores sed ut.','2012-09-28 21:57:58'),(87,172,18,'Mollitia dicta voluptatum exercitationem porro eos nisi. Pariatur rerum a saepe at eos earum ad. Sed sit officiis error incidunt quibusdam omnis.','2012-06-19 05:40:24'),(88,165,73,'Laudantium quibusdam dolores ad. Possimus optio rerum debitis saepe quisquam et. At possimus corporis autem dolorem ex beatae omnis. Quos voluptas distinctio perferendis libero.','2012-08-11 01:34:09'),(89,187,100,'Fuga inventore nostrum ut facilis provident suscipit. Aut dolor et vitae laborum. A odit minus inventore esse reprehenderit.','2016-03-26 19:29:07'),(90,102,23,'Dolore qui similique qui nostrum aut autem et eos. Est rerum voluptas cumque qui consequatur eum dignissimos. Quod harum cupiditate id. Aut in ea aut dolor fugiat nemo accusantium.','2012-03-26 12:55:53'),(91,176,26,'Quos nulla mollitia quia. In id doloremque optio eius voluptas praesentium ut ad. Earum eius impedit similique sed amet. Aut vel laboriosam ut.','2011-03-15 08:35:34'),(92,126,82,'Vel voluptate iure dolores laborum rerum repellendus iusto. Qui aspernatur repellendus rerum quia labore. Sapiente dolores aperiam quia minus quia.','2015-11-30 11:12:04'),(93,164,52,'Ipsum commodi eum neque ratione. Voluptas velit minima aut consequatur. Ut voluptates aut voluptatum eaque ea fugiat. Itaque eveniet ipsum in autem est.','2016-03-22 11:20:09'),(94,135,67,'Qui quia vel fugit fuga. Voluptatem fuga nihil aut veritatis qui est. Optio ea veritatis incidunt vitae quasi.','2017-06-23 07:36:22'),(95,120,98,'Eos consequatur laborum dolore ipsa veniam. Non earum et eligendi vel quos est. Voluptatem temporibus corporis ut ut quo possimus.','2019-06-24 23:54:14'),(96,162,11,'Totam qui nesciunt eaque necessitatibus rerum voluptatem. Quo sit amet fuga aliquam culpa aliquid. Et esse optio ut quisquam.','2010-12-22 05:18:38'),(97,145,8,'Et quidem quisquam tenetur ut atque harum. Quisquam aut aut ea occaecati. Earum vero voluptatibus libero et odit facere. Nobis ad odit ipsa ab exercitationem consequatur.','2013-03-07 17:55:49'),(98,146,76,'Voluptatum nam quaerat iure consequatur dolorum animi qui. Eos molestiae eaque fugit repudiandae voluptates. Reprehenderit expedita incidunt cumque.','2014-06-14 15:18:18'),(99,122,46,'Repellendus dolorum libero quisquam voluptas consequatur culpa illum. Fuga repellendus sed voluptas fugit mollitia. Quia corporis illum commodi deserunt quia.','2015-11-30 01:22:52'),(100,114,12,'Culpa magnam eum quia distinctio consequuntur quibusdam quos. Est fuga aspernatur doloremque suscipit quaerat dolores omnis et. Ad recusandae magnam consequatur porro et. Deserunt est perferendis sed iste optio occaecati.','2012-11-19 03:17:12'),(101,183,29,'Accusantium id totam quia. Et blanditiis ab quas eos incidunt excepturi. Enim nulla quis voluptatum unde voluptas.','2019-01-02 22:41:39'),(102,118,54,'Voluptates quidem dicta mollitia et delectus impedit. Nihil ratione earum magnam odio doloribus quis ratione. Reiciendis suscipit saepe sequi repudiandae. Sed vel in ullam blanditiis. Repudiandae excepturi hic amet.','2014-05-20 02:33:50'),(103,155,68,'Aliquid iste ullam quia praesentium temporibus. Deleniti ducimus perferendis consectetur quod ut et. Voluptas unde accusantium quasi iste fugiat. Voluptatem eum omnis enim harum est.','2015-09-01 14:15:52'),(104,194,62,'Soluta totam explicabo quam eum deserunt. Quod repellat aut illo aliquam voluptate sint. Cumque dolorem doloribus quae voluptatum vero dolor.','2013-08-07 16:18:54'),(105,113,59,'Vel veniam nesciunt ut esse. Ut quam tempore aspernatur omnis molestias est ut. Possimus et aspernatur magnam ut ut quisquam. Corrupti expedita facilis rerum repudiandae.','2017-10-15 10:34:32'),(106,150,22,'Unde eius et sit qui nisi aut. Amet et reprehenderit optio quasi voluptatum. Accusantium eveniet doloribus ut recusandae facere neque quos fuga. Ut aut adipisci omnis debitis.','2013-11-05 20:48:10'),(107,146,77,'Iusto vitae rerum asperiores exercitationem. Asperiores ut consequatur voluptates.','2011-08-17 07:56:59'),(108,106,87,'Minima earum voluptates quasi consequatur delectus qui. Quia eaque est et aut tempora veritatis. Non ea et ea itaque debitis.','2020-03-24 08:19:26'),(109,152,8,'Pariatur velit nisi vel nulla eum dicta aut quo. Voluptate voluptas voluptatem ad sed eum. In dolor est eveniet non quia libero.','2011-04-11 20:40:59'),(110,182,33,'Nostrum illo aperiam qui et nobis. Quia repudiandae sint qui consequatur sequi et. Rerum veritatis pariatur similique omnis non impedit nihil. Blanditiis ut vel sed quos a voluptas eveniet.','2016-07-09 19:05:27'),(111,131,70,'Dolorem ullam recusandae quasi dolore. Reprehenderit quidem sunt non excepturi omnis iste. Dolorum vel tenetur in non sint dolorum voluptatem nostrum. Nobis illum dolor provident omnis ducimus quo veritatis.','2011-11-21 22:58:35'),(112,166,80,'Amet quidem quam et illum non harum recusandae. Autem ut unde sed qui molestias voluptatum. Inventore eveniet beatae occaecati nihil totam nemo sapiente qui. Eos aut voluptates voluptatem earum ut asperiores sit voluptates.','2019-12-24 00:45:18'),(113,148,15,'A ratione eum aut aut et qui consequatur. Ut assumenda totam est vel libero molestiae. Ipsa a quidem id unde amet officiis. Molestiae deserunt nam voluptatem soluta officiis rem sint.','2011-01-30 13:34:10'),(114,200,40,'Libero totam molestiae explicabo quis voluptatibus impedit voluptatem. Qui hic est ratione ea sequi qui quia. Deleniti saepe culpa aperiam quia similique et vero sed. Adipisci laborum soluta aliquam itaque amet.','2013-01-31 14:34:29'),(115,102,92,'Placeat dolorem voluptate in blanditiis atque. Quasi sit perspiciatis et blanditiis vitae provident. Blanditiis sunt voluptatem illum temporibus commodi. Ipsa iste esse rerum aperiam molestias ut sequi nesciunt.','2012-01-18 22:35:06'),(116,171,35,'Nesciunt beatae voluptates repellat et eligendi minima. Deserunt magni ut sed ut omnis. Soluta officiis ipsa sint ipsam inventore quia corporis.','2016-07-13 11:08:28'),(117,128,79,'Explicabo ut rerum omnis ipsum maxime. Soluta ut laborum eum numquam.','2017-04-23 17:55:39'),(118,190,63,'Maxime vel odio consequuntur mollitia esse. Consequatur esse impedit est doloremque dolores numquam nobis. Velit non iure est odit. Amet commodi dolorem est doloremque.','2019-08-19 10:06:08'),(119,172,54,'Aliquam at alias dolor aut excepturi. Iure id voluptatem est laudantium sit commodi illo.','2017-07-01 10:09:46'),(120,144,29,'Numquam beatae eius corrupti fugiat porro dolorem error. Ut molestiae blanditiis provident necessitatibus alias vero. Molestiae quia harum at ut. Nobis accusamus quae beatae non voluptatum.','2014-01-21 03:13:19'),(121,109,39,'Deleniti nulla provident dolore aliquid. Culpa enim inventore iste totam. Qui cum rem autem enim non blanditiis. Facilis laudantium qui in non ipsam cupiditate velit.','2011-11-30 14:47:33'),(122,194,97,'Eum voluptas rerum et quasi rerum delectus. Non ullam ea est porro quos vel voluptatum. Velit sunt vel sed in sint recusandae eos.','2011-09-26 20:56:01'),(123,186,41,'Consequatur est tempora quia. Non et nulla ut quae consequuntur. Ipsam ut ut facere dolores qui optio quam. Debitis corrupti ipsam et tempore.','2017-01-18 19:07:08'),(124,169,23,'Ducimus incidunt eos sint et voluptatem et eos id. Optio et cum vitae occaecati totam non aut voluptas. Velit voluptas earum perspiciatis libero. Ratione consectetur sint nostrum distinctio.','2017-08-10 07:36:03'),(125,139,30,'Impedit beatae impedit nihil qui. Ab accusamus eveniet consequuntur ut reiciendis a illo ut. Aliquam laudantium similique ullam omnis delectus molestiae dignissimos. Hic praesentium suscipit ab cum assumenda.','2016-11-18 06:06:30'),(126,134,2,'Placeat accusantium est rem. Sed numquam et est consectetur consequatur fugiat qui consequatur. Sit itaque qui quibusdam doloribus.','2012-04-21 03:41:18'),(127,171,92,'Eligendi illo tenetur ut nisi est esse at. Aut similique dignissimos hic et minima. Saepe ad omnis quaerat possimus maxime. Velit ut eveniet voluptatem doloremque optio veniam.','2011-10-14 17:47:12'),(128,167,47,'Officiis quas eos sit aliquam numquam voluptas. Enim sunt eum ut odio et. Error cupiditate quo autem at velit est error. Animi et blanditiis at aliquam totam blanditiis est omnis.','2013-02-12 01:19:26'),(129,195,73,'Labore consequatur eos dolor ipsum fuga qui. Dolores optio aperiam in. Quibusdam alias iure et voluptatem est qui. Mollitia in debitis aut nihil.','2011-09-14 04:42:12'),(130,198,98,'Ducimus aut sint consequatur libero qui veniam. Mollitia esse libero soluta unde. Est numquam consequatur mollitia cupiditate quos.','2015-08-08 08:31:41'),(131,196,46,'Vel et nisi sit pariatur totam ratione repellat. Ab molestiae accusamus aut rerum ea dolore quam. Et et aspernatur aut tempore fugiat.','2018-09-15 06:40:06'),(132,132,26,'Quis et maiores veritatis inventore incidunt pariatur. Nobis nihil eos qui qui. Qui dignissimos et sit beatae non. Officiis libero ex aut nisi et.','2013-12-03 20:00:34'),(133,195,87,'Sit ut et aut tempore enim eius placeat. Et voluptatum et eum quaerat rem et. Sunt maxime nisi incidunt hic aut optio.','2019-10-07 15:54:50'),(134,136,45,'Qui quia temporibus et sit mollitia animi et. Excepturi voluptatibus vel porro. Dolores sequi in delectus veniam doloremque similique perferendis doloremque. Placeat non ut commodi porro quia voluptatem vel.','2019-01-05 22:32:17'),(135,134,49,'Quia explicabo sit ut sed quaerat sequi ipsam. Iusto ut aliquam placeat maiores nemo. Quos quos enim praesentium corporis sequi maxime.','2019-10-17 14:41:19'),(136,113,70,'Sed qui soluta dolorum aliquid. Delectus aperiam incidunt suscipit. Corrupti corrupti rerum nesciunt qui maiores in nihil.','2019-11-01 06:50:55'),(137,133,27,'Soluta qui quo autem assumenda. Aut quia et quia nisi nam fugiat a quasi. Minima et blanditiis vel labore eum alias.','2015-04-07 17:07:55'),(138,102,3,'Et atque minus vero quidem quos et sit. Nam quia aspernatur sit molestiae quia magnam sapiente. Cumque aut cumque possimus veniam error odio omnis. Pariatur optio magni inventore occaecati quis saepe. Nisi dolor labore quas et perferendis velit facilis.','2016-12-09 20:35:22'),(139,175,57,'Earum nisi sunt ea illo accusantium eum dolores. Omnis temporibus eaque aliquam error vitae est.','2016-04-18 03:58:30'),(140,138,15,'Quod qui enim sed voluptates est quo. Quo nemo enim qui totam dolor. Dolor earum non facere minus velit. Aliquid culpa velit est quisquam architecto. Repudiandae nobis soluta pariatur ut natus.','2017-03-10 08:00:38'),(141,149,33,'Officiis et et placeat accusantium consectetur. Minima officiis odio qui placeat et enim non. Quibusdam porro nihil architecto numquam incidunt. Non facilis commodi quidem voluptatem non cum aut.','2019-07-26 04:05:26'),(142,141,67,'Reprehenderit doloribus libero maiores rerum. Animi quidem eveniet aliquid at autem ut quia. Facere velit eius quod quia. Aut ratione consequatur fugit illo et et.','2014-01-10 03:50:40'),(143,163,84,'Est aspernatur pariatur accusamus. Dolorem odit sit quisquam magnam maiores. Natus est id mollitia necessitatibus placeat illo quae.','2013-08-16 09:12:11'),(144,173,72,'Sequi eveniet blanditiis vitae accusantium rerum sequi et. Cupiditate quo numquam necessitatibus adipisci officiis facere.','2010-04-14 15:37:06'),(145,113,62,'Unde iste non voluptates repellat omnis. Id error ipsum vel est aut tenetur delectus.','2015-11-05 14:07:46'),(146,197,56,'Quia enim sit modi alias consequatur. Quas numquam ipsam possimus dolor consectetur.','2016-08-01 15:09:49'),(147,166,33,'Dolores sit facilis delectus error dolorem. Voluptas quam qui dignissimos consequatur et iusto. Consequatur earum voluptas ut harum sint officiis sunt modi.','2013-08-17 10:56:57'),(148,130,76,'Aut voluptas tenetur qui excepturi atque doloribus ut. Voluptatum voluptas magnam animi cumque laboriosam aut in. Amet qui dignissimos consequatur odit. Ut qui modi laboriosam nemo itaque ea. Vero id sequi adipisci illo et.','2010-07-20 12:33:28'),(149,195,22,'Nostrum possimus assumenda nulla. Natus qui vitae ipsa facilis. Unde mollitia ut corrupti quia quia quam et. Aliquam qui vel necessitatibus voluptatem rerum eius aperiam.','2016-08-05 12:11:35'),(150,179,72,'Vel et ipsa et ut. Quos eaque praesentium non aspernatur. Est ratione necessitatibus ducimus suscipit.','2018-10-14 13:56:15'),(151,170,57,'Vel eum dignissimos accusantium eligendi sed esse maiores. Recusandae ut non est rerum. Natus impedit optio modi. Labore et non rerum dicta quod velit.','2015-05-24 23:25:23'),(152,158,70,'Quis est consequatur quisquam dolore ducimus eum qui. Totam et sed aut enim laudantium sequi sed. Laborum libero numquam est quibusdam officiis quas et. Qui similique distinctio est veritatis.','2018-05-13 05:02:26'),(153,150,43,'Quidem numquam ducimus praesentium sapiente qui. Corporis numquam quaerat et nihil rerum corporis enim. Libero sit odio aut eveniet officiis blanditiis. Nisi sit illo adipisci.','2012-07-09 20:32:36'),(154,124,20,'Suscipit et laudantium unde soluta qui. Ut et quis rerum. Ex et repellendus et in. Repudiandae atque soluta aut ullam assumenda distinctio.','2015-02-16 02:31:38'),(155,104,18,'Et quos error magni. Aliquid mollitia omnis voluptatem voluptatem. Et dolorem deserunt assumenda rem.','2017-02-03 19:49:59'),(156,170,66,'Similique nemo eos animi quisquam in ipsum alias. Exercitationem omnis praesentium omnis laboriosam. Aliquid doloribus aliquam nobis qui porro pariatur quo accusamus. Exercitationem similique doloremque ducimus rerum.','2017-09-12 09:36:18'),(157,174,20,'Debitis dolor quia nobis nesciunt. Cum dolorem repellat nisi quia. Nobis deserunt maxime dolores officiis fuga. Eligendi incidunt sit at ratione aut aspernatur.','2010-10-15 17:03:14'),(158,129,70,'Nihil veritatis dolores odio ipsam amet voluptatibus fugit optio. Ipsam ab temporibus inventore rerum. Incidunt nobis delectus labore dolore magnam saepe magnam in. Ut dolorem voluptate sit in quas dolor.','2014-01-24 04:16:05'),(159,174,77,'Ut nihil sunt quo et soluta quam laborum. Quaerat voluptatibus eos perspiciatis. Eos eum nesciunt inventore doloremque rerum velit.','2014-04-27 14:10:52'),(160,145,12,'Tempora aut enim placeat ea modi. Asperiores quasi magnam sapiente temporibus perferendis hic eos. Consequuntur numquam quae sint corporis qui fugiat.','2020-02-26 20:43:20'),(161,152,68,'Numquam ut natus officiis rerum hic. Veniam ut voluptatem amet asperiores molestiae. Nulla et illo et non quaerat et veritatis. Sequi architecto voluptas at magnam dolore voluptatem est.','2010-08-21 19:39:34'),(162,179,30,'Dolorem voluptatem iste voluptatem nisi quae eos. Qui laudantium non voluptate facilis. Sapiente fugit sed voluptatem deserunt laborum. Dignissimos molestias eius tempore numquam.','2016-07-17 00:46:08'),(163,174,59,'Dolorem quo iusto quo qui sed voluptates. Et aut dolor dolorem delectus iusto qui sit et. Ut ex quia dignissimos facilis. Ipsa quia quis labore nostrum quod.','2016-08-21 09:17:28'),(164,168,12,'At quis velit nihil sit nostrum iure. Iure repellendus doloremque delectus. Sit explicabo ea hic laudantium. Modi quidem alias voluptatem hic ut.','2015-09-12 15:10:21'),(165,191,97,'Autem placeat quod ut numquam distinctio. Repellendus molestiae nam aut.','2011-09-22 01:40:56'),(166,138,56,'Non et reprehenderit culpa. Ut fugiat praesentium provident nisi et nulla exercitationem. Asperiores non sed ut.','2011-09-06 12:47:15'),(167,134,84,'Corrupti et est voluptatem odit vitae. Nihil consequatur in animi dicta quod et quo dolor. Recusandae fuga ipsam qui alias sint. Quia aut et excepturi necessitatibus.','2012-05-17 12:38:58'),(168,109,37,'Provident recusandae ut modi reiciendis dignissimos explicabo nesciunt explicabo. Est eaque ducimus architecto fugit deserunt voluptates. Nisi odit sapiente ea dignissimos labore. Laborum et ut aut nostrum ad minus numquam. Labore dolor perferendis consequatur quis eos error.','2013-10-31 04:07:16'),(169,175,57,'Vero et earum eos et quo repudiandae ullam beatae. Non deserunt sit debitis illum facilis maiores. Omnis voluptatem error sit qui corrupti quisquam.','2019-05-27 07:11:14'),(170,150,55,'Est dolorum quo et eos doloribus nulla accusantium. Nihil officiis cumque tenetur sapiente exercitationem. Enim similique et explicabo explicabo accusamus est autem. Officiis molestiae accusantium dolorum sit soluta maiores et.','2016-01-07 21:49:28'),(171,102,29,'Est sed modi debitis molestiae dolores totam. Modi et animi numquam. Ratione ut ad in non. Est impedit blanditiis pariatur in.','2017-07-16 04:48:12'),(172,112,39,'Molestiae mollitia veritatis quia voluptate cupiditate error nemo. Corrupti non necessitatibus facilis eligendi illo assumenda. Est consequatur ea at.','2017-05-17 07:23:02'),(173,129,34,'Harum dolores aut totam recusandae qui rerum. Atque sed odit explicabo consequatur rerum. Tempore iste deserunt voluptas aut repellat ut magnam. Perspiciatis ut sequi cum.','2015-08-20 11:47:16'),(174,184,74,'Dolorum aliquid quod molestiae aspernatur occaecati a adipisci. Officiis nisi omnis labore dolorem ex laudantium incidunt. Quibusdam veritatis quia magnam eius.','2014-05-03 12:35:29'),(175,170,93,'Est pariatur laudantium sint nihil placeat. Error mollitia nesciunt exercitationem non harum explicabo delectus officiis. Voluptatum tenetur non dignissimos odit.','2017-06-08 18:18:33'),(176,198,82,'Accusamus beatae quidem eius fugit. Aliquid beatae ipsam aut hic omnis. Rerum ut voluptas illum voluptatibus dolores et. Voluptatibus sit laudantium eos accusantium ea.','2015-06-21 21:43:00'),(177,126,5,'Vel cupiditate laborum earum commodi sequi molestiae veniam hic. Dolore veritatis nisi molestiae. Enim inventore possimus iste sit fuga. Ut in soluta est reiciendis consequatur nihil.','2011-10-22 13:06:09'),(178,169,40,'Dolor et placeat magni laboriosam atque ut. Magnam facere temporibus ex. Fuga quae est libero aspernatur vel numquam. Enim est eligendi sit nemo harum.','2010-10-25 17:29:45'),(179,163,97,'Quis et voluptatibus est aperiam culpa fugiat omnis. Nihil culpa aut dicta fugit at sunt. Est sunt sit aspernatur facere sunt et. Aut sint dolor architecto nesciunt dolor aut sint.','2012-11-17 01:39:59'),(180,152,89,'Aut nihil quia ut. Dolores cupiditate sapiente enim sequi debitis sunt. Voluptatem nam quisquam animi eum dolorem id esse. Impedit id ea sint animi sunt.','2017-02-21 02:23:48'),(181,177,61,'Voluptas fugit consequatur quam porro. Facilis dolor magni nihil quod commodi voluptatum quasi fugiat. Dolore facere occaecati maiores hic quasi. Commodi consequatur eum in cupiditate adipisci ipsa in. Maiores et odio enim.','2017-04-11 02:09:47'),(182,197,56,'Animi labore voluptate cupiditate perspiciatis fugit consequatur et. Officiis quod fugiat magni voluptatem perspiciatis veritatis. Provident voluptas rem distinctio.','2018-07-01 21:52:42'),(183,153,56,'Reprehenderit sint repudiandae sint veritatis delectus et blanditiis. Exercitationem sequi exercitationem voluptas est laborum ad. Quos consectetur in ut sed reprehenderit perspiciatis necessitatibus accusamus.','2016-06-24 11:00:19'),(184,197,2,'Qui sit quasi officia quibusdam omnis. Quibusdam pariatur voluptatem incidunt libero ducimus et. Eos velit et nemo. Tenetur corrupti illum distinctio nobis nesciunt distinctio.','2014-04-24 15:30:06'),(185,143,71,'Est itaque qui sequi ullam dolor. Est ipsum dolor vero magni. Neque aut sit necessitatibus. Consequatur alias necessitatibus fugiat expedita.','2017-03-13 01:03:39'),(186,127,51,'Iste veritatis facilis aliquam consequatur laboriosam. Minima rerum aut voluptatem itaque voluptate iusto. Ea asperiores aut amet magnam distinctio et suscipit et. Pariatur quia labore at.','2016-01-31 04:47:04'),(187,161,96,'Aliquam odio tempore perferendis voluptatem est. Non rem sint ullam quasi. Molestias magni quae ipsum est quisquam. Voluptas aut ab aut aliquid ut magnam repellendus.','2010-06-12 09:48:47'),(188,176,1,'Animi voluptate nemo atque neque. A et accusantium et hic et fugiat velit. Facere ipsa deleniti soluta eos sit tempora itaque. Quam itaque aut et veniam doloremque consequatur cumque.','2016-12-24 18:12:39'),(189,130,57,'Fuga unde velit quasi sunt sit. Perspiciatis itaque omnis aliquid soluta ea corporis. At ipsam beatae est cumque ratione doloribus incidunt.','2018-09-02 22:47:11'),(190,182,8,'Molestias vel et officia ullam laudantium optio labore. Tempora quod reprehenderit mollitia. Est soluta omnis labore et. Amet fugit optio rerum quos quidem odio.','2016-05-05 08:32:18'),(191,115,2,'Autem vel dicta eos ad et hic. Est ut et vel dolore ab non aut. Delectus occaecati facilis quia placeat. Magnam soluta velit veritatis accusantium aut totam ut vero.','2014-04-16 16:57:29'),(192,136,81,'Eaque saepe ipsa qui accusamus est debitis maxime. Rerum ipsum corporis aut hic ducimus id hic. Aut culpa sed asperiores. Consectetur veniam tenetur quia. Facere nihil optio officiis ut.','2016-04-19 03:41:21'),(193,133,35,'Omnis tempore et error omnis tempora. Nemo sequi ut tempore perspiciatis et consectetur. Deleniti saepe neque et dicta quas.','2012-11-01 20:00:59'),(194,142,69,'Voluptatibus aut harum facere aut. Nisi minus voluptatum necessitatibus officiis omnis.','2013-05-01 13:33:11'),(195,124,99,'Autem deserunt voluptatem voluptatem labore aut illum eos. Ut in blanditiis quod occaecati. Aliquid ad quia optio laudantium. Doloribus voluptatibus cum saepe ad eveniet magnam autem.','2020-03-09 22:24:49'),(196,189,7,'A sed rerum velit deserunt fugiat aliquam. Voluptates est eius voluptas pariatur omnis ut eum. Id vel quo magnam earum quia.','2012-11-27 03:12:23'),(197,108,11,'Culpa est ex velit earum aut autem temporibus sed. Sint accusamus ad eum sed deserunt. Voluptatem perferendis ullam nostrum ab et.','2012-03-16 07:41:31'),(198,183,7,'Est magnam animi ut maiores. Quis quas asperiores est. Similique non laboriosam omnis et alias omnis.','2017-04-06 15:00:07'),(199,149,60,'Quia quo amet totam nostrum. Sequi ducimus quaerat molestiae nemo laboriosam.','2015-07-04 17:54:23'),(200,148,58,'Sed in dolore doloribus et facere unde neque. Dolorum et et libero qui quo corrupti ratione excepturi. Quis voluptatem quo minima qui. Placeat nobis est et qui facilis deleniti quia.','2019-07-10 00:19:32'),(201,185,85,'Qui cum quod et optio. Maiores harum nam nobis deserunt ullam ut mollitia recusandae. Dolorem tempora placeat eaque aliquam. Nihil odio optio maxime laborum reprehenderit vero. Recusandae tenetur porro occaecati itaque et.','2018-09-09 18:14:36'),(202,188,34,'Fugiat sequi et et velit praesentium. Et architecto praesentium laborum assumenda enim dolores. Et aut officia illo at qui voluptatem.','2012-11-23 08:18:41'),(203,184,92,'Qui quo quas non repudiandae beatae ducimus nihil quibusdam. Magnam eos omnis consequatur ut et in. Accusamus velit at ipsa delectus unde rerum.','2010-12-11 13:02:29'),(204,146,68,'Est odit esse necessitatibus quia nam suscipit. Autem sit id tenetur beatae sit voluptates. Deleniti natus mollitia sint libero vel nesciunt et illo.','2015-03-09 16:15:40'),(205,171,32,'Ut sunt perspiciatis id qui deserunt. Asperiores voluptas dolorem amet ullam. Sint incidunt omnis error animi animi unde voluptatum.','2019-10-07 08:49:10'),(206,156,51,'Possimus nesciunt temporibus iste. Commodi veritatis eos dolor ex sapiente laboriosam distinctio. Ut est facere amet. Laudantium adipisci amet odio.','2017-02-08 18:32:11'),(207,131,58,'Vero voluptate eaque alias enim. Autem quidem laudantium cum ut a. Doloremque rem non sequi excepturi exercitationem atque.','2010-08-15 22:08:22'),(208,190,24,'Iusto porro blanditiis dolor rerum. Commodi corporis eos eligendi dolore. Tempora aperiam quis labore dicta aliquam. Accusantium qui unde omnis. Illum qui et tempora delectus.','2018-01-25 08:20:20'),(209,145,55,'Dolore et eum eos dignissimos qui sunt fugiat quia. Voluptate minus officiis ea eligendi quia. Est eos qui autem autem dolor quis ullam.','2012-05-09 23:39:23'),(210,186,51,'Eius ut culpa excepturi sint voluptatem quia sed. Vel est perspiciatis asperiores ducimus. Quisquam praesentium aut et qui perspiciatis. Iste officiis maxime aliquid.','2013-05-24 06:58:08'),(211,173,46,'Eum nostrum dolorum omnis officiis provident error. Numquam sint tempora et odit eius. Recusandae quod nihil sunt adipisci.','2016-06-27 04:59:11'),(212,131,21,'Consequatur ipsum quas libero molestias consequatur. Ut similique totam itaque illum eaque ut. Et est ex qui et ea aut. Quia perspiciatis molestiae voluptatibus qui eligendi. Ut beatae voluptas repellat alias autem quo.','2017-11-21 17:29:51'),(213,176,69,'Accusamus nulla quod qui eaque quidem assumenda excepturi. Mollitia deserunt quibusdam natus. A et voluptatem odio explicabo quibusdam. Voluptatem dolore iste voluptas totam.','2018-01-23 03:32:43'),(214,156,2,'Expedita tenetur id in aliquam officiis ut quidem. Sit dolorem a sapiente quod aut eveniet nostrum. Repudiandae recusandae dolorem modi et voluptatibus. Quaerat laboriosam qui iste quidem.','2010-12-07 04:06:09'),(215,126,7,'Reprehenderit quod aut est sed nihil ab repudiandae. Aut sit nihil alias repellat quas sequi.','2015-08-26 16:10:06'),(216,104,30,'Laboriosam debitis mollitia ipsam id. Minima aut et quia quam alias et dolor molestias. Facilis voluptas et omnis repellat esse neque voluptas.','2019-03-02 14:32:53'),(217,108,17,'Dolorum repellendus quia ab illum saepe tenetur. Minima eum asperiores in magnam. Id maiores illo nobis nobis sunt.','2018-04-04 21:10:47'),(218,128,2,'Voluptatem repellendus dignissimos sint rerum commodi inventore et. Quam earum sed sunt omnis id reiciendis placeat. Asperiores quia quasi molestias praesentium animi voluptate. Dolor quasi eveniet animi voluptatem eos.','2015-05-26 14:26:18'),(219,162,98,'Iure unde sed soluta pariatur maiores. Quo fuga aut nihil sit ex odit veniam quia. Ratione laboriosam aliquam sapiente officiis. Ex aut aut doloribus quasi quia dolore et.','2015-04-21 16:24:32'),(220,167,83,'Laborum corrupti ipsam quo dolores officiis est. Consectetur qui voluptatum explicabo provident maiores quia consequatur. Aut soluta dolorem repellendus numquam possimus consequatur ex. Quae doloremque officia quae.','2012-03-06 04:39:02'),(221,135,43,'Sunt quis qui voluptatem impedit autem numquam tempora. Qui cupiditate sit numquam nulla nesciunt. Optio molestias distinctio in itaque itaque.','2019-11-02 22:01:11'),(222,151,6,'Omnis iste excepturi ut perferendis ab. Iure et facere laborum aliquid. Iusto quae autem temporibus necessitatibus ut fugiat aut. Officia ipsum voluptatem voluptatem mollitia dolores pariatur.','2010-06-18 22:04:23'),(223,108,91,'Animi eaque qui id sit. Qui nulla et quia deserunt in odit maiores. Magni eius consequatur at facere. Repudiandae dolor est ad.','2012-01-01 20:49:41'),(224,165,32,'Sit exercitationem assumenda laboriosam nisi et aliquid reprehenderit. Assumenda quaerat excepturi earum harum ab enim tenetur. Sunt deleniti ut vel qui. Sit atque reiciendis et.','2019-06-05 16:13:31'),(225,198,17,'Blanditiis asperiores temporibus blanditiis qui sit modi. Adipisci nihil incidunt dolor voluptatem sint et. Aliquam dolore et animi iure voluptatibus corporis.','2010-10-28 01:31:38'),(226,110,78,'Quam mollitia amet dolores omnis. Possimus nobis minima debitis voluptas et iure similique. Rerum dolorum in possimus.','2010-12-04 04:47:34'),(227,166,16,'Est nihil commodi dolores error aut inventore maxime. Odit dignissimos ipsum voluptas sunt error rerum. Dicta rerum eos minus laudantium sit.','2015-11-09 08:57:42'),(228,141,89,'Accusamus esse aspernatur sed suscipit facere architecto. Nihil suscipit facilis cum est. Quo dicta impedit ipsum repellendus. Soluta vitae et aut molestiae qui commodi.','2010-12-23 06:23:13'),(229,125,25,'Molestiae earum aut porro. Ad eos tempora quis deleniti dolorem. Fugit ullam esse eligendi inventore quasi.','2019-08-13 00:44:33'),(230,185,33,'Impedit possimus et voluptatem tempora numquam omnis similique. Totam sapiente laboriosam sit repellat minima sed totam. Nesciunt sunt tempora voluptate quibusdam dolorum.','2011-07-10 21:19:46'),(231,103,59,'Aut ducimus dolorum qui. Ducimus molestias soluta et distinctio delectus voluptates eaque. Amet minus officia consequatur expedita est fuga numquam iusto. Dolores est inventore alias in possimus sunt numquam.','2016-02-11 15:57:53'),(232,120,2,'Aut molestiae quos eum eligendi consequatur molestiae sed accusamus. Temporibus a odio eum ad quia odit. Numquam assumenda deserunt necessitatibus voluptatem quas est.','2010-05-11 10:06:05'),(233,131,53,'Maxime quasi sequi rerum voluptas ut ea quo. Dolorem laudantium rem beatae sed praesentium est. Fugit nesciunt debitis quisquam quam.','2013-04-24 04:53:19'),(234,190,47,'Laborum voluptatum possimus ullam vitae. Ullam voluptatem quia sunt vero explicabo illum. Aut quo reprehenderit rerum. Eius ea expedita ea pariatur excepturi.','2015-11-09 19:52:58'),(235,160,9,'Blanditiis repudiandae voluptas tempora quis earum est quis. Enim consequatur temporibus consequatur ducimus dignissimos sit. Praesentium distinctio et mollitia veritatis doloribus officiis ut et. Nam facilis qui ducimus impedit.','2012-01-05 14:23:58'),(236,145,20,'Labore aliquid esse aut sint. Nihil vitae eius voluptatem veniam ullam reiciendis. Veniam ea culpa officia possimus. Qui velit perferendis nemo reprehenderit.','2014-04-17 08:14:50'),(237,110,65,'Eum magnam aut molestiae repellat dolores sit sunt. Similique et animi eius perferendis quia eveniet. Eos fugiat est voluptatem enim ipsum nemo et nisi. Et est atque porro facilis cupiditate.','2011-03-14 16:19:38'),(238,172,64,'Perspiciatis in debitis est repellendus. Officia voluptatem autem possimus pariatur. Consectetur aut inventore neque ut perferendis corporis nemo ab. Expedita ea magnam est.','2017-03-03 19:03:10'),(239,157,93,'Sed delectus sequi cumque aliquid molestiae officia. Esse exercitationem excepturi quia debitis. Veniam culpa ab provident magnam consequatur quaerat.','2018-11-20 00:20:43'),(240,174,36,'Quos nostrum quam dicta quae dicta ipsam harum. Quia possimus exercitationem vel harum et illo quod. Voluptates ducimus cumque sint maiores sint deleniti cumque. Itaque est aspernatur nesciunt qui dolor temporibus quidem aperiam. Maiores distinctio aperiam facere.','2010-10-28 11:35:22'),(241,134,81,'Id saepe amet est at eum eveniet aliquid. Optio est quaerat enim voluptatibus. Dolore deserunt enim nobis a. Est et neque tenetur labore.','2012-03-15 02:12:17'),(242,170,90,'Fugiat nulla animi quisquam. Quo et voluptatibus ut eos enim. Magni cupiditate ut quae illo aperiam. Quia impedit porro rem ipsum voluptatem.','2013-12-10 12:22:33'),(243,168,13,'Consequatur sit omnis sed sed eius similique voluptatem. Odit accusamus incidunt minus fugit id. Id dignissimos quia ut ad sunt alias. Explicabo distinctio ab dolorum quae.','2016-07-05 10:44:40'),(244,101,17,'Sit doloribus odit in ea. Qui ut debitis in voluptatem maxime sed eveniet. Aut aspernatur dolores atque dolores quis ex est vel. Hic corrupti quis molestiae.','2018-12-10 22:32:55'),(245,192,36,'Incidunt et expedita culpa. Et consectetur ducimus eligendi quo illum consectetur nihil. Et vitae rem nostrum ratione ratione.','2017-11-05 03:55:48'),(246,180,83,'Et quam necessitatibus explicabo in iste. Excepturi optio et velit sed quis praesentium. Esse placeat maiores consectetur.','2016-12-29 22:18:48'),(247,146,98,'At nisi perspiciatis minima quas. Ea vitae nemo numquam iusto necessitatibus corrupti. Possimus rerum molestiae et id dolor molestias.','2015-12-31 12:08:32'),(248,170,46,'Rerum sapiente numquam at quae et omnis doloremque. Molestias explicabo qui delectus soluta cum. Animi aperiam vel id iure.','2016-01-28 08:37:10'),(249,136,87,'Aspernatur nesciunt minus voluptas hic. Non eius aut repudiandae enim. Nemo fugit aliquid et in temporibus.','2019-07-12 19:54:01'),(250,162,57,'Odit minima sit non velit adipisci in. Magnam at sunt dolorem quo iure praesentium hic voluptatem. Asperiores est sed et aperiam rerum. Blanditiis ut nesciunt hic aut.','2012-04-06 00:02:21'),(251,174,36,'Qui harum ea et quod consequatur. Facilis ea et doloremque nobis qui earum dicta. Cupiditate dolorem nobis non facere quidem qui. Voluptas corporis dolore officia provident quaerat.','2015-06-04 15:50:11'),(252,164,31,'Magnam nihil dolorem doloremque. Illum non eos quos et laborum eos et.','2019-04-08 11:08:44'),(253,135,61,'Reiciendis minima expedita rerum officiis laborum veniam. Ducimus laboriosam sunt amet quas libero. Blanditiis dolorem et mollitia est consequatur ipsum quisquam eligendi.','2019-04-19 09:31:08'),(254,199,61,'At doloribus dolores voluptate quod quisquam vel ea. Consequatur inventore facere delectus quia nihil soluta veritatis. Cum distinctio alias et tempore error rerum possimus nisi.','2018-05-01 14:53:58'),(255,142,49,'Dolorem unde sed aut. Veritatis eius sunt eos sunt aut. Architecto ab enim enim numquam tempore laborum.','2014-08-25 13:13:01'),(256,106,51,'Ipsam repellat officiis pariatur. Vero nostrum quia facilis voluptas sint eligendi. Ut voluptatem quaerat tenetur non tempore repellendus.','2015-07-02 16:06:56'),(257,152,27,'At tempore explicabo aut ducimus porro perferendis. Eveniet assumenda minus et ut. Quasi voluptas necessitatibus nulla et sunt dolorem ratione rem. Voluptatem est ab recusandae.','2019-02-21 07:59:04'),(258,114,14,'Mollitia sit enim repellat quo rerum eligendi sed. Nisi molestiae quia beatae rerum qui rerum officiis. Non totam sed tempore autem unde. Ipsa iusto non ut quis numquam provident debitis.','2013-02-16 03:05:48'),(259,168,33,'Possimus quod explicabo qui recusandae. Velit placeat dolore maiores corrupti omnis ullam sunt. Qui autem minus veritatis quam. Incidunt enim natus ducimus. Hic omnis quia explicabo non similique delectus.','2018-09-12 13:15:25'),(260,111,16,'Incidunt ipsum ipsa amet maiores totam ut. In laboriosam aspernatur expedita qui suscipit eum. Et ut aut dignissimos hic rerum. Non sit repudiandae sit quibusdam.','2015-10-02 08:31:36'),(261,170,65,'Rerum quod ut voluptas corrupti et eos perspiciatis ipsum. Ad consequatur velit itaque temporibus quia illo quo. Quas debitis a recusandae omnis eaque delectus.','2018-03-11 21:35:33'),(262,163,40,'Hic rerum est quisquam veritatis. Maiores dolores qui eum nihil. Accusamus quia porro ad quo enim in.','2017-07-12 23:53:31'),(263,199,60,'Corrupti aut doloremque hic perspiciatis. Amet illo et sed omnis. Qui quis sed quae at. Qui cupiditate porro reiciendis quisquam nulla.','2013-03-23 16:22:40'),(264,159,66,'Aperiam et maiores mollitia delectus delectus sint alias dolorem. Eveniet qui nisi culpa mollitia ex. Dolorem doloremque eos quibusdam ut eveniet.','2013-12-27 10:20:46'),(265,141,38,'Omnis recusandae placeat temporibus ipsum qui odit delectus sunt. Voluptatem distinctio unde commodi aperiam enim harum. Maiores minus voluptatum consequatur est nam dolorem. Perspiciatis repudiandae corporis suscipit eum minima quis qui.','2018-03-12 03:27:47'),(266,191,5,'Totam expedita esse impedit mollitia perspiciatis qui. Ipsum optio enim velit vitae qui. Dicta velit sed iste voluptatem.','2010-12-18 20:14:51'),(267,129,17,'Ipsa non consequuntur fuga rem. Porro minus sit voluptatem distinctio quia. Alias ipsam est ratione quo aspernatur eos.','2019-11-21 23:30:43'),(268,114,40,'Eum omnis sequi delectus vel. Repudiandae et doloribus eum minus harum. Blanditiis repellat perspiciatis nobis soluta repellendus.','2019-10-26 09:28:41'),(269,122,18,'Ipsum in natus deserunt qui et laborum quam. Modi ea praesentium quo hic. Consectetur architecto aut omnis expedita et cupiditate. Impedit deleniti aliquid autem officia.','2014-03-10 13:24:58'),(270,131,41,'Dolore tempora sit ducimus eligendi omnis earum rerum. Perferendis cumque corrupti velit aut et. Ratione ratione consequatur recusandae deserunt. Aut accusantium facere quia quia nostrum veniam totam.','2017-05-19 15:12:27'),(271,182,92,'Quos et atque ab architecto nihil harum. Non ipsum dolore repudiandae voluptatem. Reprehenderit cupiditate provident dolore tenetur dolore labore.','2018-07-05 01:00:14'),(272,125,37,'Sint commodi eum odio. Est cumque et recusandae provident. Impedit magni modi nostrum tempora est iste fugit.','2015-04-09 05:51:09'),(273,134,52,'Accusantium dolorem et voluptas sit rem rem. Voluptates qui in voluptatem labore. Sint ut ipsum eaque iste est libero. Et qui doloremque eaque eius.','2010-05-08 02:02:02'),(274,155,50,'Praesentium illum quidem facere corporis. Temporibus tempore aut aspernatur. Ut quo fuga a. Alias et veniam quae vel autem aliquid reiciendis.','2011-01-04 21:53:37'),(275,105,90,'Labore omnis nobis consequatur nostrum animi omnis id. Accusamus ea expedita voluptas dolor tempora fuga at.','2012-03-07 02:25:57'),(276,194,68,'Vel et sed numquam quisquam. Dicta temporibus dolores sit praesentium non totam consequatur. Corrupti est temporibus delectus aliquid.','2018-07-29 11:23:55'),(277,105,3,'Qui sint velit voluptas occaecati. Et rem culpa ipsa commodi aut minus dolores maiores. Sit ut qui vero occaecati velit accusantium. Voluptatibus molestiae repellat velit nemo in consequatur.','2013-04-28 14:36:43'),(278,143,42,'Eaque libero alias cupiditate perspiciatis tenetur. Molestiae alias et eligendi velit quis consectetur. Voluptas fuga mollitia eligendi repellat modi eveniet.','2011-10-15 02:32:22'),(279,120,37,'Quis numquam et ullam alias laboriosam sunt. Doloremque veniam atque et saepe. Animi autem asperiores quod corporis recusandae ut aperiam. Tempora et eum ut dolor est.','2013-06-09 08:50:44'),(280,191,73,'Nulla minima reprehenderit sunt molestiae delectus alias optio voluptatem. Officiis harum cupiditate veritatis. Nulla deserunt aperiam quia pariatur laudantium quis. Aut voluptatem itaque fugit et in.','2012-03-11 13:19:23'),(281,167,26,'Quas adipisci et corporis aspernatur deserunt consectetur. Voluptatibus voluptatum non et non. Nihil ipsa eligendi dolorem sit.','2020-01-07 07:38:31'),(282,183,82,'Natus quis suscipit nostrum dicta aliquam. Magni qui veniam iste beatae. Modi necessitatibus excepturi et illo qui asperiores. Facere facere eos tenetur qui dolore labore.','2012-11-25 23:12:14'),(283,200,22,'Vel possimus impedit nostrum ut. Ea et consequatur officiis culpa. Maiores aliquam blanditiis harum omnis facilis necessitatibus porro.','2010-05-29 17:03:31'),(284,145,36,'Suscipit est animi nisi ut tempora ut. Dolorum temporibus assumenda non ab. Eum adipisci voluptas molestiae explicabo.','2013-05-30 05:21:23'),(285,153,43,'Accusantium saepe nesciunt fugit perspiciatis. Corporis sint reprehenderit at nulla dolor. Est porro sit possimus. Quia laudantium perferendis omnis.','2018-07-30 02:40:17'),(286,142,37,'Earum temporibus sed debitis omnis maiores quis et. Eaque minus laborum deleniti exercitationem est placeat nesciunt. Quas eveniet dolorum pariatur.','2019-02-20 05:07:06'),(287,159,37,'Exercitationem maiores esse commodi error nulla quos. Modi pariatur provident doloremque minus. Et animi tempora dolore quia totam rerum quas. Quaerat amet magnam sed dolores.','2015-04-17 08:08:10'),(288,183,43,'Quis ab enim ipsam et earum et. Sit at tempore molestiae ut nihil modi voluptas. Nostrum dolorum natus et.','2015-04-23 10:28:23'),(289,111,19,'Voluptatibus unde error culpa adipisci error laudantium ducimus voluptate. Sit alias minima quae odio debitis ipsam. Voluptatem atque rerum culpa itaque. Magnam reprehenderit expedita officiis ex nihil velit ut.','2015-02-24 10:44:50'),(290,172,85,'Culpa in perferendis ipsum. Corporis sequi aut quo sint fugit consequuntur inventore repellat. Qui optio velit id earum. Nobis animi libero voluptas excepturi adipisci est eum.','2016-12-12 09:59:58'),(291,112,26,'Cupiditate nostrum pariatur in consequatur et et. Quae facilis illo aut dolor esse illum.','2016-07-31 02:57:42'),(292,109,60,'Cumque consectetur voluptatibus qui aperiam dicta. Ea sequi cum omnis voluptatem. Saepe consequuntur iste ipsum aut velit qui eum.','2017-03-04 09:47:18'),(293,180,39,'Impedit eveniet harum esse dicta nisi. Unde dolor dolorem nam in. Distinctio dolorem illum et dolore.','2016-10-21 22:38:23'),(294,107,25,'Veritatis aut magni sapiente quaerat est. Nulla voluptatem aspernatur necessitatibus maiores veniam.','2010-06-16 02:55:46'),(295,200,42,'Velit necessitatibus enim non. Ad quo et neque. Sunt vel natus dignissimos eaque fugiat enim sequi.','2018-12-21 18:02:16'),(296,102,78,'Ea consequatur maxime quis sequi placeat dignissimos. Nisi soluta autem est sed et voluptas. A temporibus debitis cumque quo. Aspernatur id fuga sit cumque.','2012-06-30 20:15:17'),(297,198,21,'Ut est eos omnis repellat sunt ullam sit. Dicta incidunt sit alias eligendi voluptas. Sint fugit et qui quia. Qui inventore quae quas non nam.','2017-09-15 14:46:20'),(298,117,55,'Ut aliquam aut illum saepe ut iste fuga tempore. Ad odit iure recusandae explicabo sed. Architecto cumque qui voluptas.','2019-08-22 05:26:09'),(299,170,3,'At ipsum est dolorem ut. Occaecati facere earum maiores ipsa saepe quidem. Vel quia pariatur est et in dolore.','2016-09-26 12:07:05'),(300,174,31,'Mollitia eum ut labore eum laboriosam minima. Dolorem voluptatum in quae odio. Voluptatibus ratione maiores aut minus eos repellendus distinctio. Explicabo et ut cumque quos sed debitis repellendus aut.','2016-09-24 00:18:21'),(301,182,33,'Et rerum beatae ipsum est placeat. Ea nemo aut quia quia porro officia.','2015-06-08 02:16:09'),(302,112,13,'Praesentium voluptates quasi et qui dolor et non. Dolores ut autem molestiae est. Magnam facere qui laboriosam debitis temporibus aspernatur vel.','2013-09-11 09:44:06'),(303,158,48,'Magnam quia omnis qui voluptas. Accusamus ipsam porro cumque quod consequatur ut. Eum fugiat quia perferendis suscipit.','2012-01-03 00:02:33'),(304,162,66,'Et qui facilis neque neque id. Dolorem velit quia delectus nulla.','2014-06-02 14:56:23'),(305,155,52,'Quidem error nihil aut et. Neque occaecati in porro quis. Eum adipisci alias ut nisi quidem. Sit omnis quia tempora est rerum molestiae enim.','2020-01-04 11:55:34'),(306,169,55,'Corrupti nihil aut quaerat omnis. Veniam hic qui rerum asperiores eligendi iusto eos qui. Quod autem perspiciatis quia.','2013-10-31 18:31:14'),(307,131,55,'Quo saepe laborum quae et sit dolorem. Et cumque ullam porro. Possimus qui corrupti ullam repellendus aut et omnis ipsum.','2015-01-17 23:47:18'),(308,114,80,'Tenetur ducimus maiores non saepe sunt blanditiis ut. Occaecati et eos praesentium fugiat minus expedita qui aperiam. Non est assumenda dolor voluptatum velit qui.','2015-09-28 09:50:33'),(309,102,62,'Consequatur dolorem voluptatem nemo error est sunt. Doloribus dolor deleniti eum maiores aut possimus. Itaque modi rem pariatur reprehenderit ad. Est suscipit possimus quaerat nam quod voluptates accusantium. Qui labore sint fugiat voluptates.','2012-12-15 21:23:04'),(310,129,56,'Sint voluptatum non laborum facere. Vero illo voluptas molestias hic inventore magnam et et. Voluptas vero ut vero earum dolorem hic sed.','2016-01-29 14:01:46'),(311,158,43,'Possimus magnam praesentium consequatur aliquam. Magnam nulla molestias rerum consequatur et odit. Asperiores aut expedita ut magnam accusamus ut.','2013-07-04 09:53:15'),(312,200,71,'Architecto voluptas qui repellat natus quam. Doloribus quod possimus ab iste placeat ipsa. Dolorem et accusantium saepe non et id.','2014-02-21 14:28:46'),(313,113,1,'Explicabo quia nulla alias sunt dolores unde fugit. Eum recusandae labore ut possimus. Nesciunt commodi soluta incidunt quam soluta tempora ad.','2015-04-14 05:38:51'),(314,151,77,'Est dolore aut hic repudiandae. Doloribus nihil provident aut rem. Ut voluptatem voluptatem sit harum odit dolor.','2017-02-20 16:43:43'),(315,198,96,'Id explicabo alias consequatur eum in. Aspernatur harum eveniet ad aut minus ea nobis. Assumenda ea ad labore. Possimus rerum voluptas dolor veniam saepe.','2015-10-11 07:33:17'),(316,107,84,'Deserunt vero fugit explicabo id est sed. Facilis non harum nisi fuga amet cum. Tenetur ipsum esse quis dolore vero.','2014-01-01 19:01:48'),(317,116,39,'Quis dignissimos quaerat debitis inventore vitae. Qui sapiente impedit occaecati perspiciatis adipisci dolorem. Provident tenetur fugit quasi recusandae. Et sed qui quae quaerat.','2012-11-27 15:57:54'),(318,140,11,'Libero consequuntur commodi quia reprehenderit. Et consequatur a ad dignissimos. Animi nam adipisci in ut.','2013-12-04 01:31:46'),(319,167,46,'Est cupiditate id omnis magnam occaecati sit et. Ab autem corrupti aut minus in temporibus. Nostrum alias aut et sapiente ea.','2011-08-14 12:35:53'),(320,115,24,'Dicta ab ullam occaecati. Voluptas ut magnam quasi fuga cum. Sed adipisci enim adipisci quidem dolor optio qui. Enim et veniam officiis ut.','2017-11-24 08:08:22'),(321,200,13,'Ea iusto ea dolorem nemo. Qui praesentium dolorem placeat pariatur tempora quas velit. Repudiandae soluta temporibus similique officiis est quisquam sit.','2010-12-31 03:58:56'),(322,147,47,'Unde nostrum voluptas cum similique ut. Id unde odit ut soluta aut maiores consequatur ut. Neque quidem earum ab aut.','2018-12-25 04:41:09'),(323,103,58,'Optio dolore facere dolorem atque velit. Eum quam totam deserunt tempora et earum doloremque.','2010-04-13 04:46:10'),(324,131,22,'Et qui odit ut ut labore rem. Excepturi et odio et esse. Libero nam sit voluptatem iure et itaque. Dolore aut facere incidunt dolorem pariatur vel omnis.','2017-07-13 11:40:58'),(325,106,94,'Eos autem adipisci est ullam eveniet placeat voluptatum. Necessitatibus et quia est ut placeat quia. Eaque fugit sed itaque consequatur mollitia.','2014-07-13 06:03:15'),(326,160,77,'Vel est est quae dolorem voluptatem esse debitis. Doloribus vel occaecati molestiae consequatur. Qui aut quo assumenda consequuntur laborum sequi minus.','2019-11-07 09:25:20'),(327,124,4,'Nobis laboriosam eligendi ullam vel eos. Quam aspernatur atque distinctio sit. Voluptas atque rerum qui odio.','2013-05-03 03:07:23'),(328,190,73,'Neque voluptas harum ut tempora debitis sint provident. Quaerat vel asperiores impedit autem dolore. Et in vel inventore.','2019-08-20 13:16:40'),(329,140,34,'Consequatur ducimus qui ut et aut dolore officia. In et soluta id non.','2019-12-21 07:05:37'),(330,117,83,'Non quas amet dolor est. Laudantium aut molestiae numquam voluptas dolores enim. Et voluptas officiis quia.','2012-03-10 03:31:07'),(331,103,22,'Asperiores velit est adipisci repellat. Magnam et ipsa nam laboriosam maiores. Accusamus quam explicabo est maxime fuga minima dolorum deleniti.','2015-05-20 09:25:47'),(332,131,33,'Et aut magnam sint fugiat. Aut quae at nemo reprehenderit. Dicta cupiditate similique quo fugiat esse.','2016-08-17 10:57:31'),(333,161,80,'Et sint et sit quae dolore. Velit autem omnis exercitationem. Beatae ab voluptatibus incidunt dignissimos blanditiis qui.','2018-10-05 06:56:25'),(334,190,89,'Repellat veniam nobis sed saepe placeat non. Autem dolor optio eum. Quibusdam et ut dignissimos et beatae dolor. Eveniet et explicabo praesentium quisquam facilis omnis ut.','2012-11-04 10:50:20'),(335,184,46,'Atque aut expedita architecto vero dolorum aut sed. Voluptatem quidem voluptas ea corporis. Quibusdam enim consequatur provident maiores rerum blanditiis accusantium officia. Ut ut dolorem ut unde velit veritatis.','2013-01-14 11:33:46'),(336,107,49,'Esse tempore et magni. Magni voluptatem sed dolores qui qui incidunt iusto. Placeat iste et aperiam quia in. Amet nemo laboriosam quisquam libero deleniti.','2011-10-13 20:30:59'),(337,131,87,'Amet assumenda ipsa perspiciatis adipisci quo provident fuga laboriosam. Qui est non optio tempora quasi voluptas. Repudiandae dolor molestiae odit eos et occaecati. Occaecati quod dicta quasi libero eveniet officia velit.','2019-03-29 08:48:44'),(338,134,78,'Aut magni vel earum. Non consequatur odio debitis ipsam. Excepturi ducimus labore distinctio. Doloribus numquam ullam necessitatibus fugit.','2014-04-30 15:55:29'),(339,182,96,'Voluptas repellat eius voluptatem quo aut amet voluptate impedit. Necessitatibus qui quia eligendi delectus. Voluptatum rem minus neque quae recusandae autem. Explicabo sit natus quod veniam officia consequatur ullam.','2011-02-27 20:03:16'),(340,106,86,'Voluptatum est qui voluptate et voluptas. Et error animi qui molestias officiis aperiam. Odit dicta sunt placeat nam nemo est numquam ad. Dolores sed autem sed ducimus voluptatem.','2016-03-28 19:54:56'),(341,107,56,'Odit ut delectus illum aut ut. Qui omnis distinctio est et. Et saepe voluptas excepturi vitae laboriosam porro. Exercitationem fugiat mollitia sed fuga.','2012-02-01 04:30:35'),(342,195,74,'Repudiandae consectetur quia qui et sunt eos et. Eum nemo facilis et nemo. Et eligendi aut officiis aut autem culpa reprehenderit. Ut possimus alias iste molestiae molestiae.','2017-03-30 11:16:50'),(343,150,91,'Mollitia ullam voluptatem eum harum exercitationem facere molestias voluptas. Eveniet fuga impedit voluptate possimus consectetur quibusdam nam illum. Quo soluta voluptatem nostrum occaecati.','2019-06-12 11:50:55'),(344,135,28,'Neque cumque soluta ea sapiente dolore aut laudantium. In impedit nihil dolor nihil molestias voluptatem. Autem at et sunt saepe sunt sequi animi unde. Provident culpa repellat molestias sunt sint.','2015-06-15 10:00:34'),(345,174,9,'Enim nihil corporis quia consequuntur. Dolor sequi asperiores possimus commodi eligendi et. Inventore reiciendis numquam voluptas dolores consectetur assumenda. Consequatur perspiciatis voluptas et optio recusandae. Aperiam atque pariatur illo eius numquam excepturi.','2018-09-16 10:27:02'),(346,163,73,'Non vero consequatur suscipit veritatis. Non et aliquid aut. Molestiae et expedita eos.','2017-10-15 12:06:40'),(347,104,7,'Minima sapiente porro maxime maiores enim dolores omnis. Et veniam repellat unde sit at. Optio possimus distinctio iusto.','2012-02-22 16:41:13'),(348,134,22,'Quia est rem neque aut sint. Dolore quia quas quidem eos. Magnam vero suscipit minima voluptatem qui velit reiciendis.','2012-01-19 05:46:00'),(349,109,18,'Explicabo voluptatem delectus eos cumque fugit dolorum alias. Non quidem officiis omnis aut consequatur ut. Atque hic odit fugit dolor quasi consectetur. Alias nisi temporibus nam commodi totam inventore ex.','2010-06-09 17:42:55'),(350,183,52,'At qui adipisci blanditiis voluptate. Nisi velit magni alias repudiandae nisi id. Incidunt fugiat et dolorem laborum voluptatem. Ratione tempora praesentium animi omnis tempore eaque.','2013-11-10 14:53:22'),(351,130,37,'Incidunt et ipsam soluta nemo dolor iure. Omnis omnis magni est fugit. Consectetur voluptate voluptatem nihil sed adipisci facilis. Pariatur accusamus minima est aut debitis architecto consectetur. Enim ut eos possimus distinctio quis eum.','2017-12-26 03:44:30'),(352,122,31,'Sit qui debitis quasi aut odit necessitatibus id quia. Iure vel est eos nemo et rerum dolorum. Consectetur est est consequatur quaerat repellat non. Occaecati quibusdam dolor quam rem nobis cum iure et.','2016-02-11 18:54:23'),(353,121,92,'Odio error eius in enim quisquam necessitatibus. Sit corporis et cumque.','2013-11-01 07:09:00'),(354,188,49,'Deleniti cum eius doloremque vero. Dolor soluta minima incidunt eum quasi illum sit. Veniam in repudiandae consequatur et possimus.','2018-01-29 03:44:56'),(355,142,10,'Aspernatur velit possimus impedit deleniti eos. Nemo quae repellendus ipsum. Voluptatum voluptatibus ipsam ut autem voluptatem.','2019-06-02 23:47:20'),(356,179,19,'Nostrum sapiente sit aut voluptatem. Reiciendis magni sequi itaque error et quia. Voluptate ea voluptas iste aliquid facilis debitis. Vel reprehenderit et odio sit optio dolorum rerum.','2014-09-07 09:17:49'),(357,106,54,'Quia consequatur esse fugit est et ducimus. Numquam nihil qui blanditiis. Omnis et ratione aut facilis. Qui totam enim vitae distinctio ut ut.','2012-08-05 15:46:37'),(358,178,39,'Eligendi quia cumque rerum ut dolorem reiciendis. Ipsam nihil pariatur molestiae ea voluptatem temporibus nesciunt. Sed sit et culpa sit incidunt. Qui aperiam officia in veniam expedita qui consequatur. Culpa voluptatem corrupti hic laboriosam dolor quis.','2012-05-13 19:35:50'),(359,171,38,'Qui eius aut sit quo atque exercitationem. Consectetur est vel temporibus fugiat libero quibusdam. Perferendis aut ut quia provident voluptas labore. Laboriosam ducimus similique inventore.','2013-04-08 14:22:42'),(360,169,30,'Sed et maiores quo perferendis porro qui qui. Ut inventore rerum minus quisquam omnis corrupti est natus. Vel qui qui quas voluptatem eligendi magnam aliquam.','2017-04-13 03:00:05'),(361,181,77,'Doloremque totam ut est. Tempora ut est voluptatem asperiores.','2012-09-27 23:13:02'),(362,177,6,'Sed sunt est dolorum debitis qui velit vel. Sunt molestiae necessitatibus nemo incidunt. Similique consequatur sapiente ratione aut.','2017-10-18 04:00:14'),(363,178,22,'Illum vel fugiat minima hic nulla aut iste. Iure officiis vel neque debitis deserunt. Dicta et est et excepturi eos saepe. Repellat doloribus rem ut rerum dignissimos quia autem.','2018-06-02 09:01:09'),(364,171,11,'Odit suscipit rerum qui accusamus. Fuga cum nihil voluptatem voluptates enim. Amet et velit aut omnis libero. Et et sed ducimus consequatur.','2013-04-02 00:27:19'),(365,157,30,'Corporis et corrupti hic itaque ut ut eaque. Explicabo et porro similique non minima nam officiis. Ut quas reiciendis et quas laborum quia molestiae. Repellendus sunt molestias sit atque molestiae adipisci.','2016-04-21 00:22:57'),(366,134,65,'Officiis occaecati accusantium sed nam dolorum laudantium. Voluptas id delectus eum voluptates deserunt suscipit ut minus. Aut quia itaque atque eaque ut.','2014-09-09 23:07:20'),(367,148,60,'Earum quia quidem officia nisi veniam occaecati sint et. Quae est quis assumenda non est quasi. Sunt optio sunt voluptatem et quia.','2016-01-02 03:18:00'),(368,124,20,'Nulla id quae vel nobis quam eveniet. Rerum qui odit repellat inventore est cumque. Quasi inventore qui rem quia quibusdam voluptas.','2012-07-03 04:24:41'),(369,135,6,'A voluptate nostrum maiores. Dolor reprehenderit dicta laboriosam commodi delectus. Temporibus recusandae vel voluptas architecto tempore illo et.','2011-08-16 05:26:11'),(370,153,20,'Et consequatur ea neque. Nam consequatur quisquam vel provident ipsam ipsa quia. Ipsam animi eligendi quo omnis qui hic.','2013-01-25 05:58:55'),(371,198,100,'Deleniti eveniet et voluptatem corrupti mollitia dolorem dignissimos voluptatum. Est doloribus consequatur autem eveniet praesentium. Quibusdam inventore itaque voluptas minus officia quo necessitatibus. Possimus molestiae optio et ducimus earum rerum.','2015-12-28 04:47:18'),(372,198,100,'Laborum laborum et autem quo voluptas commodi iusto. Nisi harum molestiae nam eveniet recusandae corrupti qui. Quia enim necessitatibus eum doloremque.','2018-11-20 23:11:56'),(373,196,41,'Et cum ut nesciunt eos. Facilis aliquid aut veniam ea sit. Dolorum dolor voluptatem eum vitae atque magnam.','2013-02-20 07:57:46'),(374,104,35,'Vitae cum odit nostrum est eveniet et est qui. Recusandae laudantium eaque modi vitae voluptatibus mollitia. Enim quidem qui ratione mollitia provident beatae.','2016-03-16 07:51:35'),(375,166,45,'Deserunt doloremque voluptatem rerum ut corporis. Corporis quis minus sint harum consequatur non.','2014-09-13 21:13:14'),(376,163,41,'Ut corrupti necessitatibus at fugiat laudantium. Harum ab facilis non consequatur adipisci cupiditate facere rerum. Voluptas aut possimus rerum delectus minima voluptatum nobis. Fugit similique qui debitis distinctio hic velit assumenda culpa.','2016-04-27 12:58:50'),(377,118,3,'Error saepe et ducimus qui. Ut minima aut amet. Rerum nesciunt sequi maxime omnis omnis est rerum.','2014-07-07 04:11:53'),(378,127,57,'Ullam placeat repellendus consequatur laborum fuga voluptatem voluptas. Animi perspiciatis culpa ea expedita aliquam et. Explicabo aut iusto consectetur minus fuga quasi nihil.','2011-11-30 05:49:06'),(379,153,6,'Voluptatum dolor sed voluptates ea fuga. Ut officiis corrupti eos est nam facere.','2019-09-25 19:41:47'),(380,154,10,'Explicabo repellendus occaecati dolorum veritatis. Tenetur dignissimos laborum sint ut. Consequuntur suscipit esse possimus et pariatur voluptatibus dolores. Ut ut consequatur ab dicta.','2011-06-09 21:44:49'),(381,199,33,'Eos dolores in dignissimos. Odio ex harum nam impedit autem eum. Similique ut commodi dolorem accusamus fuga provident amet. Molestias quis placeat voluptatem.','2017-05-01 03:01:37'),(382,121,53,'Sed dolor deserunt similique voluptatem reiciendis. Fuga odio sit omnis quaerat dignissimos. Excepturi perspiciatis dolor omnis ut.','2019-05-26 13:49:56'),(383,127,99,'Sint ducimus quas impedit tempora. Odit ipsum animi illum sit quidem tempora mollitia. Dolorum quo quidem accusamus illum facilis quia ab. Dolor id veritatis veritatis atque et. Distinctio odio tempore aliquam illo praesentium est.','2011-10-07 11:24:39'),(384,179,86,'Quod dolor distinctio sit dignissimos consequatur. Quidem velit nulla sed accusamus distinctio voluptatem rem. Molestiae similique ut est omnis explicabo. Non blanditiis aliquid ipsam veniam est et ut.','2010-06-10 07:13:33'),(385,110,88,'Et in dicta inventore provident expedita amet. Quibusdam ut eligendi dolores sed commodi dolorem et. Voluptatibus voluptatum placeat eum aut porro autem. Maxime ipsam nobis rerum eligendi et porro molestiae velit.','2019-06-01 07:36:36'),(386,137,57,'Enim et amet ipsum eaque cupiditate exercitationem distinctio optio. Illum debitis minima voluptatibus vero nulla. Eveniet consequatur saepe earum veniam.','2016-04-19 16:31:21'),(387,128,8,'Eveniet nobis fuga debitis quis laborum et asperiores. Ratione est atque ea vel id. In sequi eum doloremque nulla.','2011-05-05 15:52:47'),(388,193,35,'Dolor placeat et atque temporibus maiores nobis. Maxime ea sunt quod occaecati molestiae aperiam ut. Consequuntur sunt quas quia iusto iusto voluptatem. Ut voluptate optio eos odio.','2017-03-31 09:38:26'),(389,112,10,'Maiores dolorem sequi necessitatibus nihil. Et ut possimus ut reprehenderit. Nulla illum earum et voluptas consequatur rem.','2019-08-22 00:15:36'),(390,181,36,'Quaerat est assumenda et. Repellendus consequatur enim cupiditate qui fuga delectus et ea. Dignissimos culpa ratione distinctio laboriosam laudantium deleniti.','2019-10-11 20:29:47'),(391,133,91,'Omnis reiciendis velit cumque aperiam. Sed mollitia et eligendi culpa occaecati quidem ut impedit. Quo ex ipsa officiis recusandae recusandae quos enim.','2014-05-31 12:38:39'),(392,153,99,'Consequatur aperiam provident et est aliquid atque et. Aspernatur facere ut in omnis non dolores. Aliquid quos et laudantium commodi dicta deserunt sunt. Nisi ipsam quasi reprehenderit sed excepturi saepe. Magnam id provident pariatur sint ad maiores.','2014-10-15 11:26:34'),(393,107,62,'Aut voluptatem dolores eum. Qui et ut incidunt dolorum voluptatum ullam voluptatem.','2013-05-23 09:24:59'),(394,157,7,'Ipsam vel corporis alias quaerat voluptatum quasi quia. Et facilis atque at voluptas est ipsa. Et quisquam nisi perferendis qui repudiandae ex doloremque.','2018-02-06 06:32:35'),(395,121,69,'Exercitationem eaque explicabo exercitationem. Eos possimus unde autem atque autem commodi non.','2017-05-27 11:47:37'),(396,200,37,'A est beatae rerum quos. Esse minima hic incidunt corporis officia voluptatem. Corporis culpa voluptate hic quos eos aliquid. Ducimus consectetur aut aut.','2011-10-11 22:34:37'),(397,149,64,'Temporibus facilis eaque ut explicabo modi minus. Est adipisci adipisci consequuntur aut suscipit necessitatibus non.','2014-06-26 19:10:35'),(398,140,22,'Est ut illum unde corrupti. Vel necessitatibus blanditiis labore ut nobis similique occaecati. Minus libero est voluptatem. Et doloremque tenetur aspernatur deleniti debitis non animi.','2013-02-24 18:24:43'),(399,112,15,'Facere laudantium dolores voluptas voluptas repellat. Veniam ullam tenetur qui voluptatum explicabo.','2010-12-21 20:02:52'),(400,126,22,'Non ipsa quas fugit a maxime quaerat. Consequatur sit voluptatum rerum sed. Ipsam porro blanditiis qui sed voluptatem. Est voluptate tenetur et quia.','2011-03-09 04:16:40'),(401,133,77,'Est quaerat error rerum dolor explicabo est. Officia beatae atque nobis accusamus. Nostrum hic sapiente velit tempora aut blanditiis dolores. Quo maxime et consequatur sint asperiores quo omnis.','2016-04-13 21:04:37'),(402,183,46,'Ipsum et at tempora illum aut iure est eum. Voluptates nemo fugit expedita qui. Perferendis eligendi iusto officiis eaque voluptatem quis. Eum sit molestias ut.','2011-04-27 15:13:15'),(403,149,17,'Voluptatem soluta et consequuntur aut debitis sint. Ipsam praesentium aut tempora accusamus doloremque distinctio. Aut sint ducimus ut id provident voluptatem similique.','2016-07-26 10:42:42'),(404,199,65,'Perspiciatis perferendis voluptatum voluptas commodi. Maiores repellat alias voluptatibus eligendi. Facilis quisquam aut eos. Velit qui sed sed architecto ut hic. Magni adipisci quis omnis sed tempore temporibus.','2015-12-19 10:36:33'),(405,200,10,'Quis nisi itaque in. Sit enim nostrum aut esse. Possimus quia labore quibusdam et ipsa est ab. Eveniet voluptate aut voluptas veritatis eum ullam quod.','2016-02-13 02:35:39'),(406,186,69,'Non dignissimos nemo officia suscipit repudiandae nostrum modi et. Praesentium reprehenderit ipsum placeat dolorum. Id est animi nisi nostrum doloremque vel. Itaque dolorem rerum officiis velit.','2015-12-25 10:55:09'),(407,197,14,'Architecto dolorem inventore doloribus dolores aut exercitationem praesentium perspiciatis. Ipsum laborum repellendus et dolor nemo.','2016-04-23 02:59:58'),(408,137,61,'Impedit amet impedit quae id enim rerum aut. Odio esse minima tempore molestiae nobis dolorem. Tempore quod est et.','2017-10-09 15:19:17'),(409,145,47,'Molestiae voluptatem fuga tempore. Sunt facere et ducimus iusto veniam. Architecto et porro voluptatibus non iure assumenda commodi. Repellendus magnam omnis nam eum.','2016-11-07 04:14:32'),(410,170,28,'Harum voluptas dolor laborum distinctio nesciunt. Occaecati veritatis suscipit aut alias in velit. Eum eos qui distinctio pariatur. Non facere illo culpa ea molestiae distinctio libero.','2011-09-30 00:32:34'),(411,155,9,'Non dolorem explicabo quasi voluptas fugiat. Animi nemo in impedit velit. Dolores dolor eveniet qui qui natus non repudiandae voluptate.','2011-09-23 16:20:45'),(412,140,39,'Cum animi est aperiam fuga. Inventore architecto quo repellendus praesentium.','2014-06-11 03:15:26'),(413,146,92,'Asperiores quod maiores omnis sequi a nihil dolores. Corporis ipsa eaque nostrum ut provident nostrum impedit eos. At modi tempora quod amet eaque quia qui qui.','2013-02-17 20:41:00'),(414,179,98,'Mollitia nobis itaque aut. Eius totam non quod veritatis saepe facere ipsa. Quis voluptas inventore delectus voluptatem est nisi. Sit est aliquam quibusdam voluptatum.','2012-04-19 20:37:16'),(415,141,81,'Sit ipsum est aut qui aut et rerum. Molestiae libero natus beatae tenetur impedit soluta. Id sed dolorem veritatis atque architecto omnis quis.','2011-04-13 08:19:56'),(416,189,93,'Est enim distinctio incidunt officiis debitis. Sint molestiae quisquam voluptatem rerum. Veritatis cum quia molestias dolorem at. Et dignissimos modi quaerat consequuntur facilis ut.','2017-10-12 10:42:13'),(417,140,19,'Nemo qui autem alias soluta quibusdam. Inventore minus quaerat neque optio mollitia debitis. Qui magni fugiat delectus rem.','2014-12-17 19:28:26'),(418,136,17,'Minima vero odio rerum molestiae hic consequatur adipisci. Praesentium aut corrupti asperiores. Facere corrupti totam est voluptate eius possimus nesciunt.','2011-07-25 17:05:33'),(419,180,77,'Nisi perspiciatis tempore omnis qui non blanditiis. Sunt praesentium molestias illo sapiente. Quasi sunt et voluptatem ex. Et necessitatibus dolores vel est necessitatibus est porro. Voluptatem et et ea nulla voluptas laborum.','2013-10-11 14:49:35'),(420,163,1,'Eaque repellat expedita harum ipsum fugiat necessitatibus aliquid. Numquam consequuntur voluptatem neque soluta asperiores et. Doloremque dolore doloremque quis aut aperiam recusandae et. Minima molestiae dolor vel laudantium.','2010-06-15 23:02:23'),(421,135,13,'Quo quam atque aut nihil consequuntur. Voluptates sed quo ducimus. Non nisi suscipit quia est eos ipsam. Voluptatem consequatur expedita iusto fugiat consequatur magnam totam voluptas.','2013-09-19 02:36:25'),(422,173,34,'Nesciunt aut eaque qui tempora odio consequatur accusamus. Esse voluptas quis quia fugit quaerat maiores. Incidunt cum blanditiis perferendis doloremque explicabo. Omnis voluptatem quis vitae aut fugit cum ipsa.','2014-11-18 06:31:37'),(423,139,56,'Excepturi eum porro commodi deleniti pariatur quae aut. Eum vel ad et est eligendi rem provident. Aliquid quibusdam omnis labore sed ratione.','2017-10-15 06:37:50'),(424,157,68,'Repudiandae adipisci ratione ipsam consequuntur sit dolorem ipsum. Numquam enim omnis praesentium ipsam. Suscipit voluptatem dolores maxime aut dolorum.','2015-08-22 14:08:51'),(425,152,50,'Culpa magnam vel ipsum sed magni qui. Voluptas vel exercitationem facere. Dolores ut inventore quia velit.','2014-05-12 08:45:11'),(426,146,6,'Ducimus qui molestiae voluptas consectetur adipisci dicta. Odit sint molestias qui repellat qui molestias voluptatem. Repudiandae laboriosam expedita consectetur error dicta. Cumque est voluptatem est deserunt commodi repudiandae.','2013-01-19 17:38:57'),(427,167,2,'Ea magni dolores repellendus voluptatem unde quos. Placeat et voluptatem magni culpa facilis. Atque accusantium porro explicabo delectus rerum possimus ea. Quod corporis et rerum est voluptatem ab corporis.','2016-02-29 05:13:38'),(428,185,98,'Cum optio porro sequi quo nesciunt. Voluptatum quis quia doloribus sunt necessitatibus. Voluptatem sapiente quam et reiciendis enim earum. Quisquam laborum alias recusandae voluptatem quaerat accusamus. Quas velit sequi et nihil aut.','2014-03-20 00:48:10'),(429,111,84,'Adipisci consequatur quia voluptatem voluptatibus ducimus quasi. Sunt quia dolores ut voluptas omnis nobis. Ad veritatis incidunt itaque eius perferendis. Dolores eum quibusdam eaque dolores molestiae.','2011-02-04 05:42:37'),(430,121,63,'Veniam totam alias necessitatibus eos ut dolorem. Rerum at aperiam eum consequatur quam qui qui qui. Consequatur recusandae laboriosam voluptas deleniti veniam sed.','2017-03-05 12:44:43'),(431,112,57,'Ipsam a nulla eum dignissimos sed a. Ad exercitationem distinctio voluptas id. Eos aut ut dolorum id eum pariatur. Accusantium aliquam unde beatae error velit omnis.','2019-01-19 17:43:01'),(432,113,20,'Quo fuga sunt consectetur ut quaerat consequuntur omnis. Itaque nemo deserunt corporis laboriosam. Qui voluptas aut non libero earum inventore quibusdam voluptatem.','2011-10-21 17:21:14'),(433,164,39,'Voluptas voluptate deserunt corrupti corrupti reiciendis. Fugiat et deleniti veniam nam omnis. Ut voluptas illo tempore sunt corrupti exercitationem. Laboriosam odio error distinctio esse sunt quam.','2012-03-15 05:37:35'),(434,133,49,'Ab rerum aut ut repellat blanditiis aut illo quod. Aliquam autem quibusdam a quo amet alias nihil. Error et voluptas fugiat consequatur. Aliquid fugiat consequatur velit quibusdam ex.','2014-06-06 01:50:10'),(435,155,48,'Non sequi quia delectus officia beatae. Nobis magnam atque nulla. Et autem voluptas et repellat eum. Sed vero deleniti delectus eveniet. Eaque voluptas perferendis praesentium animi tempore neque.','2016-11-20 03:55:49'),(436,125,98,'Voluptatem dolor fugiat eius quis ut. Et consectetur neque officiis dolor possimus.','2015-07-25 00:49:35'),(437,107,59,'Ex eos pariatur iure temporibus est. Maxime rerum error sed voluptas.','2015-06-22 11:59:00'),(438,154,60,'Et autem hic voluptatem veniam. Aut harum ullam est. Iusto error itaque et doloremque ut fuga quia. Aut harum id et animi.','2010-07-02 21:55:34'),(439,139,86,'Aut aut quas architecto est illo debitis quae. Non fugiat nostrum ea quasi quae et earum. Voluptatem quia ad et blanditiis repudiandae qui tempora. Debitis dolore optio aliquam suscipit.','2010-10-19 20:42:35'),(440,193,86,'Ut amet tempore qui soluta qui corporis ut velit. Harum et ducimus et. Et temporibus aut recusandae quasi nulla.','2018-10-03 12:40:48'),(441,132,96,'Quia atque et culpa dolorem error voluptatibus quis. Consectetur inventore totam et sit sint est sint.','2013-09-20 01:13:07'),(442,171,78,'Commodi doloribus iure vitae aliquid eos. Dolore delectus nobis omnis et inventore aspernatur. Culpa accusamus perspiciatis quaerat voluptatum. Dolores maiores repudiandae fugit.','2016-01-04 12:48:00'),(443,169,19,'Sapiente numquam eos rerum velit. Omnis quibusdam voluptatibus consequatur aut expedita. Praesentium delectus voluptatem quo quo vel iste. Blanditiis eaque quasi rem non.','2013-05-19 14:56:21'),(444,159,37,'Aliquid aliquid sit et non quis. Non magnam possimus est sit quasi quo repudiandae quia. Aut ut sapiente id. Sapiente soluta error vel nostrum nam eum in commodi.','2019-07-22 13:00:40'),(445,101,53,'Voluptatem harum exercitationem ut aut dolor omnis officia. Repellendus culpa ratione repellendus sed et.','2015-09-01 04:02:06'),(446,131,63,'Sequi laboriosam quis nihil eligendi odit. Eos ut dolor et reiciendis cum eligendi modi in. Repellat facere eos nam sunt nostrum. Ipsa tempore molestiae quasi perspiciatis.','2015-01-06 05:22:47'),(447,103,69,'Voluptas culpa explicabo quos et voluptatem debitis recusandae. Sed consequuntur ut velit aut molestiae. Libero iste aut assumenda adipisci et voluptate non. Facilis dolore unde aut laboriosam vel praesentium.','2014-10-06 13:00:19'),(448,149,7,'Praesentium blanditiis eos earum rerum molestiae quia odit. Rerum culpa sed quis ea iste. Quos et magnam eveniet ad qui a et voluptatibus.','2018-01-08 19:36:29'),(449,155,32,'Adipisci eius sed atque aspernatur. Amet suscipit praesentium porro repellendus non. Quidem voluptatum animi consectetur ut labore soluta eos est.','2017-07-07 00:25:40'),(450,124,78,'Ipsum tenetur commodi aut veritatis explicabo nisi. Soluta molestiae debitis ipsum molestias laboriosam repellendus qui. Repellendus adipisci dignissimos est autem officia. Temporibus illum cum voluptatem dolor.','2012-06-30 03:20:33'),(451,151,24,'Quo esse aperiam labore deserunt ipsam blanditiis magni. Sequi vitae nisi est voluptas nihil. Doloremque esse asperiores distinctio et reprehenderit. Velit eum atque et fugiat illum alias. Ipsam facere ipsa aut repellat dolores possimus et eos.','2019-06-17 10:23:04'),(452,164,38,'Culpa quis consequatur dolorem dolorum magni non. Quia commodi assumenda dolores iusto mollitia inventore repellendus. Velit quia maiores quia ex cumque magni cum.','2018-05-20 20:14:28'),(453,139,47,'Ut eos sit omnis neque distinctio nulla deleniti. Illo sed possimus iste magnam perspiciatis. Modi omnis ipsum soluta accusantium accusantium eum. Et voluptate voluptatem natus quibusdam est accusantium.','2016-11-13 04:07:41'),(454,183,88,'Ipsum qui delectus est et dolor sunt nesciunt ratione. Earum quia vel amet dolorum harum optio voluptas. Quasi quisquam totam dolorem ut numquam aut. Ut omnis id facilis quo ut qui.','2015-10-15 11:27:22'),(455,136,6,'Consectetur autem recusandae et consequatur. Omnis voluptatem voluptas ullam tempore quod quia. Ipsa consequuntur placeat et laborum odit rem distinctio voluptatem. Corrupti est distinctio qui dignissimos nostrum. Ea fuga tenetur quasi maxime aut.','2011-09-05 13:29:45'),(456,185,8,'Modi vitae perspiciatis pariatur vel ut voluptates. Neque consequatur at iste non iure. Quod voluptas nostrum pariatur earum quas officiis. Eos impedit non repudiandae nam debitis veritatis.','2018-09-05 21:24:48'),(457,178,2,'Id expedita amet distinctio pariatur dolorem sunt. Ducimus expedita deserunt blanditiis eum in. Voluptates similique sint totam a facere. Laborum et doloribus reprehenderit ipsam illum placeat.','2012-08-20 06:45:05'),(458,114,87,'Rerum quam et labore labore quia unde. Veritatis voluptates et doloremque maiores consequatur adipisci dolorum. Tenetur recusandae aut sit dolores est. Sint voluptatem et alias fugiat voluptas porro.','2015-03-20 21:33:25'),(459,153,74,'Dolore aut optio commodi quibusdam iusto ex nostrum. Molestiae totam praesentium ipsam incidunt voluptatem maiores voluptate. Error a quis occaecati enim fuga.','2014-07-23 11:00:36'),(460,113,7,'Eligendi corporis qui autem quas. Rem qui sed odit rerum officia dignissimos quo iusto. Nesciunt ipsa nam et reiciendis voluptas.','2018-08-01 02:34:08'),(461,141,99,'Sit natus excepturi similique quis recusandae aut voluptatibus in. Consequatur ex sed odit et laudantium ut. Totam qui dignissimos reprehenderit reprehenderit numquam quam. Odio culpa in explicabo numquam.','2012-05-03 07:52:38'),(462,106,3,'Quia ratione recusandae nisi omnis nihil ut et. Corrupti in eveniet totam recusandae deleniti error nesciunt.','2012-09-14 15:54:58'),(463,172,43,'Placeat dolores unde occaecati non. Qui veritatis consequatur dolores est ipsam. Doloremque non ducimus a dolores numquam. Eligendi corrupti quos doloribus quod est mollitia qui velit.','2017-08-03 15:49:20'),(464,191,47,'Excepturi expedita maxime voluptas aut consequuntur fugit. Eaque nobis voluptates voluptatem voluptatum eius. Reprehenderit rerum consectetur laboriosam. Id rerum et commodi.','2020-01-11 23:20:45'),(465,200,93,'Sapiente qui autem quas provident quod. Vel error perspiciatis itaque recusandae dolores eveniet est. Quo et iste molestias esse reprehenderit doloremque voluptas.','2014-03-15 23:59:19'),(466,165,67,'Eaque aut quis molestiae dolorem consequatur id error assumenda. Maxime error nemo et quae ullam. Quibusdam est autem ut unde aut est error omnis. Totam ut suscipit fugiat blanditiis voluptatem mollitia ut rerum.','2016-03-06 07:20:55'),(467,133,91,'Minima rerum consequatur perferendis voluptas officia. Quam dolorem nesciunt ea. Pariatur optio quibusdam doloribus similique voluptatem atque ipsa.','2016-01-22 21:05:03'),(468,157,42,'Ut magni et deleniti eos et pariatur sapiente. Quia iure numquam quia laudantium placeat inventore ipsam. Corrupti illum asperiores ex iste itaque laborum distinctio. Id laborum vel et eos.','2018-03-13 15:01:27'),(469,136,61,'Qui ut delectus dolores voluptatem explicabo nobis. Et dolor et est explicabo. Libero et maiores quos quaerat sint.','2011-02-06 08:38:39'),(470,121,37,'Ad numquam atque quia ea ipsa rerum eveniet exercitationem. Fugit saepe maiores aut delectus. Voluptas illum et sed praesentium et. Accusamus id ut omnis omnis enim est voluptatem repellat. Veritatis sint quisquam mollitia aut ut ut est ad.','2015-03-02 03:12:12'),(471,185,94,'Cupiditate maiores deleniti aperiam vel quasi delectus incidunt. Tempora animi ut quaerat rem. Hic illum aperiam maiores dolorum.','2011-02-26 01:29:57'),(472,182,75,'Eligendi asperiores voluptate vel eos. Dolorem soluta totam autem omnis. Libero mollitia quibusdam quam qui facere. Voluptas eum distinctio commodi voluptates sit consectetur veniam harum.','2014-10-09 02:09:24'),(473,181,91,'Eum ut velit blanditiis. Voluptatem blanditiis voluptas sed quas dolorum. Dolor modi non voluptatem voluptate eligendi magnam. Voluptate facere facilis libero sit sed similique voluptas.','2012-07-01 03:31:35'),(474,126,18,'Sit cupiditate aut in. Et sit impedit suscipit qui animi voluptate. Natus nobis dolore ea ut.','2018-07-10 04:41:43'),(475,174,77,'Debitis officiis explicabo voluptatem incidunt similique. Repudiandae nulla quis vel nulla. Tempora eaque eveniet perspiciatis sit.','2011-01-09 23:27:08'),(476,191,44,'Aliquam fuga et sed enim maxime labore quae ab. Pariatur dolores laborum deserunt facere et.','2019-06-11 19:34:37'),(477,173,87,'Alias distinctio qui inventore fugiat alias. Atque aut rerum unde ullam odit commodi. Eveniet reprehenderit in quia similique molestiae quia. Quis et sint quod eligendi ut.','2018-06-07 10:26:23'),(478,124,31,'Et et quia aut quo dolor dolor. Ullam dolorem et sapiente aperiam ipsa. Excepturi sed inventore repellat aperiam odio.','2011-07-18 08:23:24'),(479,164,44,'Suscipit omnis reprehenderit sequi. Est in quos ratione optio rerum dolorem. Sunt omnis voluptate numquam. Earum sit vitae consectetur labore eum.','2012-04-24 14:57:36'),(480,174,95,'Omnis ex earum velit cumque aut sapiente consequatur vero. Id velit veniam laudantium sed. Et quos laborum qui et quas.','2014-09-28 19:32:37'),(481,135,49,'Exercitationem impedit non aut reprehenderit modi. Recusandae at adipisci voluptates et itaque beatae. Et harum ut nam. Recusandae totam culpa quia quos nulla consequuntur.','2015-09-30 15:29:32'),(482,136,2,'Qui et quasi omnis aut rerum repellendus in. A velit totam voluptas praesentium aut. Sit dolores quis ea.','2014-08-14 08:34:50'),(483,104,57,'Consequuntur et rerum sapiente eligendi aliquam. Rerum voluptates animi enim et eveniet nobis in. Consequuntur aliquid qui dolorum accusantium sit similique illo.','2015-01-04 17:37:09'),(484,101,45,'Impedit et itaque aliquam soluta ducimus dolore architecto non. Voluptatibus aut accusantium accusamus magnam non.','2011-09-02 11:51:22'),(485,124,34,'Ut consectetur aut incidunt sed quis. Dolorem et in cupiditate sapiente doloremque ex. Illo non corporis et.','2018-01-10 08:52:02'),(486,101,62,'Fugiat nulla exercitationem doloribus quia nihil. Ea ut fugit praesentium blanditiis. Veniam sed voluptatem eius ipsam. Nam iure aut voluptatem quo officia.','2016-11-21 08:45:26'),(487,108,8,'Deserunt et quia incidunt dolore quo rerum blanditiis. Quae distinctio consequuntur tempora tempore.','2013-01-21 20:32:16'),(488,145,61,'Ducimus nihil ipsam omnis quo provident. In at nihil velit non. Facere mollitia asperiores iusto vel.','2017-12-04 12:09:35'),(489,165,95,'Ab voluptatem non non eligendi repellendus nobis molestiae. Doloribus id sunt incidunt. Laboriosam et iusto illum eveniet.','2010-07-07 19:37:41'),(490,192,78,'Exercitationem harum quam sed nesciunt sit aut pariatur. Ut ut beatae provident quo dolorum. Adipisci repellendus culpa magnam rerum odit sit ea. Incidunt accusamus iste repellendus odit laboriosam.','2010-10-28 06:32:12'),(491,123,68,'Omnis dicta numquam velit id non eum. Non tempore atque ratione voluptate et aut nulla. Dignissimos beatae vel voluptates molestiae id libero officiis. Quo veniam exercitationem dolorum et non distinctio natus.','2011-09-12 06:39:59'),(492,166,94,'Natus sit quae exercitationem ut. Cupiditate autem tempore optio illum cum rerum. Rerum autem praesentium fugit explicabo. Veniam cum et id blanditiis non ipsam non.','2019-04-14 11:30:10'),(493,124,15,'Pariatur labore harum repellendus sint. Ea voluptas consequatur aspernatur saepe id. Repudiandae cumque cumque ex sit. Eos dicta et eveniet facilis.','2016-08-07 11:20:15'),(494,133,81,'Laudantium totam dolores eligendi quo veritatis aut et. A quae sunt odio sunt possimus. Illo officiis eveniet commodi qui natus molestias soluta.','2015-04-13 04:55:18'),(495,118,37,'Itaque in hic sint minus possimus veniam deleniti. Incidunt incidunt dolorem tenetur cum eaque. Est quo vitae non cumque omnis nihil aut. Voluptatem odit sequi necessitatibus dolor ut neque placeat. Animi impedit quidem qui aut repudiandae nemo sed.','2013-02-11 19:14:57'),(496,167,59,'Excepturi eveniet magnam nihil veniam illo tempore ad. Aspernatur minus beatae et. Veritatis a sed veritatis.','2018-09-16 01:58:08'),(497,138,49,'Assumenda consequatur iusto sit expedita non labore. Rerum corrupti ipsum consequatur numquam. Alias molestiae alias quo quia cum illum et ut.','2012-12-17 00:31:21'),(498,148,83,'Eum nihil ea quisquam voluptate eum dignissimos ad accusamus. Veniam aliquid doloribus exercitationem quasi. Blanditiis nobis quia et et. Et eligendi est esse maiores tempore fuga culpa necessitatibus.','2011-02-26 19:00:33'),(499,169,56,'Quae perferendis quisquam sint voluptatem totam dolor. Enim neque voluptas est. Qui voluptatum neque et aut laudantium quisquam magnam.','2013-04-21 23:41:08'),(500,182,14,'Nisi eaque cumque saepe laboriosam. Reprehenderit voluptatum illo rerum. Eaque repellendus accusantium facilis ut fuga dolores et.','2010-09-20 12:51:31');
/*!40000 ALTER TABLE `reviews` ENABLE KEYS */;
UNLOCK TABLES;

--
-- Table structure for table `users`
--

DROP TABLE IF EXISTS `users`;
/*!40101 SET @saved_cs_client     = @@character_set_client */;
/*!50503 SET character_set_client = utf8mb4 */;
CREATE TABLE `users` (
  `id` int unsigned NOT NULL AUTO_INCREMENT,
  `first_name` varchar(100) NOT NULL,
  `last_name` varchar(100) NOT NULL,
  `email` varchar(120) NOT NULL,
  `phone_number` varchar(120) NOT NULL,
  `created_at` datetime DEFAULT CURRENT_TIMESTAMP,
  `updated_at` datetime DEFAULT CURRENT_TIMESTAMP ON UPDATE CURRENT_TIMESTAMP,
  PRIMARY KEY (`id`),
  UNIQUE KEY `email` (`email`),
  UNIQUE KEY `phone_number` (`phone_number`)
) ENGINE=InnoDB AUTO_INCREMENT=201 DEFAULT CHARSET=utf8mb4 COLLATE=utf8mb4_0900_ai_ci;
/*!40101 SET character_set_client = @saved_cs_client */;

--
-- Dumping data for table `users`
--

LOCK TABLES `users` WRITE;
/*!40000 ALTER TABLE `users` DISABLE KEYS */;
INSERT INTO `users` VALUES (1,'Geoffrey','Grady','schmitt.frederik@example.org','836.337.0541x55548','2018-09-02 23:07:33','2011-07-23 06:14:03'),(2,'Maida','Dibbert','christiansen.noemy@example.net','(600)823-0419','2012-12-19 22:43:49','2012-08-26 12:04:48'),(3,'Hanna','Mitchell','lincoln.tromp@example.net','1-090-380-7496x0315','2012-08-07 20:54:34','2013-01-08 17:04:54'),(4,'Antonio','Maggio','lynch.eulalia@example.com','176-605-8137','2011-10-12 16:57:53','2014-03-18 00:04:09'),(5,'Simone','Leuschke','vkuphal@example.org','00962318869','2017-03-03 23:00:53','2011-04-29 14:00:36'),(6,'Reese','Jast','isobel33@example.com','672-138-0179x425','2011-12-10 17:03:41','2012-06-16 22:41:55'),(7,'Gennaro','DuBuque','nbaumbach@example.net','+58(5)5053191461','2019-06-19 00:07:27','2019-05-31 10:52:38'),(8,'Samir','Dooley','ehuel@example.net','071.470.8242','2019-01-26 09:48:04','2011-04-30 10:59:03'),(9,'Lauren','Hagenes','bogan.vallie@example.org','1-940-918-0636x5121','2016-11-03 23:23:45','2017-09-25 13:37:20'),(10,'Janie','Friesen','douglas.reed@example.org','1-427-409-0112x941','2012-07-23 12:17:09','2013-10-09 14:24:11'),(11,'Anjali','Dibbert','breanna12@example.org','665-965-0814x6207','2016-07-11 02:02:35','2010-08-20 21:08:09'),(12,'Felicia','Ziemann','vreichert@example.org','622-735-4533x53367','2014-05-12 09:07:37','2018-07-18 11:58:55'),(13,'Scarlett','Rippin','rogahn.cecelia@example.org','375.353.0003x39200','2014-10-11 20:04:07','2019-11-25 07:07:15'),(14,'Zander','Eichmann','jacinthe81@example.net','214-383-5713x871','2016-10-03 06:26:54','2010-11-30 04:33:30'),(15,'Megane','Goodwin','maynard.rutherford@example.org','014-587-9247','2016-02-13 06:08:04','2019-03-31 18:00:45'),(16,'Irving','Cronin','skub@example.org','540.092.0221x127','2015-12-26 04:41:43','2018-01-31 05:02:39'),(17,'Maude','Larkin','bmetz@example.com','373.115.1784x443','2015-05-30 03:36:46','2016-11-28 07:45:01'),(18,'Craig','Raynor','dillon.beatty@example.net','381-257-4570','2014-10-02 06:54:45','2010-04-07 01:45:30'),(19,'Myrtie','Monahan','alf.treutel@example.org','07925651001','2013-07-12 09:35:52','2019-12-11 02:29:34'),(20,'Camden','Gaylord','felton21@example.net','(605)502-8439x1853','2011-12-06 00:10:21','2017-01-24 03:38:11'),(21,'Remington','Thiel','aryanna22@example.org','854.986.5103','2011-09-30 07:02:09','2015-05-09 13:15:03'),(22,'Tyra','Runolfsdottir','erika.rippin@example.com','07890735747','2017-12-03 21:15:12','2018-01-13 17:52:23'),(23,'Juanita','Kunde','bernadine67@example.net','1-604-113-8860x712','2013-03-17 16:27:08','2014-05-30 04:03:38'),(24,'Harry','Blick','dorris55@example.org','(955)933-2215x5828','2012-06-10 18:56:25','2017-10-28 19:50:25'),(25,'Eloy','Stanton','fmedhurst@example.com','(666)521-2430','2017-02-17 17:59:50','2016-12-18 13:56:14'),(26,'Brisa','Raynor','blaze17@example.org','(291)571-2608x747','2015-11-28 10:28:56','2013-03-13 22:41:02'),(27,'Norwood','Hayes','donato53@example.net','1-496-252-1287','2018-12-24 23:27:39','2015-04-08 23:31:10'),(28,'Madaline','Towne','valtenwerth@example.com','381-900-0233x13606','2013-07-14 17:19:20','2016-04-19 21:16:28'),(29,'Stanton','Cartwright','scollins@example.com','591-818-1138','2017-04-04 22:50:44','2018-02-11 06:31:33'),(30,'Morton','Olson','kunde.shaniya@example.net','1-393-156-3546','2013-06-20 09:47:46','2017-07-23 09:33:41'),(31,'Madonna','Spinka','yherman@example.com','1-385-285-0054','2016-04-01 19:36:35','2018-12-29 08:10:48'),(32,'Jalyn','Kerluke','kelvin27@example.com','+06(3)1538594598','2013-07-12 21:50:19','2018-04-03 18:39:59'),(33,'Howard','Heller','jamie38@example.net','06108795906','2016-01-21 22:55:03','2011-09-04 04:02:33'),(34,'Keven','Rowe','gaylord.amira@example.com','+48(9)8714065925','2010-08-05 23:16:54','2016-07-01 18:02:36'),(35,'Marcelo','Kihn','camille.kuhn@example.net','1-542-254-6429','2011-07-06 20:44:44','2019-11-18 13:42:30'),(36,'Kevin','Ondricka','nannie.jenkins@example.net','1-652-264-7657x0757','2016-08-21 07:23:01','2016-03-10 03:42:24'),(37,'Patsy','Cummings','celia77@example.net','454.424.7798x261','2011-09-12 11:27:03','2011-04-28 21:10:49'),(38,'Kiel','Gleichner','helga.runolfsson@example.net','658-464-2038x6438','2010-06-04 07:36:21','2010-08-21 20:37:28'),(39,'Kenton','Effertz','xferry@example.com','341-360-2875x59653','2016-02-22 05:42:25','2018-03-19 03:20:37'),(40,'Giles','Turner','armand06@example.net','288-069-2437x03762','2011-08-21 23:16:08','2018-03-31 01:00:31'),(41,'German','Hegmann','oritchie@example.org','850.809.0987x44282','2013-03-25 15:58:01','2018-11-11 21:33:04'),(42,'Mauricio','Koch','destin46@example.com','06668380712','2017-06-10 10:03:25','2016-02-19 05:11:52'),(43,'Junior','Ebert','mcrona@example.com','735.247.4404x5761','2019-11-13 10:37:51','2020-01-14 03:25:02'),(44,'Vella','Harber','alisha44@example.com','1-022-798-4162x714','2018-06-26 21:06:18','2010-09-28 12:51:24'),(45,'Hazel','Wunsch','tyrique.walker@example.com','152.567.9071x425','2016-03-26 11:55:29','2018-03-16 02:32:50'),(46,'Thaddeus','Runte','glennie76@example.org','615-805-3204','2012-12-05 18:01:15','2018-11-20 11:45:52'),(47,'Lamont','Christiansen','octavia.quitzon@example.com','1-096-326-3137','2019-07-21 04:07:12','2016-01-18 21:47:48'),(48,'Edison','Boehm','miracle77@example.com','1-189-763-9771x30376','2015-12-25 01:42:09','2011-07-01 16:12:12'),(49,'Clay','Feil','orlo08@example.com','+53(2)1745254270','2019-01-12 12:09:45','2019-05-02 00:31:11'),(50,'Arno','Kris','aaron.hirthe@example.com','483-836-7366','2011-03-19 08:27:02','2013-07-22 23:34:13'),(51,'Casimer','Balistreri','denesik.demarco@example.com','(821)884-2601','2016-11-17 04:51:44','2018-08-31 08:12:10'),(52,'Barbara','Auer','amani25@example.com','1-813-082-1002x71282','2014-09-22 04:24:05','2011-05-08 15:54:55'),(53,'Mireya','Graham','rath.alice@example.net','(349)558-4337','2019-10-13 19:46:22','2014-05-27 15:02:44'),(54,'Jason','Tillman','demarco.parker@example.org','1-775-980-3173','2012-04-25 22:32:29','2017-08-30 08:54:17'),(55,'Llewellyn','Wisoky','kennith.goodwin@example.org','(875)577-9389x2592','2019-02-22 10:58:24','2014-07-18 23:57:23'),(56,'Jed','Schneider','emory02@example.com','(101)625-4751x00483','2011-04-06 15:34:05','2017-07-03 01:57:30'),(57,'Cristobal','Rolfson','drunte@example.net','1-681-253-2356x9075','2015-06-11 20:42:02','2013-07-18 07:20:28'),(58,'Lizzie','Hauck','pward@example.org','1-540-822-1808','2014-01-19 13:09:22','2016-02-27 14:02:28'),(59,'Travon','Okuneva','kbecker@example.net','456-409-1110','2010-12-12 16:16:57','2013-06-25 12:48:26'),(60,'Nestor','Hackett','fritz86@example.org','(446)667-2390','2014-04-28 02:05:04','2019-05-17 20:14:39'),(61,'Karina','Marquardt','ayla.erdman@example.net','678-040-0771x72486','2019-09-06 08:32:09','2019-08-23 11:57:01'),(62,'Helen','Wintheiser','cortez67@example.net','555.094.4716','2015-06-09 11:10:23','2013-04-14 17:16:26'),(63,'Uriah','Balistreri','ignatius10@example.net','(789)522-9595','2017-07-26 03:55:35','2018-12-14 23:07:17'),(64,'Annabelle','Champlin','torey13@example.org','795-571-6289x33502','2013-04-05 01:47:32','2010-06-19 18:45:19'),(65,'Mazie','Stoltenberg','qgusikowski@example.net','1-592-073-8535x33264','2014-12-12 13:00:24','2013-02-06 05:38:40'),(66,'Winifred','Kshlerin','wilber02@example.com','722-985-6221','2010-12-18 01:08:44','2016-04-11 13:02:49'),(67,'Filiberto','Herzog','verna31@example.com','1-542-722-1947','2018-09-27 14:39:52','2013-03-01 14:35:02'),(68,'Adele','Boyer','karley14@example.net','(993)886-8652x596','2017-02-03 14:46:01','2013-10-05 18:05:43'),(69,'Vilma','Homenick','dbrekke@example.com','(292)299-5609','2011-07-31 12:45:12','2019-06-09 09:27:01'),(70,'Carolina','Denesik','harley.blick@example.com','(483)150-8231','2017-12-28 09:42:30','2013-02-23 06:51:34'),(71,'Carmen','Moen','jailyn.fisher@example.com','1-005-244-7307x4728','2014-11-17 13:26:21','2017-07-05 20:54:54'),(72,'Hertha','Keebler','mabel.nader@example.org','1-942-466-6278x7343','2014-03-04 01:59:25','2016-09-28 09:02:49'),(73,'Leonora','Rohan','tia09@example.com','+46(1)1165776832','2013-01-09 22:45:11','2010-08-26 15:08:20'),(74,'Marcella','Hansen','alta.pacocha@example.com','183-031-4552x318','2018-12-28 17:26:16','2019-12-15 10:31:56'),(75,'Emmitt','Hirthe','myriam94@example.com','(377)879-7139x800','2018-06-09 20:43:08','2011-08-25 12:53:35'),(76,'Jarvis','Nader','wgreen@example.org','951-207-2092','2016-11-04 20:11:12','2019-04-18 17:14:53'),(77,'Shawn','Grady','benedict.sipes@example.net','1-994-661-9586','2019-06-05 18:23:51','2018-07-26 03:03:36'),(78,'Ruthe','Feest','chad.graham@example.org','(454)338-6592x6716','2018-12-20 12:43:21','2010-11-28 23:23:49'),(79,'Abigail','Koss','wkling@example.net','782-660-0975','2013-07-20 18:55:47','2016-03-10 18:19:29'),(80,'Devon','Lehner','tharris@example.net','144-399-6290x2279','2010-08-11 08:13:01','2017-05-03 16:00:42'),(81,'Amari','Hansen','alejandra.bailey@example.net','1-352-519-9508x61085','2016-05-11 03:24:21','2013-04-25 14:57:49'),(82,'Elvis','Runolfsdottir','keegan.grimes@example.org','456-941-8257x28512','2012-07-14 19:17:24','2016-08-10 16:32:32'),(83,'Mary','Skiles','leatha.murazik@example.net','(896)396-7091','2019-07-14 07:57:46','2017-04-09 09:52:54'),(84,'Joshua','Weimann','hyatt.austyn@example.com','03202437841','2017-03-28 17:45:26','2016-05-14 06:40:50'),(85,'Blanca','Conn','aborer@example.net','(720)411-4981x1938','2013-07-16 19:05:41','2016-11-05 11:45:54'),(86,'Sterling','Graham','herminia48@example.net','09481386657','2012-04-06 19:06:33','2011-06-06 16:16:22'),(87,'Gerald','Morissette','joseph26@example.com','916-768-2835','2015-11-24 02:03:08','2019-09-11 05:49:18'),(88,'Amari','Jenkins','treutel.everette@example.org','05045826413','2012-06-06 11:21:47','2013-03-17 10:31:03'),(89,'Anna','Green','pacocha.eliza@example.net','+35(9)9354055460','2012-12-18 14:09:14','2018-09-09 17:37:41'),(90,'Belle','Simonis','vbecker@example.com','(766)482-6910x223','2018-03-09 01:54:10','2018-07-24 09:43:41'),(91,'Ibrahim','Predovic','von.yolanda@example.org','1-272-517-4095x3168','2010-12-12 16:09:17','2010-07-11 10:05:20'),(92,'Levi','Langworth','mable86@example.com','(123)382-8976x816','2013-09-25 12:29:15','2015-11-20 18:36:42'),(93,'Alessia','Connelly','kboyle@example.org','(961)098-7306','2012-06-30 19:26:25','2019-03-13 20:52:49'),(94,'Felicity','McCullough','mhartmann@example.com','1-099-499-5899','2020-03-16 16:51:58','2018-04-07 15:02:29'),(95,'Icie','Mraz','ljacobs@example.com','019-031-0121','2015-06-04 08:42:54','2016-09-20 04:08:44'),(96,'Emmanuelle','Hermann','london62@example.net','1-047-580-5497x99941','2011-01-22 19:13:01','2018-10-23 16:41:35'),(97,'Karlee','Brown','pgutkowski@example.org','1-269-524-7250x2189','2016-02-24 13:58:26','2012-12-14 08:53:38'),(98,'Ryleigh','Reichel','eugenia.littel@example.org','1-387-098-6441x80869','2016-01-11 02:07:48','2012-06-29 05:53:48'),(99,'Amir','Hahn','lkoch@example.com','1-104-201-3829x842','2013-03-30 02:17:14','2020-01-15 10:08:54'),(100,'Green','Feil','pascale.waelchi@example.com','1-026-050-0492x939','2017-01-21 16:48:56','2016-11-11 07:26:45'),(101,'Clotilde','Kuhn','o\'reilly.cody@example.net','778-910-9696x4963','2014-06-08 22:51:15','2014-11-29 19:23:23'),(102,'Geoffrey','Hyatt','casper.lisette@example.com','209-397-3401','2011-09-13 04:21:14','2019-06-13 11:38:57'),(103,'Nicholaus','Kuhlman','ggorczany@example.com','064-214-5346x31500','2018-11-24 00:10:07','2015-12-11 06:40:52'),(104,'Sheldon','O\'Kon','fswaniawski@example.net','063-277-9966x6462','2013-08-31 23:23:05','2012-05-12 08:42:45'),(105,'Anita','Altenwerth','gwiegand@example.com','(594)229-1162x54054','2012-11-11 00:14:08','2016-06-09 11:50:26'),(106,'Aidan','Brakus','kyra93@example.com','08548972576','2012-12-04 20:33:05','2013-03-30 00:22:03'),(107,'Oleta','Rath','nolan.levi@example.net','126-287-5526x98113','2019-12-15 11:21:55','2013-09-18 13:08:50'),(108,'Anastacio','Leuschke','bashirian.madelynn@example.org','446.671.9658','2010-06-25 00:29:11','2019-08-20 14:33:41'),(109,'Madyson','Zboncak','leffler.mack@example.org','357.649.7730x455','2010-09-01 18:49:07','2013-03-05 21:43:35'),(110,'Vesta','O\'Hara','autumn.spinka@example.com','1-613-285-9459','2015-01-29 17:41:02','2014-11-03 13:23:21'),(111,'Justyn','Torp','hassan47@example.org','+77(0)2319405697','2017-02-10 18:16:47','2014-04-29 00:49:11'),(112,'Enos','Smith','ischiller@example.net','701.949.6008','2017-03-27 17:38:31','2010-12-10 17:15:20'),(113,'Nasir','Erdman','dandre95@example.com','932.493.7205x8912','2017-12-24 16:28:13','2014-08-31 08:04:34'),(114,'Claire','Bruen','heloise84@example.org','972.447.4262','2018-04-23 10:31:38','2016-04-10 20:25:29'),(115,'Marjolaine','Rowe','considine.candelario@example.net','966-077-7400x99650','2017-10-01 10:47:43','2015-04-16 14:58:37'),(116,'Glenna','Stark','treutel.shakira@example.com','05031045993','2011-10-17 03:02:04','2019-04-29 15:44:12'),(117,'Christy','Ortiz','boyer.camylle@example.net','810.565.3457','2016-12-20 06:20:55','2012-09-04 13:25:47'),(118,'Jacques','West','wilton84@example.net','1-107-130-9233x64988','2017-02-16 22:04:31','2016-02-16 18:45:44'),(119,'Tianna','Batz','sarina.lehner@example.com','(349)590-7365x8412','2014-08-23 17:08:02','2015-09-06 02:37:26'),(120,'Chyna','Mertz','jan53@example.net','(156)257-3489x893','2012-01-04 22:17:33','2016-06-19 07:24:55'),(121,'Vergie','Metz','jamil26@example.org','(659)852-7165','2017-04-25 04:44:29','2019-02-24 21:46:17'),(122,'Jacynthe','Harris','effertz.madyson@example.net','1-015-805-8652x806','2016-09-15 15:17:41','2012-12-20 01:27:54'),(123,'Agnes','Schimmel','tschuster@example.net','(451)253-6615','2016-03-30 15:05:18','2013-05-11 00:38:25'),(124,'Llewellyn','Gutkowski','gstehr@example.com','+93(1)9350537399','2010-07-24 19:21:14','2017-12-30 20:19:32'),(125,'Jany','Willms','eborer@example.org','213.337.1236','2014-09-12 18:16:26','2012-10-29 12:30:08'),(126,'Verna','Quigley','ratke.reba@example.net','(280)653-2476','2017-08-28 06:01:19','2017-10-19 13:45:28'),(127,'Alivia','Halvorson','arnulfo41@example.com','1-296-098-4004x33714','2013-08-12 03:10:48','2014-04-04 17:16:18'),(128,'Jadon','Kunde','bulah38@example.com','641-867-3467x94051','2011-04-21 02:37:58','2011-12-12 14:41:44'),(129,'Shanna','Hilpert','satterfield.bernice@example.com','1-237-298-1396','2013-06-15 00:31:44','2011-04-29 07:46:22'),(130,'London','Heller','mueller.shaylee@example.org','02504046395','2013-07-20 13:25:47','2015-04-05 19:59:46'),(131,'Andres','Kling','whitney.kuhn@example.org','627-063-7120x84189','2010-11-14 19:57:50','2020-02-02 21:07:48'),(132,'Carlotta','Reinger','hirthe.brennon@example.org','(640)122-0183','2018-09-22 01:14:48','2013-07-25 04:15:00'),(133,'Reta','Kuhic','louvenia29@example.net','(089)036-4396','2019-11-13 06:34:42','2013-09-05 23:39:07'),(134,'Joey','Sporer','thad.predovic@example.net','176.010.3508x666','2014-06-21 14:11:34','2017-10-03 19:32:00'),(135,'Britney','Jerde','kuvalis.fernando@example.net','(667)215-4818x8744','2014-06-05 21:23:53','2017-11-16 11:50:08'),(136,'Tracy','Schuster','dashawn.langworth@example.net','293.658.5923','2011-02-15 02:24:10','2010-05-25 10:42:05'),(137,'Violette','Beatty','leora26@example.org','(835)025-9749x56925','2018-10-05 15:23:45','2015-01-30 03:26:16'),(138,'Melvina','Huel','zoey12@example.org','(424)499-2233x399','2015-01-30 16:10:35','2019-11-04 11:00:46'),(139,'Carmela','Kihn','ubarrows@example.com','(164)845-1934x20886','2011-11-16 08:05:55','2013-01-22 15:11:53'),(140,'Humberto','Schimmel','yost.alyce@example.com','560-907-7975','2016-08-12 08:47:29','2013-12-19 14:44:25'),(141,'Javon','Murphy','rgraham@example.org','(373)213-2573','2014-03-14 23:05:17','2016-04-22 17:52:38'),(142,'Bradly','Spencer','wisoky.brooklyn@example.org','726.010.0701','2019-02-09 00:54:25','2010-11-27 02:48:55'),(143,'Joanie','Hagenes','lmcdermott@example.net','1-429-736-5989','2015-03-07 20:54:06','2012-02-26 19:43:35'),(144,'Gustave','Kshlerin','vincenzo49@example.net','+79(5)3243775153','2013-01-19 09:04:22','2016-05-10 00:57:45'),(145,'Yvonne','Lakin','wendell.klocko@example.com','393.488.6672','2012-06-02 10:13:10','2011-12-01 23:03:05'),(146,'Alfred','Jaskolski','qcartwright@example.com','1-289-566-1793x780','2011-01-18 12:15:09','2019-03-05 05:42:59'),(147,'Anabel','Smitham','trycia.runte@example.com','(513)253-8470','2015-05-21 07:57:14','2016-05-29 21:30:32'),(148,'Mariela','Marvin','ncole@example.net','+33(7)1746930469','2017-09-12 18:54:42','2016-05-07 02:11:59'),(149,'Brianne','Lind','wbernhard@example.com','719.461.7506','2014-10-31 14:55:09','2017-02-22 14:45:46'),(150,'Katherine','Strosin','tillman.veronica@example.org','06097325038','2012-02-28 09:40:43','2011-01-07 07:35:51'),(151,'Brennan','Hackett','prohaska.candelario@example.org','680.815.9743','2010-10-22 11:40:40','2017-02-09 19:48:45'),(152,'Lee','O\'Conner','oberbrunner.emory@example.net','697-635-2336x237','2015-02-18 14:38:02','2014-04-04 06:40:48'),(153,'Jovanny','Crooks','elubowitz@example.net','(465)245-1586','2019-10-15 14:20:26','2015-04-01 11:38:37'),(154,'Leonie','Gutkowski','hassan56@example.net','1-767-515-5221','2018-11-09 15:50:23','2018-09-22 07:37:01'),(155,'Myra','Kohler','judge06@example.net','087.756.6797','2018-10-07 23:02:45','2017-11-30 19:05:08'),(156,'Bo','Pouros','doyle.ahmad@example.net','146-937-1204x615','2010-05-11 04:27:30','2010-11-15 20:53:46'),(157,'Destin','Nolan','pollich.garth@example.net','1-575-281-1964x714','2015-02-08 08:00:00','2013-10-11 19:01:05'),(158,'Viviane','Kuvalis','waino59@example.org','123.563.6781x76052','2019-06-07 12:33:35','2012-05-05 07:13:15'),(159,'Claudie','Dicki','alanis91@example.org','066.370.2836x7139','2017-10-11 04:04:18','2011-04-09 05:01:29'),(160,'Melody','Turcotte','jschinner@example.net','142-018-8886x04811','2015-02-02 04:00:23','2014-09-29 18:52:44'),(161,'Aida','Batz','johnson.lura@example.com','1-012-139-3768','2010-08-16 13:16:04','2012-06-22 03:48:27'),(162,'Leola','Jakubowski','fhoppe@example.com','396.147.3128','2012-08-22 18:42:49','2011-03-06 17:26:44'),(163,'Elsa','Keebler','bergstrom.amari@example.org','05334290447','2015-07-06 13:14:36','2017-11-13 10:01:40'),(164,'River','Reichel','henderson44@example.com','415.446.2941','2014-09-02 19:43:43','2018-07-30 21:29:35'),(165,'Krystal','Rohan','isabell.doyle@example.org','(391)670-7692','2014-03-09 05:00:01','2016-12-06 10:45:36'),(166,'Roberto','Ziemann','hillard.reilly@example.com','1-306-127-1188','2016-08-21 21:42:05','2019-08-21 13:56:45'),(167,'Rodrigo','Reilly','sonya.dickens@example.net','248-439-9640x7281','2010-07-04 11:25:37','2016-04-21 11:19:52'),(168,'Idell','Frami','bahringer.kian@example.com','(936)132-2130x84960','2019-06-16 18:19:42','2013-04-10 06:23:58'),(169,'Nya','Murazik','rmohr@example.net','00276159067','2013-03-14 04:25:24','2017-02-07 12:14:35'),(170,'Ignatius','Leffler','fabernathy@example.org','1-377-550-7221x58863','2017-06-10 18:28:17','2011-10-10 04:25:38'),(171,'Greyson','Luettgen','goldner.aracely@example.com','1-884-855-6491','2013-10-22 20:29:02','2016-06-05 09:07:54'),(172,'Myriam','Schoen','zwyman@example.net','035-814-0869x84610','2012-10-26 15:35:34','2014-12-27 16:32:38'),(173,'Floy','Schulist','ujacobs@example.com','(997)696-2257x13346','2015-11-13 15:11:45','2015-05-30 02:36:03'),(174,'Julio','Heathcote','condricka@example.net','(243)613-1156x5022','2012-07-15 18:38:04','2017-10-31 12:00:41'),(175,'Shannon','Weissnat','zechariah.conroy@example.com','1-203-642-3608x43214','2015-09-06 07:00:00','2014-12-17 13:49:30'),(176,'Teagan','Kunze','will.margret@example.com','468.565.8771x1103','2010-05-02 19:03:36','2015-10-12 04:50:49'),(177,'Amya','Runte','erling44@example.net','09697921632','2017-11-14 16:57:06','2019-09-20 21:18:31'),(178,'Gayle','Mills','iemmerich@example.org','804.838.3176','2010-08-14 20:41:18','2010-11-09 00:38:56'),(179,'Winnifred','Jacobson','hdietrich@example.org','205-232-5610','2011-03-17 12:30:51','2013-07-03 03:47:49'),(180,'Randal','Schimmel','dina85@example.com','(437)877-5794x50437','2015-09-04 10:42:56','2011-10-20 07:33:33'),(181,'Grace','Stanton','botsford.zachary@example.org','1-333-169-0494','2016-03-19 01:59:50','2017-02-25 17:34:23'),(182,'Raymundo','Cartwright','kolby.kub@example.org','+15(5)3742918973','2018-06-10 02:08:37','2014-03-09 13:18:38'),(183,'Hilma','Breitenberg','nwyman@example.net','1-662-443-8342x115','2017-06-16 08:36:40','2013-05-17 05:39:55'),(184,'Missouri','Mohr','zion60@example.com','(745)680-9922x50219','2015-12-02 21:08:23','2014-09-18 14:09:05'),(185,'Sydni','Hills','marcus.runolfsdottir@example.org','(006)869-7293','2019-11-11 10:51:31','2019-12-23 20:56:27'),(186,'Vicky','Tillman','zoie65@example.org','897-656-5584','2014-10-16 22:20:09','2018-04-15 12:15:43'),(187,'Kiara','Boyle','jhettinger@example.net','778.375.6741x1721','2013-04-01 22:56:41','2014-02-18 11:07:42'),(188,'Bria','Bogan','florence49@example.com','539.090.2017','2011-09-22 13:21:45','2019-03-24 17:04:44'),(189,'Joel','Dach','herman.batz@example.net','723.998.5396','2019-04-15 15:57:47','2012-12-19 05:35:50'),(190,'Isidro','Bradtke','june09@example.net','094.520.9711','2010-04-17 11:26:10','2012-05-25 12:20:52'),(191,'Alex','Heller','charlene.sauer@example.com','+83(8)7246017356','2010-10-08 16:50:28','2011-12-09 11:38:10'),(192,'Laron','Koch','regan31@example.com','506-739-5935','2018-05-06 08:34:23','2017-05-12 06:19:12'),(193,'Suzanne','Brown','wanda28@example.com','607.456.9394x593','2018-10-03 00:25:07','2011-09-10 20:48:04'),(194,'Arlo','Simonis','deborah.pouros@example.net','1-468-498-1329','2016-05-30 20:28:31','2016-10-02 21:27:44'),(195,'Andreane','Hintz','laverna.bogan@example.org','565.625.9285x9524','2011-11-09 10:41:03','2017-01-08 06:00:30'),(196,'Zack','Rosenbaum','quigley.cora@example.com','(843)861-2658x403','2017-01-04 21:49:05','2018-10-05 03:03:14'),(197,'Ike','Heathcote','abshire.arno@example.org','+58(6)0874349694','2020-02-27 08:15:34','2013-07-10 03:32:30'),(198,'Lucas','Bernhard','labadie.ephraim@example.org','455.865.9811','2014-10-15 19:29:06','2010-08-27 00:30:09'),(199,'Joshuah','Ratke','adams.lonzo@example.com','(754)980-3946x095','2013-06-29 13:59:11','2015-08-12 21:58:29'),(200,'Dee','Hilll','jonatan27@example.org','(316)412-2840x00467','2018-07-06 16:00:39','2019-07-27 22:42:50');
/*!40000 ALTER TABLE `users` ENABLE KEYS */;
UNLOCK TABLES;
/*!50003 SET @saved_cs_client      = @@character_set_client */ ;
/*!50003 SET @saved_cs_results     = @@character_set_results */ ;
/*!50003 SET @saved_col_connection = @@collation_connection */ ;
/*!50003 SET character_set_client  = utf8mb4 */ ;
/*!50003 SET character_set_results = utf8mb4 */ ;
/*!50003 SET collation_connection  = utf8mb4_0900_ai_ci */ ;
/*!50003 SET @saved_sql_mode       = @@sql_mode */ ;
/*!50003 SET sql_mode              = 'STRICT_TRANS_TABLES,NO_ZERO_IN_DATE,NO_ZERO_DATE,ERROR_FOR_DIVISION_BY_ZERO,NO_ENGINE_SUBSTITUTION' */ ;
DELIMITER ;;
/*!50003 CREATE*/ /*!50017 DEFINER=`root`@`localhost`*/ /*!50003 TRIGGER `users_log` AFTER INSERT ON `users` FOR EACH ROW BEGIN
	INSERT INTO logs (table_name, table_id, creted_at)
	  VALUES
	  ('users', NEW.id, NEW.created_at);
END */;;
DELIMITER ;
/*!50003 SET sql_mode              = @saved_sql_mode */ ;
/*!50003 SET character_set_client  = @saved_cs_client */ ;
/*!50003 SET character_set_results = @saved_cs_results */ ;
/*!50003 SET collation_connection  = @saved_col_connection */ ;

--
-- Dumping events for database 'airbnb'
--

--
-- Dumping routines for database 'airbnb'
--

--
-- Final view structure for view `ads_for_users`
--

/*!50001 DROP VIEW IF EXISTS `ads_for_users`*/;
/*!50001 SET @saved_cs_client          = @@character_set_client */;
/*!50001 SET @saved_cs_results         = @@character_set_results */;
/*!50001 SET @saved_col_connection     = @@collation_connection */;
/*!50001 SET character_set_client      = utf8mb4 */;
/*!50001 SET character_set_results     = utf8mb4 */;
/*!50001 SET collation_connection      = utf8mb4_0900_ai_ci */;
/*!50001 CREATE ALGORITHM=UNDEFINED */
/*!50013 DEFINER=`root`@`localhost` SQL SECURITY DEFINER */
/*!50001 VIEW `ads_for_users` AS select `ads`.`id` AS `id`,`ads`.`user_id` AS `host_id`,concat(`users`.`first_name`,' ',`users`.`last_name`) AS `host_fullname`,`ads`.`heading` AS `heading`,concat(`countries`.`name`,', ',`cities`.`name`,', ',`ads`.`street`,', ',`ads`.`house_number`,', ',`ads`.`apartment_number`) AS `address`,`houses_types`.`name` AS `house_type`,`ads`.`price` AS `price`,`ads`.`check_in` AS `check_in`,`ads`.`checkout` AS `checkout`,`ads`.`updated_at` AS `free_from` from ((((`ads` left join `cities` on((`cities`.`id` = `ads`.`city_id`))) left join `countries` on((`countries`.`id` = `ads`.`country_id`))) left join `houses_types` on((`houses_types`.`id` = `ads`.`house_type_id`))) left join `users` on((`users`.`id` = `ads`.`user_id`))) where (`ads`.`is_active` = true) */;
/*!50001 SET character_set_client      = @saved_cs_client */;
/*!50001 SET character_set_results     = @saved_cs_results */;
/*!50001 SET collation_connection      = @saved_col_connection */;

--
-- Final view structure for view `profiles_data`
--

/*!50001 DROP VIEW IF EXISTS `profiles_data`*/;
/*!50001 SET @saved_cs_client          = @@character_set_client */;
/*!50001 SET @saved_cs_results         = @@character_set_results */;
/*!50001 SET @saved_col_connection     = @@collation_connection */;
/*!50001 SET character_set_client      = utf8mb4 */;
/*!50001 SET character_set_results     = utf8mb4 */;
/*!50001 SET collation_connection      = utf8mb4_0900_ai_ci */;
/*!50001 CREATE ALGORITHM=UNDEFINED */
/*!50013 DEFINER=`root`@`localhost` SQL SECURITY DEFINER */
/*!50001 VIEW `profiles_data` AS select `ads`.`id` AS `id`,concat(`users`.`first_name`,' ',`users`.`last_name`) AS `fullname`,`profile_types`.`name` AS `profile_type`,`reviews`.`body` AS `review_body`,concat(`countries`.`name`,', ',`cities`.`name`) AS `from`,`users`.`created_at` AS `since` from (((((((`profiles` left join `users` on((`profiles`.`user_id` = `users`.`id`))) left join `cities` on((`profiles`.`city_id` = `cities`.`id`))) left join `countries` on((`profiles`.`country_id` = `countries`.`id`))) left join `media` on((`media`.`id` = `profiles`.`photo_id`))) left join `ads` on((`ads`.`user_id` = `profiles`.`user_id`))) left join `reviews` on((`reviews`.`ad_id` = `ads`.`id`))) left join `profile_types` on((`profiles`.`profile_type` = `profile_types`.`id`))) where (`ads`.`id` is not null) */;
/*!50001 SET character_set_client      = @saved_cs_client */;
/*!50001 SET character_set_results     = @saved_cs_results */;
/*!50001 SET collation_connection      = @saved_col_connection */;
/*!40103 SET TIME_ZONE=@OLD_TIME_ZONE */;

/*!40101 SET SQL_MODE=@OLD_SQL_MODE */;
/*!40014 SET FOREIGN_KEY_CHECKS=@OLD_FOREIGN_KEY_CHECKS */;
/*!40014 SET UNIQUE_CHECKS=@OLD_UNIQUE_CHECKS */;
/*!40101 SET CHARACTER_SET_CLIENT=@OLD_CHARACTER_SET_CLIENT */;
/*!40101 SET CHARACTER_SET_RESULTS=@OLD_CHARACTER_SET_RESULTS */;
/*!40101 SET COLLATION_CONNECTION=@OLD_COLLATION_CONNECTION */;
/*!40111 SET SQL_NOTES=@OLD_SQL_NOTES */;

-- Dump completed on 2020-03-27 21:58:38
